Category,URL,Filename,Resolution
Apple,https://healthjade.com/wp-content/uploads/2017/10/apple-fruit.jpg,Image_1.jpeg,4928x3264
Apple,https://images.pexels.com/photos/102104/pexels-photo-102104.jpeg?cs=srgb&amp;dl=food-apple-fruit-102104.jpg&amp;fm=jpg,Image_10.jpg,1782x1310
Apple,https://www.wallpaperflare.com/static/947/293/305/pple-leaves-tail-slice-wallpaper.jpg,Image_11.jpg,1707x2560
Apple,https://images.heb.com/is/image/HEBGrocery/000377503-1?$article-235-square$,Image_12.jpg,3504x2336
Apple,https://get.pxhere.com/photo/apple-plant-fruit-sweet-ripe-bowl-food-red-produce-natural-fresh-juicy-healthy-snack-delicious-freshness-red-apple-nutrition-single-tasty-apples-diet-vitamins-flowering-plant-rose-family-land-plant-frutti-di-bosco-bowl-of-apples-833795.jpg,Image_13.png,1690x2105
Apple,https://www.mashed.com/img/gallery/popular-types-of-apples-and-what-theyre-used-for/l-intro-1634566536.jpg,Image_14.jpg,5472x3648
Apple,https://images.pexels.com/photos/588587/pexels-photo-588587.jpeg?cs=srgb&amp;dl=apple-blur-bright-588587.jpg&amp;fm=jpg,Image_15.png,1200x1200
Apple,https://i0.wp.com/www.theayurveda.org/wp-content/uploads/2015/08/Apple-fruit.jpg?fit=2880%2C1800&amp;ssl=1,Image_16.jpg,1600x1062
Apple,https://www.farmersalmanac.com/wp-content/uploads/2020/11/Adocortland_apples-as225320764.jpeg,Image_17.jpg,1920x1080
Apple,https://cff2.earth.com/uploads/2019/06/19132041/How-the-apple-became-such-a-ubiquitous-iconic-fruit-across-the-globe.jpg,Image_18.jpg,1600x1200
Apple,http://images5.fanpop.com/image/photos/31100000/apples-fruit-31188668-1707-2560.jpg,Image_19.jpg,1920x1200
Apple,https://images.creativemarket.com/0.1.0/ps/7573288/1820/2097/m1/fpnw/wm1/lajfx3b9kpzaswmwqfbjujfrtlhhik0koznfm5lmnnmv1jvxunbdq1s1pnnjsaye-.jpg?1578827319&amp;s=104af3cc6109eb777f3f518f776d8165,Image_2.jpg,1500x1749
Apple,https://i0.wp.com/www.pineconecottageretreat.com/wp-content/uploads/Depositphotos_3830886_xl-2015.jpg?fit=3504%2C2336&amp;ssl=1,Image_20.jpg,1297x1541
Apple,https://freepngimg.com/thumb/apple_fruit/24454-5-apple-fruit-transparent-image.png,Image_21.jpg,2000x3556
Apple,https://get.pxhere.com/photo/apple-plant-fruit-food-green-produce-fresh-healthy-snack-vitamin-nutrition-fruits-vegetarian-apples-raw-liqueur-diet-organic-flowering-plant-rose-family-slimming-fruit-salad-granny-smith-land-plant-manzana-verde-999971.jpg,Image_22.png,1437x1052
Apple,https://png.pngtree.com/png-clipart/20230126/original/pngtree-fresh-red-apple-png-image_8930987.png,Image_23.jpg,1600x1200
Apple,https://idsb.tmgrup.com.tr/ly/uploads/images/2020/05/13/thumbs/800x531/35552.jpg,Image_24.jpg,1920x1280
Apple,https://wallpaperaccess.com/full/1351681.jpg,Image_25.png,2310x2130
Apple,https://www.gardeningknowhow.com/wp-content/uploads/2021/07/red-apple-fruit.jpg,Image_26.jpg,1920x1200
Apple,https://wallpaperaccess.com/full/1151801.jpg,Image_27.jpg,3968x4496
Apple,https://jooinn.com/images/red-apple-fruit-1.jpg,Image_28.png,1200x1200
Apple,https://i.pinimg.com/originals/0d/37/89/0d378911c3837ff3eb579d8f894860ca.jpg,Image_29.jpg,962x1000
Apple,https://www.pngkey.com/png/full/932-9328480_apples-png-image-red-apple-fruit.png,Image_3.jpeg,2827x2827
Apple,https://4.bp.blogspot.com/-op_n4eAEsf0/WS7xH8wmY6I/AAAAAAAACSU/KAIb4htTyXYSYg6lXwNp-1Qo3E7DW67AgCLcB/s1600/apple-fruit_www.fruitsname.com_.jpg,Image_30.jpg,2560x1600
Apple,https://images2.alphacoders.com/719/thumb-1920-719435.jpg,Image_31.jpg,1024x768
Apple,https://i.pinimg.com/originals/c4/d9/ee/c4d9eefa0d4136938ed03c7359286f7a.png,Image_32.jpg,1024x768
Apple,https://wallpapercave.com/wp/wp2723042.jpg,Image_33.jpg,2835x2835
Apple,http://clipart-library.com/images/rTjrpjeyc.jpg,Image_34.jpg,2128x1409
Apple,https://png.pngtree.com/png-clipart/20230126/original/pngtree-red-fresh-apple-fruit-png-image_8931168.png,Image_35.jpg,2125x1411
Apple,https://as1.ftcdn.net/v2/jpg/01/76/97/96/1000_F_176979696_hqfioFYq7pX13dmiu9ENrpsHZy1yM3Dt.jpg,Image_36.jpg,1200x1200
Apple,http://www.foodrepublic.com/wp-content/uploads/2013/09/glamorous-assorted-apples-pictures-hd-wallpaper-hd-pictures.jpg,Image_37.jpg,1600x1548
Apple,http://2.bp.blogspot.com/-M_Vmb930MtQ/T7pF_Pyx5bI/AAAAAAAABMM/Q_VtD-ILbig/s1600/apple2.jpg,Image_38.jpg,1280x1600
Apple,http://images1.fanpop.com/images/image_uploads/Apples-fruit-1201901_1024_768.jpg,Image_39.jpg,1920x1282
Apple,https://images.heb.com/is/image/HEBGrocery/001511184-1?$article-235-square$,Image_4.jpg,4778x3402
Apple,"https://www.thespruce.com/thmb/LKeSW6Q_ZnOf5OZYH49yoAEBpes=/2128x1409/filters:fill(auto,1)/apple-tree-closeup-big-59430cd45f9b58d58aba34a1.jpg",Image_40.jpg,3456x4608
Apple,"https://www.thespruce.com/thmb/d5XwbXpnRDcJQ4Tpl0bs9YN1F2Q=/2125x1411/filters:fill(auto,1)/GettyImages-88379634-50645b2ef0554f33af0a93478edda907.jpg",Image_41.jpg,649x1000
Apple,https://www.familyhandyman.com/wp-content/uploads/2020/04/GettyImages-761604597.jpg,Image_42.jpg,5500x3670
Apple,https://thumbs.dreamstime.com/z/chinese-apple-tree-small-apples-heavenly-apples-close-up-autumn-beautiful-chinese-apple-tree-small-apples-heavenly-128953386.jpg,Image_43.jpg,1600x1067
Apple,https://cdn.britannica.com/77/76377-050-29C2322A/Apples-tree.jpg,Image_44.jpg,700x525
Apple,https://www.plants-wallpapers.com/plant/trees-apples-apple-orchard.jpg,Image_45.jpg,1024x704
Apple,https://get.pxhere.com/photo/apple-plant-fruit-flower-orchard-ripe-food-red-produce-healthy-shrub-fruits-vitamins-frisch-apple-tree-rose-hip-flowering-plant-rose-family-acerola-malpighia-apple-variety-boskop-boskoop-leather-apples-rennet-culture-of-apple-land-plant-rose-order-chinese-hawthorn-schisandra-red-boskoop-winter-apples-891514.jpg,Image_46.jpg,1600x1060
Apple,http://ornamental-trees.co.uk/images/products/zoom/1278594462-37701500.jpg,Image_47.jpg,2560x1691
Apple,https://i.pinimg.com/736x/46/59/10/465910dfb32ce73e94f211582fd257cd.jpg,Image_48.jpg,5750x3825
Apple,https://www.thespruce.com/thmb/YwfgJC7Jt3fH78P-Zy0FCSrUet4=/5500x3670/filters:no_upscale():max_bytes(150000):strip_icc()/dwarf-fruit-trees-4588521-01-5dd100fb457a4bc8b3491fb7c54ad3b3.jpg,Image_49.jpg,1600x1200
Apple,http://static1.squarespace.com/static/548b6971e4b0af3bfe38cd6f/t/56a7d76c42f5526d030146c8/1462916503492/Fruit-Tree-Apple-Tree.jpg,Image_5.jpg,2342x2342
Apple,http://wallsdesk.com/wp-content/uploads/2018/04/Apple-tree-Pictures.jpg,Image_50.jpg,1600x1200
Apple,http://treepicturesonline.com/apple-tree-image.jpg,Image_6.jpg,3264x4928
Apple,https://www.tahlequahlawncare.com/wp-content/uploads/2022/09/Apple-Trees.jpg,Image_7.jpg,1600x900
Apple,http://fillyourplate.org/blog/wp-content/uploads/2014/08/bigstock-Ripe-apples-on-the-tree-51573631.jpg,Image_8.jpeg,4000x3000
Apple,https://www.skh.com/wp-content/uploads/2022/03/shutterstock_1798373137-min-1-scaled.jpg,Image_9.jpg,2880x1800
Banana,https://static.fanpage.it/wp-content/uploads/sites/22/2018/06/istock-162487071.jpg,Image_1.jpg,2800x1860
Banana,http://www.infoescola.com/wp-content/uploads/2010/04/banana_600797891.jpg,Image_10.jpg,1200x800
Banana,https://get.pxhere.com/photo/plant-fruit-food-produce-yellow-banana-mature-flowering-plant-banana-da-terra-land-plant-banana-family-cooking-plantain-bunch-of-bananas-1294883.jpg,Image_11.jpg,1080x1080
Banana,https://get.pxhere.com/photo/plant-fruit-food-produce-tropical-market-banana-health-power-bananas-flowering-plant-cultivated-banana-land-plant-banana-family-cooking-plantain-1049862.jpg,Image_12.jpg,1920x1503
Banana,https://wallup.net/wp-content/uploads/2017/11/23/438223-bananas-fruit-food.jpg,Image_13.jpg,820x820
Banana,https://cdn.pixabay.com/photo/2017/03/01/16/34/banana-2109006_960_720.jpg,Image_14.jpg,1200x630
Banana,https://c8.alamy.com/comp/PRFTN4/bunch-of-fresh-ripe-banana-fruits-isolated-on-white-background-PRFTN4.jpg,Image_15.jpg,1920x1479
Banana,https://healthjade.com/wp-content/uploads/2017/09/banana.jpg,Image_16.jpg,1315x1024
Banana,https://www.schoolphotoproject.com/_picture-of-fruits/green-banana-photo2-l.jpg,Image_17.jpg,600x900
Banana,https://c.pxhere.com/photos/17/2b/bananas_fruits_fruit_healthy_yellow_banana_peel_ripe_nature-498833.jpg!d,Image_18.jpg,2560x3839
Banana,http://mymodernmet.com/wp/wp-content/uploads/2016/12/isteef-banana-art-2.jpg,Image_19.jpg,1200x675
Banana,https://images.joseartgallery.com/71672/conversions/still-life-painting-banana-painting-food-art-thumb1920.jpg,Image_2.jpg,2500x1675
Banana,https://images.indianexpress.com/2017/12/isteef_alphons_mucha.jpg,Image_20.jpg,1920x1920
Banana,https://www.demilked.com/magazine/wp-content/uploads/2015/02/food-art-banana-stephan-brusche-fb.jpg,Image_21.jpg,735x1103
Banana,https://images.joseartgallery.com/74607/conversions/still-life-painting-banana-original-art-thumb1920.jpg,Image_22.JPG,1600x1200
Banana,https://wentbananas.com/wp-content/uploads/2020/08/banana-ideas-1920x1495.jpg,Image_23.jpg,2000x1333
Banana,https://images.fineartamerica.com/images-medium-large-5/banana-pop-art-jean-luc-comperat.jpg,Image_24.jpg,5703x4143
Banana,https://assets.vogue.in/photos/5df08d236ffadb00085fb20c/2:3/w_2560%2Cc_limit/01-%252010492891h.jpg,Image_25.png,2400x2323
Banana,https://i.dailymail.co.uk/1s/2024/11/24/13/92324459-0-image-a-1_1732454711691.jpg,Image_26.jpg,5669x3780
Banana,https://static.vecteezy.com/system/resources/previews/007/725/542/original/yellow-banana-drawing-cartoon-artwork-vector.jpg,Image_27.jpg,2048x1061
Banana,https://static01.nyt.com/images/2024/11/20/multimedia/20auction-bananA-01-kzgj/20auction-bananA-01-kzgj-verticalTwoByThree735.jpg,Image_28.jpg,4169x3244
Banana,https://4.bp.blogspot.com/_wcFGoXsMT-U/S8wt1S6oX8I/AAAAAAAAAAo/SnPDhv6Zyw0/s1600/Art+Bananas+012.JPG,Image_29.jpg,1462x1690
Banana,https://nypost.com/wp-content/uploads/sites/2/2023/05/NYPICHPDPICT000010428608.jpg?quality=75&amp;strip=all,Image_3.jpg,4326x3351
Banana,https://static.vecteezy.com/system/resources/previews/001/541/072/original/bunch-of-bananas-cartoon-style-isolated-on-white-background-free-vector.jpg,Image_30.jpg,1920x1432
Banana,https://i.pinimg.com/originals/9a/d1/82/9ad18255da76babbde3db2acd5e65298.png,Image_31.jpg,1450x2144
Banana,https://static.vecteezy.com/system/resources/previews/000/515/864/original/bananas-vector-illustration.jpg,Image_32.jpg,1200x630
Banana,https://www.thevintagenews.com/wp-content/uploads/2019/12/pjimage-75.jpg,Image_33.jpg,650x860
Banana,http://clipart-library.com/images/8TzKq9qpc.jpg,Image_34.jpg,2003x1502
Banana,https://thumbs.dreamstime.com/z/cartoon-bananas-bundle-vector-clip-art-illustration-simple-gradients-all-single-layer-76537191.jpg,Image_35.jpg,1200x1200
Banana,https://static.vecteezy.com/system/resources/previews/001/929/225/large_2x/bunch-of-bananas-isolated-on-white-background-free-vector.jpg,Image_36.jpg,800x600
Banana,https://www.onlyfoods.net/wp-content/uploads/2020/08/Types-of-Banana.jpg,Image_37.jpg,3775x2511
Banana,https://balconygardenweb.b-cdn.net/wp-content/uploads/2020/04/A-Guide-to-17-Different-Types-of-Bananas2.jpg,Image_38.jpg,640x426
Banana,https://www.liveeatlearn.com/wp-content/uploads/2023/08/Types-Of-Bananas-650x860.jpg,Image_39.jpg,2091x1436
Banana,https://www.thespruceeats.com/thmb/TSILXJvjNaItoFBPE01pR046uTA=/2003x1502/filters:no_upscale():max_bytes(150000):strip_icc()/DifferentBananas-56fb61d95f9b58298681b726.jpg,Image_4.jpg,4608x3072
Banana,https://www.butter-n-thyme.com/wp-content/uploads/2022/12/Types-of-Bananas.jpg,Image_40.jpg,5412x3670
Banana,https://northernnester.com/wp-content/uploads/2020/11/banana-varieties.jpg,Image_41.jpg,850x637
Banana,https://www.thespruceeats.com/thmb/v367onY5Zqgy2TyntTz529Fh-6w=/3775x0/filters:no_upscale():max_bytes(150000):strip_icc()/Cooking-Bananas-578fd68c3df78c09e97422a4.jpg,Image_42.jpeg,1024x1024
Banana,https://revemx.com/wp-content/uploads/2024/03/100-Different-Types-of-Banana-Varieties-in-The-World.webp,Image_43.jpg,1600x1157
Banana,https://krishijagran.com/media/4029/varities-banana.jpg,Image_44.jpg,2498x1978
Banana,https://www.thespruceeats.com/thmb/1sZmW8FmfIE4ZPEPyRUyd5jO6y8=/2091x0/filters:no_upscale():max_bytes(150000):strip_icc()/AppleBananas-56fb5fca3df78c7841a5963b.jpg,Image_45.jpg,1131x927
Banana,https://www.thespruceeats.com/thmb/qHoGpvI8JL4tunltEQmouoRne_M=/5412x0/filters:no_upscale():max_bytes(150000):strip_icc()/lady-s-finger-bananas-in-bowl-on-banana-leaves-126553018-5b16e356ba6177003df38712.jpg,Image_46.jpg,960x960
Banana,https://www.onlyfoods.net/wp-content/uploads/2020/08/Apple-Banana.jpg,Image_47.jpg,1600x1094
Banana,https://toptenfamous.com/wp-content/uploads/2021/05/AdobeStock_245734346.0-1024x1024.jpeg,Image_48.jpg,1254x836
Banana,https://thumbs.dreamstime.com/z/many-varieties-bananas-fruits-market-70285749.jpg,Image_49.jpg,1130x1132
Banana,https://www.thespruceeats.com/thmb/Z10vDgKTLGe9RiVmS_gvsqMi5hc=/2498x0/filters:no_upscale():max_bytes(150000):strip_icc()/bunch-of-bananas-on-cloth-sb10064386aq-001-5b16e41c04d1cf0037d4add7.jpg,Image_5.jpg,3150x2100
Banana,https://www.popoptiq.com/wp-content/uploads/2019/01/4-28-1-1.jpg,Image_50.jpg,1600x1065
Banana,https://pbs.twimg.com/media/EW9Dt52VAAI-Be3.jpg,Image_6.jpg,960x593
Banana,https://www.ifexconnect.com/assets/images/stories/masthead/large/83bb1c8e1a7654df8db943aeebffe0bf.jpg,Image_7.jpg,1300x1362
Banana,https://www.popoptiq.com/wp-content/uploads/2019/01/8-28-1-1.jpg,Image_8.jpg,1500x1125
Banana,http://australianbananas.com.au/files/images/ladyfinfers2.jpg,Image_9.jpg,2272x1704
Mango,http://www.modernthrill.com/wp-content/uploads/2015/06/Mangoes.jpg,Image_1.jpg,1536x916
Mango,https://media.istockphoto.com/photos/mango-picture-id529964085?k=6&amp;m=529964085&amp;s=612x612&amp;w=0&amp;h=pvpVxtWRPJU5051c6KNnBL-v3KqmBCNSWRQfMSW9FL4=,Image_10.png,900x623
Mango,https://cdn.britannica.com/05/75905-050-C7AE0733/Mangoes-tree.jpg,Image_11.jpg,800x600
Mango,https://foodprint.org/wp-content/uploads/2018/10/AdobeStock_116749966_1920x960_RFE.jpg,Image_12.jpg,2016x1512
Mango,https://www.gannett-cdn.com/-mm-/7cc8708fb3d2ff285b4c9ff38ae34d16c095d2ae/c=0-44-849-522/local/-/media/2015/08/18/PalmSprings/B9318468562Z.1_20150818140510_000_G8JBKOFRD.1-0.jpg?width=3200&amp;height=1680&amp;fit=crop,Image_13.jpg,800x1067
Mango,https://static.vecteezy.com/system/resources/previews/022/825/532/original/mango-fruit-mango-on-transparent-background-png.png,Image_14.jpg,800x1067
Mango,https://as1.ftcdn.net/v2/jpg/01/87/65/46/1000_F_187654684_ScVTIc0odtqtWsBLp0oTMprDvqTu9VQR.jpg,Image_15.jpg,2048x1075
Mango,https://c8.alamy.com/comp/2A0XJFT/isolated-mango-two-yellow-mango-fruit-hanging-on-a-tree-branch-isolated-on-white-background-with-clipping-path-2A0XJFT.jpg,Image_16.jpg,1280x1810
Mango,http://wallsdesk.com/wp-content/uploads/2017/01/Mango-Photos.jpg,Image_17.jpg,1920x1080
Mango,http://www.karimdavid.com/wp-content/uploads/2020/06/MANGO.jpg,Image_18.jpg,1240x1736
Mango,https://mangomaven.com/wp-content/uploads/2020/05/Keitt-1024x974.png,Image_19.jpg,2399x1600
Mango,https://www.butter-n-thyme.com/wp-content/uploads/2022/12/types-of-mango.jpg,Image_2.jpg,1600x1115
Mango,https://sukhis.com/app/uploads/2022/09/image3-900x623.png,Image_20.jpg,1600x1200
Mango,https://i.redd.it/tu3bklyvlxu41.jpg,Image_21.jpg,1200x900
Mango,https://northernnester.com/wp-content/uploads/2021/02/popular-types-of-mangoes.jpg,Image_22.jpg,5184x3456
Mango,https://tousgarden.com.au/wp-content/uploads/2020/08/70758736_2490461597657637_1069467305043296256.jpg,Image_23.jpg,1200x800
Mango,https://indiachronicles.com/wp-content/uploads/2020/06/mango-fruit-2.jpg,Image_24.jpg,3691x2462
Mango,https://indiachronicles.com/wp-content/uploads/2020/06/mango-fruit-3.jpg,Image_25.jpg,4206x2805
Mango,https://indsamachar.com/wp-content/uploads/2021/06/IMG_20210609_074338-2048x1075.jpg,Image_26.jpg,4338x2893
Mango,https://asian-recipe.com/wp-content/uploads/2022/07/Different-Types-Of-Mango-Varieties-With-Images-e1656935992404.jpg,Image_27.jpg,4255x2840
Mango,https://indiachronicles.com/wp-content/uploads/2022/05/best-mango-india.jpg,Image_28.jpg,1200x673
Mango,https://brookstropicals.com/wp-content/uploads/2019/06/varieties-1240x1736.jpg,Image_29.jpg,1504x1128
Mango,https://mangoking.com.au/blog/wp-content/uploads/2023/03/7xm.xyz314879.jpg,Image_3.jpg,1920x960
Mango,https://imgnew.outlookindia.com/public/uploads/articles/2019/6/1/mango.jpg,Image_30.jpg,1500x1034
Mango,http://1.bp.blogspot.com/-L6TKsMbUgpU/VUIkUrvTNVI/AAAAAAAAlNc/6nTz1tgY7r0/s1600/mango2.jpg,Image_31.jpg,2560x1707
Mango,https://static.toiimg.com/photo/69185542.cms,Image_32.jpg,1600x1200
Mango,https://www.frutasmontosa.com/en/wp-content/uploads/2018/03/mango_variedades_header.jpg,Image_33.jpg,1500x1000
Mango,https://s.yimg.com/uu/api/res/1.2/ld9Z9iKb0E0wIEj5jSkJsg--~B/aD0zNDU2O3c9NTE4NDtzbT0xO2FwcGlkPXl0YWNoeW9u/https://media-mbst-pub-ue1.s3.amazonaws.com/creatr-images/2020-04/94babd10-8134-11ea-abeb-f5f66c31c498,Image_34.jpg,1600x898
Mango,https://www.holidify.com/images/cmsuploads/compressed/shutterstock_1057927583_20190626141915.jpg,Image_35.jpg,2000x1333
Mango,https://www.thespruce.com/thmb/B8BmZ1HGWugUJ4HWULwI8qa-u8w=/3691x2462/filters:no_upscale():max_bytes(150000):strip_icc()/grow-mango-seeds-1902625-04-ad10ef4af2b34ca68c3bf240a04a3cff.jpg,Image_36.jpg,1600x1156
Mango,"https://www.thespruce.com/thmb/ztfZr7loyylN5Qc2a974Oy_dJbQ=/4206x2805/filters:fill(auto,1)/grow-mango-seeds-1902625-hero-f222c4c0a3ad4b24a70948ddcec9e5e6.jpg",Image_37.jpg,960x538
Mango,https://www.thespruce.com/thmb/3XBiGtfEHvwuwuzO5ZKpSMf61iQ=/4338x0/filters:no_upscale():max_bytes(150000):strip_icc()/grow-mango-seeds-1902625-05-73d31c720a0947cea796163d4d113869.jpg,Image_38.jpg,2000x2000
Mango,https://www.thespruce.com/thmb/uBKjn4COKmTSc0DCy6hbQmi4rDA=/4255x2840/filters:no_upscale():max_bytes(150000):strip_icc()/grow-mango-seeds-1902625-03-2feda35ea8d9402ab3be40dd4cdd0d5c.jpg,Image_39.jpg,964x964
Mango,https://png.pngtree.com/background/20230519/original/pngtree-mango-tree-with-ripe-fruit-on-it-picture-image_2665607.jpg,Image_4.png,1920x1920
Mango,https://www.lovethegarden.com/sites/default/files/content/articles/uk/mango-fruit-ready-for-harvesting.jpg,Image_40.jpg,5472x3648
Mango,"https://www.thespruce.com/thmb/9ovI0aMbhI_VhNu4IiQZVyYgXE8=/1500x1034/filters:fill(auto,1)/mango-tree-321075_1920-e385ec8cf0d140258aa1374ab51b0ea0.jpg",Image_41.jpg,1600x1068
Mango,https://harvesttotable.com/wp-content/uploads/2019/11/Mango-bigstock-Tropical-Mango-Tree-With-Big-R-288199537-scaled.jpg,Image_42.jpg,680x935
Mango,https://www.gardeningknowhow.com/wp-content/uploads/2012/05/mango.jpg,Image_43.jpg,600x900
Mango,https://www.marthastewart.com/thmb/Bw7s5LHfLDGezX_4jwzRXs1c5DM=/1500x0/filters:no_upscale():max_bytes(150000):strip_icc()/grow-mang-from-seed-getty-0723-aebdd875c4e141e2b5183f8f4bccda55.jpg,Image_44.jpg,1200x1800
Mango,https://www.housedigest.com/img/gallery/the-easiest-way-to-grow-a-mango-tree-from-seed/l-intro-1694215707.jpg,Image_45.jpg,3000x4500
Mango,https://img.freepik.com/premium-photo/cultivation-tropical-fruit-trees-mango-garden-generative-ai_971989-2760.jpg?w=2000,Image_46.jpg,1200x1566
Mango,https://thumbs.dreamstime.com/z/mango-tree-17752322.jpg,Image_47.png,1000x1500
Mango,https://png.pngtree.com/thumb_back/fw800/background/20230519/pngtree-mango-tree-on-a-farm-in-india-image_2577918.jpg,Image_48.jpg,2048x2048
Mango,https://img.freepik.com/premium-photo/mango-tree-full-mangoes_1020534-28.jpg?w=2000,Image_49.png,1000x1500
Mango,https://i.redd.it/57j80wqjtsx21.jpg,Image_5.jpg,1000x676
Mango,https://www.naturenursery.in/wp-content/uploads/2020/04/MANGO3.jpg,Image_50.png,1000x1500
Mango,https://get.pxhere.com/photo/mango-tree-nature-fruit-green-food-plant-fruit-tree-1455397.jpg,Image_6.jpg,1239x1390
Mango,https://positivebloom.com/wp-content/uploads/2022/05/mango-tree.jpg,Image_7.jpg,5093x3395
Mango,https://lmld.org/wp-content/uploads/2017/05/fresh-mango-salsa-3.jpg,Image_8.jpg,2172x1988
Mango,https://www.cookclickndevour.com/wp-content/uploads/2019/06/mango-salad-recipe.jpg,Image_9.jpg,1600x1200
Orange,https://images.pexels.com/photos/1937743/pexels-photo-1937743.jpeg?cs=srgb&amp;dl=bright-citrus-citrus-fruit-1937743.jpg&amp;fm=jpg,Image_1.jpg,1280x965
Orange,https://healthjade.com/wp-content/uploads/2017/10/orange-fruit.jpg,Image_10.jpg,5184x2914
Orange,https://media.ooreka.fr/public/image/orange_fruit_arbre_plante-source-12085669.jpg,Image_11.jpg,2272x1704
Orange,https://www.heythattastesgood.com/wp-content/uploads/2022/06/orange-fruits.jpg,Image_12.jpg,2074x1446
Orange,https://wallpapercave.com/wp/wp2293595.jpg,Image_13.jpg,4272x2848
Orange,https://www.wallpaperflare.com/static/568/991/763/oranges-citrus-fruits-fruit-fruits-wallpaper.jpg,Image_14.jpg,3872x2592
Orange,https://www.gardeningknowhow.com/wp-content/uploads/2021/08/Orange-fruits.jpg,Image_15.jpg,1620x1080
Orange,https://healthjade.com/wp-content/uploads/2017/10/Navel-oranges.jpg,Image_16.jpg,2220x1248
Orange,http://3.bp.blogspot.com/-tVoQ9O2IU_E/UDzWrWgr2TI/AAAAAAAAIZ8/ojl3vvQ-XV8/s1600/Orange+Fruits+Wallpapers+1.jpg,Image_17.jpg,1600x1200
Orange,https://cdn.britannica.com/24/174524-050-A851D3F2/Oranges.jpg,Image_18.jpg,1920x1200
Orange,https://www.wallpaperflare.com/static/568/497/158/orange-citrus-fruit-fruit-healthy-wallpaper.jpg,Image_19.jpg,1920x1200
Orange,https://www.schoolphotoproject.com/_picture-of-fruits/orange-fruit-photo-l.jpg,Image_2.jpeg,5280x3376
Orange,https://www.thespruce.com/thmb/Cj6X4Xgny76lbalT1PltIPOXdDI=/2074x1446/filters:no_upscale():max_bytes(150000):strip_icc()/Orangetree-GettyImages-652206996-2b9aca77dd8449fe8bd48f4192b97545.jpg,Image_20.jpg,4032x2581
Orange,https://prod-dovemed.s3.amazonaws.com/media/images/orange_fruit.original.jpg,Image_21.png,1307x1112
Orange,https://www.wallpaperflare.com/static/190/523/765/tangerines-oranges-fruit-leaves-wallpaper.jpg,Image_22.jpg,2560x1600
Orange,https://www.rd.com/wp-content/uploads/2017/12/01_oranges_Finally—Here’s-Which-“Orange”-Came-First-the-Color-or-the-Fruit_691064353_Lucky-Business.jpg,Image_23.png,1200x1200
Orange,http://images6.fanpop.com/image/photos/34500000/Orange-Fruit-orange-34512931-1620-1080.jpg,Image_24.jpg,1280x853
Orange,https://mealstudio.com/wp-content/uploads/2019/10/Orange-1.jpg,Image_25.png,2260x2175
Orange,https://wallpapercave.com/wp/wp2293578.jpg,Image_26.png,2305x2577
Orange,https://wallpapercave.com/wp/wp2293589.jpg,Image_27.png,1920x1920
Orange,https://wallpapercave.com/wp/wp2293471.jpg,Image_28.jpg,1600x1131
Orange,https://jooinn.com/images/orange-fruits-3.jpg,Image_29.jpg,3008x2000
Orange,https://purepng.com/public/uploads/large/purepng.com-orange-orangesorangefruitbitter-orangeorangesclip-art-1701527336951ldrwe.png,Image_3.jpg,1500x1125
Orange,https://wallpapercave.com/wp/wp2293518.jpg,Image_30.png,3678x3867
Orange,https://png.pngtree.com/png-clipart/20220620/original/pngtree-hand-drawn-delicious-orange-fruit-clipart-in-psd-and-png-png-image_8137237.png,Image_31.jpg,1024x748
Orange,https://wallpapercave.com/wp/wp2293522.jpg,Image_32.jpg,1024x805
Orange,http://www.pngall.com/wp-content/uploads/2016/05/Orange-Free-PNG-Image.png,Image_33.jpg,1600x1690
Orange,https://i.pinimg.com/originals/d4/b8/13/d4b8139a1419f06b699c94e34fa4f8a9.png,Image_34.jpg,800x800
Orange,https://static.vecteezy.com/system/resources/previews/022/825/521/original/orange-fruit-orange-on-transparent-background-png.png,Image_35.jpg,910x919
Orange,https://2.bp.blogspot.com/-BBL8AYimi1w/WlhSQfkPSmI/AAAAAAAAADM/1Ra60N3zxvAgt179RokFa6NY6TB9E_0fACEwYBhgL/s1600/orange.jpg,Image_36.png,707x720
Orange,https://i0.wp.com/www.theayurveda.org/wp-content/uploads/2015/10/Orange-fruits-on-tree.jpg,Image_37.png,980x980
Orange,https://purepng.com/public/uploads/large/purepng.com-orange-orangesorangefruitbitter-orangeorangesclip-art-1701527336574mtnk9.png,Image_38.jpg,800x534
Orange,https://oliveoilcorfu.gr/wp-content/uploads/2019/09/orange_fruit_future.jpg,Image_39.jpg,1000x1000
Orange,https://static8.depositphotos.com/1020804/884/i/950/depositphotos_8840885-stock-photo-orange-fruits-on-a-white.jpg,Image_4.jpg,5267x3744
Orange,https://thumbs.dreamstime.com/z/slice-orange-citrus-fruit-isolated-white-top-view-ripe-background-clipping-path-132027465.jpg,Image_40.jpg,1600x1446
Orange,https://thumbs.dreamstime.com/b/orange-fruit-slice-29295851.jpg,Image_41.jpg,1367x1690
Orange,https://c1.wallpaperflare.com/preview/281/484/1020/orange-slice-juice-vitamin.jpg,Image_42.jpg,800x788
Orange,https://cdn.pixabay.com/photo/2016/03/03/17/15/fruit-1234657_960_720.png,Image_43.jpg,2000x1393
Orange,https://static.vecteezy.com/system/resources/previews/022/648/242/non_2x/orange-fruit-slice-isolated-on-transparent-background-png.png,Image_44.jpg,1000x774
Orange,https://thumbs.dreamstime.com/b/slice-orange-fruit-isolated-slice-orange-fruit-isolated-white-background-86257862.jpg,Image_45.jpg,1300x1103
Orange,https://as1.ftcdn.net/v2/jpg/02/59/30/30/1000_F_259303005_ffaQQAKTXksbVhvwhRUvZ5Y6yylhEdsk.jpg,Image_46.jpg,1261x1390
Orange,http://publicdomainpictures.net/pictures/60000/velka/slice-of-orange-fruit-1381087469pRM.jpg,Image_47.jpg,800x591
Orange,https://thumbs.dreamstime.com/z/collection-orange-slices-four-different-angle-fruit-slice-isolated-white-background-clipping-path-fresh-raw-133570896.jpg,Image_48.jpg,1300x956
Orange,https://thumbs.dreamstime.com/z/orange-fruit-slice-isolated-perfectly-retouched-orange-fruit-slice-isolated-white-background-clipping-path-one-115607719.jpg,Image_49.jpg,3480x1960
Orange,https://thumbs.dreamstime.com/b/orange-fruit-slice-close-up-isolated-white-background-42069400.jpg,Image_5.jpg,4896x3264
Orange,https://img.freepik.com/premium-photo/orange-fruit-slice-isolated-white_319514-5782.jpg?w=2000,Image_50.jpg,1200x1686
Orange,https://as1.ftcdn.net/v2/jpg/04/04/65/10/1000_F_404651016_q3Udi7h6I2iHmZSsQhP77anHaQJD4gcl.jpg,Image_6.jpg,1600x1200
Orange,https://c8.alamy.com/comp/M1B7MJ/half-and-slice-of-fresh-orange-fruit-isolated-on-white-background-M1B7MJ.jpg,Image_7.jpg,1500x1391
Orange,https://c8.alamy.com/comp/KW1JBG/orange-fruit-slice-KW1JBG.jpg,Image_8.jpg,1600x1200
Orange,https://thumbs.dreamstime.com/b/orange-fruit-slice-29295990.jpg,Image_9.jpg,1600x1064
Grapes,https://images.pexels.com/photos/708777/pexels-photo-708777.jpeg?cs=srgb&amp;dl=bunch-cluster-delicious-708777.jpg&amp;fm=jpg,Image_1.jpeg,4001x2667
Grapes,https://pixnio.com/free-images/2017/10/31/2017-10-31-12-01-55.jpg,Image_10.jpg,1200x1800
Grapes,http://www.nogarlicnoonions.com/images/uploads/NEWS/grapes 2.jpg,Image_11.jpg,622x933
Grapes,https://static.pexels.com/photos/209545/pexels-photo-209545.jpeg,Image_12.jpg,1400x2100
Grapes,https://pixnio.com/free-images/2020/07/17/2020-07-17-09-50-49.jpg,Image_13.jpg,1000x1500
Grapes,http://images6.fanpop.com/image/photos/34700000/Grapes-fruit-34733392-2560-1600.jpg,Image_14.jpg,768x1152
Grapes,https://scx2.b-cdn.net/gfx/news/hires/2022/grapes.jpg,Image_15.jpg,1000x1500
Grapes,https://images.alphacoders.com/439/439354.jpg,Image_16.jpg,622x933
Grapes,https://pixnio.com/free-images/flora-plants/fruits/grapes-fruit-pictures/green-grape-fruit.jpg,Image_17.jpg,945x1038
Grapes,https://assets.marthastewart.com/styles/wmax-520-highdpi/d29/med106155_1110_sea_grapefruit/med106155_1110_sea_grapefruit_vert.jpg?itok=EKVlszWA,Image_18.jpg,1200x1500
Grapes,https://simple-veganista.com/wp-content/uploads/2013/04/broiled-grapefruit-recipe-12.jpg,Image_19.png,1360x1800
Grapes,https://www.notenoughcinnamon.com/wp-content/uploads/2013/03/Maple-Cinnamon-Baked-Grapefruit-4.jpg,Image_2.jpg,4650x3100
Grapes,https://www.dessertnowdinnerlater.com/wp-content/uploads/2020/03/Ruby-Red-Grapefruit-Bars-1.jpg,Image_20.jpg,600x872
Grapes,https://cookingchew.com/wp-content/uploads/2021/10/Grapefruit-Recipes-CO1333-Pin-3.jpg,Image_21.jpg,728x921
Grapes,https://insanelygoodrecipes.com/wp-content/uploads/2021/08/Baked-Red-Grapefruit-with-Honey-and-Thyme-768x1152.jpg,Image_22.jpg,1536x1536
Grapes,https://cookingchew.com/wp-content/uploads/2021/10/Grapefruit-Recipes-CO1333-Pin-8.jpg,Image_23.jpg,1200x1200
Grapes,https://www.notenoughcinnamon.com/wp-content/uploads/2013/03/Maple-Cinnamon-Baked-Grapefruit-6.jpg,Image_24.jpg,1000x1500
Grapes,https://data.thefeedfeed.com/static/2020/01/27/15498169565c60547c33145.jpg,Image_25.jpg,1200x1200
Grapes,https://www.onceuponachef.com/images/2021/08/Grapefruit-Crush-1200x1500.jpg,Image_26.jpg,1025x1536
Grapes,https://www.arealfoodjourney.com/wp-content/uploads/2017/03/baked-grapefruit-1.png,Image_27.jpg,981x1250
Grapes,https://www.thecomfortofcooking.com/wp-content/uploads/2016/04/SuperMoistGrapefruitCake-7-600x872.jpg,Image_28.jpg,851x851
Grapes,https://publish.purewow.net/wp-content/uploads/sites/2/2019/11/grapefruit-recipes-frose-palomas-recipe.jpg?fit=728%2C921,Image_29.jpeg,2200x2200
Grapes,https://cdn.thefreshmancook.com/wp-content/uploads/2024/04/Grilled-Grapefruit-Paloma-Recipe-1.jpg,Image_3.jpeg,4129x3910
Grapes,https://www.tasteofhome.com/wp-content/uploads/2018/01/Sweet-Broiled-Grapefruit_EXPS_SDFM18_991_B10_06_2b-2.jpg,Image_30.png,1500x2400
Grapes,https://b3133059.smushcdn.com/3133059/wp-content/uploads/2021/10/Grapefruit-Dish-Ideas.jpg?lossy=2&amp;strip=1&amp;webp=1,Image_31.jpg,1200x1200
Grapes,https://www.tasteofhome.com/wp-content/uploads/2018/01/Grapefruit-Yogurt-Cake_EXPS_THFM18_170713_C10_24_6b-6.jpg?w=1200,Image_32.jpeg,2800x2800
Grapes,https://foxeslovelemons.com/wp-content/uploads/2018/01/Grapefruit-Sangria-4-1025x1536.jpg,Image_33.jpg,1100x1054
Grapes,http://images.ctfassets.net/uw7yiu2kuigc/1CnRTn32tN35ZQhtjoqWkV/69256d43c543509eea3cb87388bc5c3f/Grapefruit-Cucumber-Salad-Lead.jpg,Image_34.jpg,1000x1320
Grapes,https://www.daringgourmet.com/wp-content/uploads/2013/02/Grapefruit-Cream-Pie-3_edited.jpg,Image_35.jpg,1035x1066
Grapes,https://i5.walmartimages.com/asr/aa0d9a4b-5d44-40b9-b2b1-3234f001dde1_1.3e30f9512829d09a37dcebe32541b25c.jpeg,Image_36.png,2100x2454
Grapes,https://i5.walmartimages.com/asr/918e9675-ad81-424e-acb5-afd9d8904d9d_2.b103c0ae8df75e234c7b4f37c19c8da2.png,Image_37.jpg,1600x1600
Grapes,https://www.gardensall.com/wp-content/uploads/2023/02/how-to-make-grapefruit-Seed-Extract.jpg,Image_38.jpg,1920x1920
Grapes,https://i5.walmartimages.com/asr/db68b139-5ada-4e15-aef8-eda998c907ab.e30365157ea6fc8a56bcc1932bb9859b.jpeg,Image_39.jpg,2048x1366
Grapes,http://www.biovea.com/au/images/products/xlrg/3662_z.jpg,Image_4.jpg,5184x3456
Grapes,https://www.healthleadsuk.com/media/catalog/product/cache/1ab28c190c3ffc8c4d68a789d0c3ff49/1/5/150ml-duma-grapefruitseedextract-en-0605-c.jpg,Image_40.jpg,1080x1080
Grapes,https://i.etsystatic.com/17305714/r/il/9cf840/2948213321/il_fullxfull.2948213321_pynd.jpg,Image_41.jpg,1080x1080
Grapes,https://i0.wp.com/www.lovingdovefarmasia.com/wp-content/uploads/2021/01/Grapefruit-Seed-Ext-2oz-pic.png?fit=2100%2C2454&amp;ssl=1,Image_42.jpg,600x1000
Grapes,https://s3.images-iherb.com/sor/sor11607/l/10.jpg,Image_43.jpg,1470x2000
Grapes,https://i0.wp.com/daddybutterlife.com/wp-content/uploads/2022/05/Grapefruit-Seed-Extract-3-scaled.jpg?resize=2048%2C2048&amp;ssl=1,Image_44.jpg,1200x1100
Grapes,https://naturmedscientific.com/wp-content/uploads/2024/05/Grapefruit-Seed-Extract-Citrus-paradisi-scaled-1.jpg,Image_45.jpg,1139x1500
Grapes,https://i0.wp.com/daddybutterlife.com/wp-content/uploads/2022/05/Grapefruit-Seed-Extract-scaled.jpg?w=1080&amp;ssl=1,Image_46.jpeg,1440x1080
Grapes,https://health4all.co.uk/wp-content/uploads/2015/06/Grapefruit-Seed-500mg-90capsules-1024x1024.jpg,Image_47.jpg,1936x1936
Grapes,https://i0.wp.com/daddybutterlife.com/wp-content/uploads/2022/05/Grapefruit-Seed-Extract-2-scaled.jpg?fit=1080%2C1080&amp;ssl=1,Image_48.jpg,768x1152
Grapes,https://www.nbnus.net/images/GSE-C.jpg,Image_49.jpg,683x1024
Grapes,https://m.media-amazon.com/images/I/71+LW+JbfAL._AC_.jpg,Image_5.jpg,2560x1600
Grapes,https://www.thecandidadiet.com/wp-content/uploads/2013/01/grapefruit-seed-gse.jpg,Image_50.jpg,1000x667
Grapes,https://www.bulksupplements.com/cdn/shop/files/Grapefruit-Seed-Extract-Powder-AMZ-1kg.jpg?v=1694013856&amp;width=1000,Image_6.jpg,1920x1280
Grapes,https://www.drweil.com/wp-content/uploads/2017/01/vitamins-supplements-herbs_supplements-remedies_is-grapefruit-seed-extract-any-good_1440x1080_496165792.jpeg,Image_7.jpg,2560x1600
Grapes,https://i.pinimg.com/originals/31/c0/20/31c0202deae0a4cf356fd9a24359c95b.jpg,Image_8.jpg,1395x1197
Grapes,https://izzycooking.com/wp-content/uploads/2021/12/Grapefruit-Juice-2-768x1152.jpg,Image_9.jpg,1040x1300
Pineapple,https://www.healthbenefitstimes.com/9/gallery/pineapple-1/Pineapple-fruit.jpg,Image_1.jpg,1600x1966
Pineapple,https://cdn.pixabay.com/photo/2022/06/24/17/34/pineapple-7282114_1280.jpg,Image_10.jpg,3191x2127
Pineapple,https://cdn.pixabay.com/photo/2014/06/01/05/53/pineapple-359402_1280.jpg,Image_11.png,2007x3300
Pineapple,http://images6.fanpop.com/image/photos/34700000/Pineapple-fruit-34733559-900-1691.jpg,Image_12.jpg,1200x1000
Pineapple,https://images.unsplash.com/photo-1550258987-190a2d41a8ba?ixlib=rb-1.2.1&amp;ixid=eyJhcHBfaWQiOjEyMDd9&amp;w=1000&amp;q=80,Image_13.jpeg,1500x1000
Pineapple,https://cdn.pixabay.com/photo/2019/03/09/18/13/pineapple-4044698_1280.jpg,Image_14.jpg,1280x720
Pineapple,https://www.thecoldwire.com/wp-content/uploads/2022/03/Sliced-and-half-of-Pineapple.jpeg,Image_15.jpg,1280x720
Pineapple,https://cdn.britannica.com/54/119354-050-FA32210A/pineapple.jpg,Image_16.JPG,900x600
Pineapple,https://www.wallpaperflare.com/static/908/420/921/pineapple-fruit-market-bunch-wallpaper.jpg,Image_17.JPG,640x398
Pineapple,https://freepngimg.com/thumb/pineapple/24-pineapple-fruit-png-image.png,Image_18.jpg,1280x720
Pineapple,https://www.publicdomainpictures.net/pictures/300000/velka/pineapple-fruit-1560521290koH.jpg,Image_19.jpg,1280x720
Pineapple,https://d.newsweek.com/en/full/1913999/pineapple-growing-garden.jpg,Image_2.jpg,1000x1049
Pineapple,"https://cdn.apartmenttherapy.info/image/fetch/f_auto,q_auto:eco,w_1500,c_fill,g_auto/https://storage.googleapis.com/gen-atmedia/3/2018/10/f5f155d82009d40994a1ea432724a46bd2262e37.jpeg",Image_20.jpg,1280x720
Pineapple,https://i.ytimg.com/vi/xHwSWzCmKPw/maxresdefault.jpg,Image_21.jpg,1280x720
Pineapple,https://i.ytimg.com/vi/Pn2rQd19fhw/maxresdefault.jpg,Image_22.jpg,519x785
Pineapple,http://3.bp.blogspot.com/-8iAv3bCXj1Q/VE8NUL_eU0I/AAAAAAAAOgg/gLIl0IubuCI/s900/IMG_0580.JPG,Image_23.jpg,649x785
Pineapple,http://1.bp.blogspot.com/-mW4MjzPbANg/Urq0CBSQteI/AAAAAAAAMX4/CLibx1INocM/s1600/DSC_0335.JPG,Image_24.jpg,500x752
Pineapple,https://i.ytimg.com/vi/0wLnDrpmQBM/maxresdefault.jpg,Image_25.jpg,567x918
Pineapple,https://i.ytimg.com/vi/31niB9ovETs/maxresdefault.jpg,Image_26.jpg,960x821
Pineapple,https://i.ytimg.com/vi/qPO88d5C094/maxresdefault.jpg,Image_27.jpg,1066x1600
Pineapple,https://i.ytimg.com/vi/_fxGAx9Pdec/maxresdefault.jpg,Image_28.jpg,1600x898
Pineapple,https://www.heartwoodcarving.com/shop/images/on-pincl1_web.jpg,Image_29.jpg,1280x720
Pineapple,http://www.heartwoodcarving.com/shop/images/plaque-pineapple.jpg,Image_3.jpg,1280x853
Pineapple,https://3.bp.blogspot.com/-JQsWkPaiuvc/Urq0FJX_PUI/AAAAAAAAMZI/2Bc6wWuklpw/s1600/p62.jpg,Image_30.jpg,1280x720
Pineapple,https://i.pinimg.com/originals/23/b2/69/23b269f06102244eb83f1e79d31c2593.jpg,Image_31.jpg,1280x720
Pineapple,https://3.bp.blogspot.com/-EhqRpiBIIa4/Urq0CuKzgPI/AAAAAAAAMYM/UTg9V98bOaQ/s1600/lEszv.jpg,Image_32.jpg,1280x720
Pineapple,http://3.bp.blogspot.com/-vc6Fv2uIPRs/VE8NUf3NzfI/AAAAAAAAOgk/R2w4iWCNx8g/s1600/pineapple-jackolantern.jpg,Image_33.jpg,1200x1800
Pineapple,https://3.bp.blogspot.com/-_x1rc-Ygt54/V6eSioadM3I/AAAAAAAACmI/IUW0GmKL8CYSdz1YjkeR3bvU73HzBb5DQCLcB/s1600/IMG_0010_1.jpg,Image_34.jpg,1024x1536
Pineapple,https://i.ytimg.com/vi/nHJVeigRYDU/maxresdefault.jpg,Image_35.jpg,1380x1023
Pineapple,https://i.ytimg.com/vi/nt6nCpG4YpQ/maxresdefault.jpg,Image_36.jpg,1600x1067
Pineapple,https://i.ytimg.com/vi/yImZKwe4o0s/maxresdefault.jpg,Image_37.jpeg,4060x6090
Pineapple,https://i.ytimg.com/vi/s-7XHRi0r_4/maxresdefault.jpg,Image_38.jpg,1800x1200
Pineapple,https://freshcoasteats.com/wp-content/uploads/2021/05/Air-Fryer-Pineapple.jpg,Image_39.jpg,3071x2067
Pineapple,https://www.savorynothings.com/wp-content/uploads/2021/04/how-to-cut-a-pineapple-image-1-1024x1536.jpg,Image_4.jpg,853x1280
Pineapple,https://img.freepik.com/premium-photo/pineapple-slices-isolated-white-background_253984-6719.jpg?w=1380,Image_40.jpg,800x532
Pineapple,https://www.ambitiouskitchen.com/wp-content/uploads/2021/07/How-to-Cut-a-Pineapple-12long.jpg,Image_41.jpg,1200x795
Pineapple,https://images.pexels.com/photos/4195526/pexels-photo-4195526.jpeg?cs=srgb&amp;dl=healthy-fresh-sliced-pineapple-in-white-bowl-4195526.jpg&amp;fm=jpg,Image_42.jpg,4528x3256
Pineapple,https://thewholecook.com/wp-content/uploads/2023/08/Grilled-Pineapple-Slices-1-6.jpg,Image_43.jpg,1376x1690
Pineapple,https://www.goodfreephotos.com/albums/food/sliced-pineapple-pieces.jpg,Image_44.jpg,1200x1200
Pineapple,https://thumbs.dreamstime.com/b/pineapple-slices-4436620.jpg,Image_45.jpg,680x1020
Pineapple,https://www.onceuponachef.com/images/2017/06/How-to-Cut-A-Pineapple-9-1200x795.jpg,Image_46.jpg,866x1390
Pineapple,https://jooinn.com/images/pineapple-with-slices-isolated-on-white-11.jpg,Image_47.png,1494x1470
Pineapple,https://thumbs.dreamstime.com/z/pineapple-slice-24113731.jpg,Image_48.jpg,4080x3840
Pineapple,https://thewoodenskillet.com/wp-content/uploads/2022/07/smoked-pineapple-recipe-9.jpg,Image_49.jpg,1920x1279
Pineapple,https://www.dinneratthezoo.com/wp-content/uploads/2020/01/grilled-pineapple-1.jpg,Image_5.jpg,900x1691
Pineapple,https://c8.alamy.com/comp/M986BG/pineapple-slices-M986BG.jpg,Image_50.jpg,1600x1197
Pineapple,https://purepng.com/public/uploads/large/purepng.com-pineapple-slicepineappleripeananasfruithealth-981524761334znx8f.png,Image_6.jpg,2749x4124
Pineapple,https://jooinn.com/images/pineapple-with-slices-isolated-on-white-6.jpg,Image_7.jpg,1280x853
Pineapple,https://www.albionfinefoods.com/images_products/HD_PINEAPPSLCDA10.jpg,Image_8.jpeg,1000x667
Pineapple,https://thumbs.dreamstime.com/z/fresh-slice-pineapple-18088982.jpg,Image_9.jpg,1600x1061
Watermelon,https://www.thespruceeats.com/thmb/AiRgtd0se0G-ySlqkPUCbSnUfI8%3d/2001x1501/filters:fill(auto%2c1)/GettyImages-141859959-56a499555f9b58b7d0d7bca0.jpg,Image_1.jpg,2268x1513
Watermelon,https://cdn.britannica.com/99/143599-050-C3289491/Watermelon.jpg,Image_10.jpg,2121x1414
Watermelon,https://c1.peakpx.com/wallpaper/801/248/1018/fruit-watermelons-healthy-food-fresh-wallpaper-preview.jpg,Image_11.jpg,1600x1394
Watermelon,"https://media.glamourmagazine.co.uk/photos/6138ac5b5341d7d4e342c023/master/w_1600,c_limit/watermelon-glamour-3june16-getty-b.jpg",Image_12.jpg,640x590
Watermelon,https://facts.net/wp-content/uploads/2020/11/AdobeStock_174975391-1024x683.jpeg,Image_13.jpg,1024x1024
Watermelon,https://www.thespruce.com/thmb/fghCcR0Sv_lrSIg1mVWS9U-b_ts=/4002x0/filters:no_upscale():max_bytes(150000):strip_icc()/how-to-grow-watermelons-1403491-hero-2d1ce0752fed4ed599db3ba3b231f8b7.jpg,Image_14.jpg,640x827
Watermelon,https://cdn.lifehack.org/wp-content/uploads/2014/08/5427691534_d2eeab1207_o.jpg,Image_15.jpg,1908x1146
Watermelon,https://cdn.pixabay.com/photo/2013/01/08/01/25/watermelon-74342_1280.jpg,Image_16.jpg,1600x1200
Watermelon,http://draxe.com/wp-content/uploads/2015/05/bigstock-Sliced-Ripe-Watermelon-72055993.jpg,Image_17.jpg,1200x1200
Watermelon,https://static.fanpage.it/wp-content/uploads/sites/22/2020/06/iStock-1141268671.jpg,Image_18.JPG,1600x1388
Watermelon,https://abcnews.go.com/images/Lifestyle/HT_watermelon_carvings_mar_20140703_0_8x7_1600.jpg,Image_19.jpg,1600x1200
Watermelon,http://www.incrediblesnaps.com/wp-content/uploads/2014/10/Watermelon-Carving-5.jpg,Image_2.jpg,2001x1501
Watermelon,https://www.tasteofhome.com/wp-content/uploads/2018/01/Watermelon-Shark_exps143376_SD2401786C10_18_3bC_RMS.jpg?resize=1024,Image_20.jpg,2428x3234
Watermelon,http://www.incrediblesnaps.com/wp-content/uploads/2014/10/Watermelon-Carving-3.jpg,Image_21.jpg,2988x2988
Watermelon,https://i.dailymail.co.uk/1s/2021/04/21/21/42054636-0-image-a-57_1619038517298.jpg,Image_22.jpg,2448x3264
Watermelon,https://i.pinimg.com/originals/cd/f4/d7/cdf4d7bca1c17ea5a5ac7985d97d0e3a.jpg,Image_23.jpg,3264x2448
Watermelon,https://thegardeningcook.com/wp-content/uploads/2014/09/watermelon-carving-1.jpg,Image_24.jpg,1066x1600
Watermelon,http://4.bp.blogspot.com/-KDOIL42GuQ0/Ud22NuHoiOI/AAAAAAAALtU/-a-2hz4hjJg/s1600/IMGP6873.JPG,Image_25.jpg,2581x1936
Watermelon,https://s.abcnews.com/images/Lifestyle/HT_watermelon_carvings_mar_20080628_2_4x3_1600.jpg,Image_26.jpg,994x1390
Watermelon,https://i.pinimg.com/originals/60/34/8f/60348fce105b90e710f186483cb3fcce.jpg,Image_27.jpg,1600x898
Watermelon,https://i.pinimg.com/originals/ed/04/f7/ed04f72d1abfeff1e56f9a49c9dcd1ce.jpg,Image_28.jpg,635x871
Watermelon,https://i.pinimg.com/originals/76/06/73/7606734fb88c8c45c1a290a6cf6c2bf9.jpg,Image_29.jpg,1852x1389
Watermelon,https://i.pinimg.com/originals/8f/72/eb/8f72eb8468b5d57d32998371c4ed7a29.jpg,Image_3.jpg,620x600
Watermelon,https://i.pinimg.com/originals/a3/85/51/a3855159bac8af7d7ba347b22ae048bb.jpg,Image_30.jpg,2448x3264
Watermelon,https://i.pinimg.com/originals/fe/41/e8/fe41e87a35bc68e26e6f3d8b8f40cdbd.jpg,Image_31.jpg,667x1200
Watermelon,https://c8.alamy.com/comp/D4WPF6/watermelon-thai-fruit-carving-isolated-on-white-D4WPF6.jpg,Image_32.jpg,1140x1841
Watermelon,https://1.bp.blogspot.com/-uWGVX2WZA5Q/WWQjHl3hL9I/AAAAAAAAJhI/L-9RIFjjy7Qv8BSJ_fsmQ0Rm5e9hAjqBQCLcBGAs/s1600/IMG_0849_1.jpg,Image_33.jpg,736x1105
Watermelon,https://i.pinimg.com/736x/98/b7/6c/98b76ccbfc5c4554ea674dbc1c15cf70.jpg,Image_34.jpg,960x960
Watermelon,https://i.pinimg.com/originals/ab/22/75/ab2275d52164a7846748e34e3adf2838.jpg,Image_35.jpg,1200x900
Watermelon,https://i.pinimg.com/originals/87/af/62/87af62a0c0e3ed79bad3f80e01d54b0d.jpg,Image_36.jpg,1200x1879
Watermelon,https://www.netmeds.com/images/cms/wysiwyg/blog/2019/04/Healing_Benefits_Of_Watermelon_Infographics_1.jpg,Image_37.png,1200x630
Watermelon,https://parentcircle.blob.core.windows.net/prd/content/ca65f25a34c1.jpg,Image_38.jpg,1280x720
Watermelon,https://i.pinimg.com/originals/07/73/2e/07732e72ac870018e01bf23c075ce9a3.jpg,Image_39.jpg,780x780
Watermelon,https://kdahweb-static.kokilabenhospital.com/kdah-admin2016/tips/5ad042fe346e430716553_1752127154845464_5821025280635895907_n.jpg,Image_4.jpg,970x1293
Watermelon,https://2.bp.blogspot.com/-spv_8uIfbq4/WfW5N8KIItI/AAAAAAAAxHo/iphLzizSy_kFgaoFt9ZzKwyvjaxRUDSjgCLcBGAs/s1600/watermeloninfo02.jpg,Image_40.png,1080x1080
Watermelon,https://i.pinimg.com/originals/80/75/49/8075496d027a0bc64ef61c9303af4d70.jpg,Image_41.jpg,640x640
Watermelon,https://livelovefruit.com/wp-content/uploads/2015/10/watermelon-benefits.png,Image_42.png,735x1102
Watermelon,https://i.ytimg.com/vi/AaEcw2kYxMg/maxresdefault.jpg,Image_43.png,1000x2100
Watermelon,https://www.timeslifestyle.net/wp-content/uploads/2018/04/Benefits-of-Watermelon-780x780-1.jpg,Image_44.webp,2560x2560
Watermelon,https://i.pinimg.com/originals/40/55/18/4055181a16588efcc3fb38c1c8640906.png,Image_45.jpg,1000x1000
Watermelon,https://pbs.twimg.com/media/FZz2mjOaMAAMh-X?format=jpg&amp;name=large,Image_46.jpg,843x1258
Watermelon,https://i.pinimg.com/originals/86/18/96/8618968cdcf255a2ffa4cba1d08a2501.jpg,Image_47.jpg,1500x1600
Watermelon,https://www.healyounaturally.com/wp-content/uploads/2018/07/7-health-benefits-watermelon.png,Image_48.jpg,1080x1080
Watermelon,https://jaydiva.com/wp-content/uploads/2019/10/7-health-benefits-of-watermelon.png,Image_49.jpg,1280x720
Watermelon,https://wordpresscmsprodstor.blob.core.windows.net/wp-cms/2022/05/30-4-scaled.webp,Image_5.jpg,1600x1600
Watermelon,https://cdn.statically.io/img/i.pinimg.com/originals/ff/9c/24/ff9c24348b2acecd9f5885370f8fdb6b.jpg,Image_50.jpg,1200x811
Watermelon,https://i.pinimg.com/originals/4a/18/71/4a18719491e46cc743a0c80ac410981e.jpg,Image_6.jpeg,1024x683
Watermelon,https://www.shutterstock.com/shutterstock/photos/302889101/display_1500/stock-vector--health-benefits-information-of-watermelon-nutrients-infographic-vector-illustration-stock-302889101.jpg,Image_7.jpg,4002x2671
Watermelon,https://consumer.org.my/wp-content/uploads/2023/11/7-Nov-2023-Watermelon.jpg,Image_8.jpg,3872x2592
Watermelon,https://i.ytimg.com/vi/eahPxrFKNxk/maxresdefault.jpg,Image_9.jpg,997x1080
Papaya,https://healthjade.com/wp-content/uploads/2017/12/Papaya.jpg,Image_1.jpg,1024x1024
Papaya,https://static.vecteezy.com/system/resources/previews/014/232/626/large_2x/papaya-fruits-on-yellow-backgroud-fresh-ripe-papaya-slice-tropical-fruit-with-papaya-seed-and-leaf-leaves-from-papaya-tree-free-photo.JPG,Image_10.jpg,1618x1080
Papaya,https://i1.wp.com/www.healthfitnessrevolution.com/wp-content/uploads/2015/11/iStock-177546268.jpg?fit=1934%2C1550&amp;ssl=1,Image_11.jpg,2000x1335
Papaya,https://cdn.britannica.com/31/157531-050-25D8087E/Papaya-fruit.jpg,Image_12.jpg,1600x1600
Papaya,https://www.thespruceeats.com/thmb/PPYSyTlY2_ISOwuQXnL5xlVPDfY=/1500x1035/filters:no_upscale():max_bytes(150000):strip_icc()/GettyImages-914617584-3db6c4fb1f314e688b9593c83cf0a2dc.jpg,Image_13.jpg,1600x1200
Papaya,https://static.toiimg.com/photo/87935234.cms,Image_14.jpg,2000x1121
Papaya,http://2.bp.blogspot.com/-fxadAknr--E/UpgZ0poSyBI/AAAAAAAABxU/oCMldzw3Isw/s1600/pappaya+copy.jpg#papaya fruit 1000x1096,Image_15.jpg,1413x1414
Papaya,"https://www.verywellfit.com/thmb/VOy-WI0B4Cu85iQ-cSIdA7Y6jP4=/4368x2912/filters:fill(FFDB5D,1)/GettyImages-182808158-582c9ff25f9b58d5b1fc2fff.jpg",Image_16.jpg,1600x1200
Papaya,https://www.masala.com/public/images/2019/12/18/papaya.jpg,Image_17.jpg,5660x3640
Papaya,https://img.freepik.com/premium-photo/papaya-fruits-yellow-backgroud-fresh-ripe-papaya-slice-tropical-fruit-with-papaya-seed-leaf-leaves-from-papaya-tree-top-view_73523-7771.jpg?w=2000,Image_18.jpg,1600x1600
Papaya,https://agfl.com.au/wp-content/uploads/2023/03/What-Is-Papaya.jpg,Image_19.jpg,2121x1414
Papaya,https://www.gardeningknowhow.com/wp-content/uploads/2020/05/papaya.jpg,Image_2.jpg,1500x1125
Papaya,https://cebudailynews.inquirer.net/files/2020/04/Canva-Exotic-Papaya-Fruit-over-Tropical-Green-.jpg,Image_20.jpg,2560x1712
Papaya,https://img.freepik.com/premium-photo/papaya-fruit_1080029-21.jpg?w=2000,Image_21.jpg,1300x1150
Papaya,"https://hips.hearstapps.com/hmg-prod/images/papaya-fruit-royalty-free-image-1690494910.jpg?crop=0.66635xw:1xh;center,top&amp;resize=980:*",Image_22.jpg,1000x1000
Papaya,https://www.gardeningknowhow.com/wp-content/uploads/2012/06/grow-papaya.jpg,Image_23.jpg,1024x683
Papaya,https://jooinn.com/images/sliced-papaya-fruit.jpg,Image_24.png,1200x1200
Papaya,https://images.news18.com/ibnlive/uploads/2023/01/shutterstock_1528885094.jpg,Image_25.jpg,2048x2048
Papaya,https://s3-us-west-2.amazonaws.com/s3.laprensa.com.ni-bq/wp-content/uploads/2017/11/11134241/ThinkstockPhotos-515832816.jpg,Image_26.jpg,4018x3102
Papaya,http://www.healthyfoodhouse.com/wp-content/uploads/2013/06/papaya-for-rejuvenation-1.jpg,Image_27.jpg,4350x3058
Papaya,https://c8.alamy.com/comp/HN6Y0A/papaya-fruit-cut-open-HN6Y0A.jpg,Image_28.png,883x902
Papaya,https://www.econutrena.com/wp-content/uploads/2022/04/papaya-1.jpg,Image_29.png,1200x1200
Papaya,https://www.terrabellaseniorliving.com/wp-content/uploads/2022/01/sliced-half-ripe-papaya-fruit-on-wood-background.jpg,Image_3.JPG,1308x1960
Papaya,https://sicarfarms.com/wp-content/uploads/2021/02/Papaya.png,Image_30.jpg,1200x628
Papaya,https://www.cord360.com/Data/Images/62/ProductImage/yellow-papaya.jpg,Image_31.jpg,1500x1000
Papaya,https://wallpapers.com/images/file/fresh-papaya-fruit-white-background-9yh1issk8phssfkj.jpg,Image_32.jpg,1024x1024
Papaya,https://jooinn.com/images/papaya-fruit-cut-in-half.jpg,Image_33.jpg,1600x1288
Papaya,https://5.imimg.com/data5/DM/BM/MY-46595757/papaya-281kg-29.png,Image_34.jpg,800x534
Papaya,https://png.pngtree.com/png-clipart/20231011/original/pngtree-fresh-papaya-fruit-slices-isolated-png-image_13294371.png,Image_35.jpg,800x651
Papaya,https://insanelygoodrecipes.com/wp-content/uploads/2023/02/Fresh_Organic_Papaya_Fruit.jpg,Image_36.jpg,1536x1152
Papaya,https://nomadparadise.com/wp-content/uploads/2020/09/asian-fruit-papaya.jpg,Image_37.jpg,1200x630
Papaya,https://www.kandyfreshfruits.com/wp-content/uploads/2013/06/papaya1.jpg,Image_38.jpg,700x1238
Papaya,https://www.healthieryou.in/wp-content/uploads/2015/05/PAPAYA.jpg,Image_39.jpg,500x628
Papaya,https://thumbs.dreamstime.com/b/papaya-fruits-wooden-backgroud-fresh-ripe-tropical-fruit-seed-leaf-leaves-tree-260233805.jpg,Image_4.jpg,1934x1550
Papaya,http://balconygardenweb.com/wp-content/uploads/2016/01/how-to-grow-papaya.jpg,Image_40.jpg,780x438
Papaya,https://www.gardeningknowhow.com/wp-content/uploads/2012/06/grow-papaya-1536x1152.jpg,Image_41.jpg,1600x1194
Papaya,https://balconygardenweb.b-cdn.net/wp-content/uploads/2022/07/Everything-About-Growing-a-Papaya-Tree2.jpg,Image_42.jpg,1500x1000
Papaya,https://naturebring.com/wp-content/uploads/2017/07/Papaya-nb045455478.jpg,Image_43.jpg,736x813
Papaya,https://www.tropicalpermaculture.com/images/growing-papayas2.jpg.pagespeed.ce.vRXG2jmH3Q.jpg,Image_44.jpg,1280x960
Papaya,https://www.housedigest.com/img/gallery/how-to-successfully-grow-a-papaya-tree/intro-1648040612.jpg,Image_45.jpg,1024x640
Papaya,https://www.naturebring.com/wp-content/uploads/2017/07/Dwarf-Papaya-01.jpg,Image_46.jpg,1280x720
Papaya,https://plantura.garden/uk/wp-content/uploads/sites/2/2022/07/papaya-trees-fruiting.jpg,Image_47.jpg,1280x720
Papaya,https://balconygardenweb.com/wp-content/uploads/2016/01/how-to-grow-papaya-in-pot-3.jpg,Image_48.jpg,1000x667
Papaya,https://media.visualstories.com/uploads/images/1/20/5257389-1280_872721470-1543523_l.jpg,Image_49.jpg,560x420
Papaya,https://www.herbazest.com/imgs/7/7/a/431605/growing_papaya.jpg,Image_5.jpg,1600x870
Papaya,https://i.ytimg.com/vi/iUceYy_ZZJA/maxresdefault.jpg,Image_50.jpg,500x683
Papaya,https://i.ytimg.com/vi/WUtdafIBPrM/maxresdefault.jpg,Image_6.jpg,1500x1035
Papaya,http://cdn.shopify.com/s/files/1/0579/7924/0580/articles/shutterstock_614760452.jpg?v=1661867330,Image_7.jpg,1200x900
Papaya,https://www.tropicalpermaculture.com/images/growing-papayas.jpg,Image_8.jpg,1000x1096
Papaya,https://balconygardenweb.b-cdn.net/wp-content/uploads/2021/05/papaya-in-pot.jpg,Image_9.jpg,4368x2912
Pear,https://cdn.britannica.com/05/187205-050-A7EA39D0/Pear-fruit-tree-Pears.jpg,Image_1.jpg,1100x1417
Pear,https://www.wallpaperflare.com/static/186/193/252/pear-fruit-5k-basket-wallpaper.jpg,Image_10.jpg,1280x1912
Pear,https://www.goodwholefood.com/wp-content/uploads/2016/08/pear-single-green.jpg,Image_11.jpg,2123x1412
Pear,https://c1.peakpx.com/wallpaper/72/493/88/bartlett-pear-pear-bartlett-healthy-wallpaper.jpg,Image_12.jpg,1878x1244
Pear,https://www.fruitsinfo.com/fruit-facts/wp-content/uploads/2021/04/asian-pears.jpg?x33963,Image_13.jpg,6048x4024
Pear,https://kj1bcdn.b-cdn.net/media/38338/1.jpg,Image_14.jpg,1600x1200
Pear,https://www.wallpaperflare.com/static/46/737/128/pears-fruit-ripe-bunch-wallpaper.jpg,Image_15.jpg,3450x2300
Pear,https://www.tasteofhome.com/wp-content/uploads/2020/10/green-pears-with-leaves-1084768780.jpg?w=1200,Image_16.jpg,2121x1414
Pear,https://nutritionfacts.org/app/uploads/2019/01/fruit-1534494_1920.jpg,Image_17.png,620x933
Pear,https://www.agmrc.org/media/cms/pears_581123917B436.jpg,Image_18.jpg,1600x1067
Pear,https://www.thespruceeats.com/thmb/O378iqLlQXUtL49TYDDq3ShQbLk=/2123x1412/filters:no_upscale():max_bytes(150000):strip_icc()/Forelle-Pears-58a48c543df78c47589d89d3.jpg,Image_19.jpg,800x1200
Pear,"https://www.bhg.com/thmb/QLQUROu0yRSOTzW1nxK-cE5D2y8=/1878x1244/filters:fill(auto,1)/pears-growing-in-tree-blue-sky-d2d9c4020ce44c249a65464c2c669b8c.jpg",Image_2.jpg,1045x1600
Pear,https://www.thespruce.com/thmb/EH5hRqNq-tn7LexhZXb_aDONA2A=/6048x0/filters:no_upscale():max_bytes(150000):strip_icc()/bartlett-pear-tree-growing-guide-5211022_04-7703e95172b04952a53096f1b23b004e.jpg,Image_20.jpg,1200x800
Pear,https://www.gardeningknowhow.com/wp-content/uploads/2011/09/pear-tree-1.jpg,Image_21.jpg,2122x1415
Pear,"https://www.thespruce.com/thmb/n2McqZFGhJJzAWJAb4ocYQh0VjI=/3450x2300/filters:fill(auto,1)/growing-pear-trees-in-home-garden-3269331-26h-1834ea253d814347be41bd02a78a8cf5.jpg",Image_22.jpg,800x533
Pear,"https://www.thespruce.com/thmb/GTOmQzmv0ud8on_zeLNq6Qd956Q=/2121x1414/filters:fill(auto,1)/asianpearGettyImages-1047600444-62b3202a4f7e4e0bb45b5e15ba6adc0b.jpg",Image_23.jpg,1500x1200
Pear,https://i.pinimg.com/originals/02/9b/6e/029b6e9353e95b37eef663d37675c095.png,Image_24.jpg,800x1200
Pear,https://harvesttotable.com/wp-content/uploads/2017/11/bigstock-Ripe-Pears-On-A-Tree-Close-Up-452871031.jpg,Image_25.jpg,2440x1632
Pear,https://gardenerspath.com/wp-content/uploads/2020/10/Growing-Fruting-Pear-Trees-in-the-Back-Yard.jpg,Image_26.jpg,1200x800
Pear,https://gardenerspath.com/wp-content/uploads/2020/10/Pears-Growing-in-the-Garden-Ready-to-Harvest-Hero.jpg,Image_27.jpg,4928x3264
Pear,"https://www.thespruce.com/thmb/Zl-LTYYxUOJj7h6VmJi1butI79A=/2122x1415/filters:fill(auto,1)/107085188-56a98c7d3df78cf772a82c5f.jpg",Image_28.jpg,2112x2816
Pear,https://gardenerspath.com/wp-content/uploads/2020/10/A-semi-dwarf-pear-tree-in-a-backyard-orchard.jpg,Image_29.jpg,1920x2560
Pear,http://treepicturesonline.com/bradfordpeartree.jpg,Image_3.jpg,5100x3283
Pear,https://i.pinimg.com/originals/13/cb/14/13cb1401afa56ec970bd73e616b2eb36.jpg,Image_30.jpg,2048x1532
Pear,https://facts.net/wp-content/uploads/2024/02/19-kieffer-pear-tree-facts-1708122377.jpg,Image_31.jpg,1920x1440
Pear,https://gardenerspath.com/wp-content/uploads/2023/07/How-to-Water-Your-Pear-Trees-Feature.jpg,Image_32.jpg,1920x1920
Pear,https://s3-us-west-1.amazonaws.com/contentlab.studiod/getty/30e15ac9e391493486949c326d48f40a.jpg,Image_33.jpg,1500x1191
Pear,https://i.pinimg.com/originals/3d/f4/c6/3df4c6f27cef3bec1ba714272645d541.jpg,Image_34.jpg,2121x1414
Pear,https://bluehillwildlifenursery.com/wp-content/uploads/2021/08/20210818_150139-scaled.jpg,Image_35.png,1000x878
Pear,https://www.isons.com/wp-content/uploads/2016/11/P7301797.jpg,Image_36.jpg,2121x1413
Pear,https://cdn.shopify.com/s/files/1/0022/0774/4115/products/pear-tree-3526690_1920_1024x1024@2x.jpg?v=1543552249,Image_37.jpg,680x788
Pear,https://i0.wp.com/blog.blueapron.com/wp-content/uploads/2021/09/Pears_Social_21-09_182.jpg?fit=1920%2C1920&amp;ssl=1,Image_38.jpg,2000x1500
Pear,https://www.shutterstock.com/shutterstock/photos/2229781065/display_1500/stock-vector-pears-varieties-pear-types-for-eating-meal-cake-dessert-yellow-red-green-brown-punching-bags-and-2229781065.jpg,Image_39.jpg,960x795
Pear,https://www.thespruceeats.com/thmb/sjliJhik3xZNWhs3OMpRAXhlBYo=/2121x1414/filters:no_upscale():max_bytes(150000):strip_icc()/Bosc-Pears-58a48c685f9b58819cc390a2.jpg,Image_4.jpg,5312x2988
Pear,https://www.chelanfresh.com/wp-content/uploads/2016/08/pear-varieties-web.png,Image_40.jpg,1200x1200
Pear,"https://fthmb.tqn.com/C1s3VR1tZmLC2P_AGREBsrqZxcM=/2121x1413/filters:fill(auto,1)/pear-varieties-58a48c395f9b58819cc314be.jpg",Image_41.jpg,1204x1690
Pear,https://www.liveeatlearn.com/wp-content/uploads/2015/09/pear-varieties-3.jpg,Image_42.jpg,1600x1221
Pear,https://www.thespruceeats.com/thmb/eMC6uf68xyFuOQDdiQI-qDO67g4=/2000x1500/filters:no_upscale():max_bytes(150000):strip_icc()/Concorde-Pears-58a48c593df78c47589d96d0.jpg,Image_43.jpg,1968x1601
Pear,https://fthmb.tqn.com/arwNuNhw4_FEmN22gS0dzwcc0To=/960x0/filters:no_upscale():max_bytes(150000):strip_icc()/Anjou-Pears-58a48c795f9b58819cc3bee0.jpg,Image_44.png,1148x1148
Pear,https://www.tasteofhome.com/wp-content/uploads/2020/10/green-pears-with-leaves-1084768780.jpg,Image_45.jpg,2560x1707
Pear,https://thumbs.dreamstime.com/z/varieties-pears-27577064.jpg,Image_46.jpg,1200x1200
Pear,"https://assets.epicurious.com/photos/5b48dce8710a8a3921dbb2c7/master/w_1600,c_limit/Forelle%2520Pear%252007132018.jpg",Image_47.jpg,1200x800
Pear,https://www.thespruceeats.com/thmb/d2-HI4re1uXeLlomn9f0npe2HsA=/1968x1601/filters:no_upscale():max_bytes(150000):strip_icc()/Red-Anjou-Pears-58a48c483df78c47589d6acd.jpg,Image_48.jpg,2001x1500
Pear,http://www.sujaorganic.com/cdn/shop/articles/Screen-Shot-2016-02-03-at-12.48.20-PM.png?v=1694160740,Image_49.jpg,800x533
Pear,https://www.britishapplesandpears.co.uk/wp-content/uploads/2021/05/shutterstock_1471806452-scaled.jpg,Image_5.jpg,4827x2715
Pear,https://www.tasteofhome.com/wp-content/uploads/2020/10/comice-pears-in-bowl-559009067.jpg?w=1200,Image_50.jpg,800x533
Pear,https://gardenerspath.com/wp-content/uploads/2022/03/Best-Asian-Pear-Varieties-Hero.jpg,Image_6.jpg,1280x914
Pear,https://www.thespruceeats.com/thmb/lTdEmLBD05GBgLz1X7Bx1qi92Wc=/2001x1500/filters:no_upscale():max_bytes(150000):strip_icc()/asianpears-58a48c725f9b58819cc3aad9.jpg,Image_7.jpg,5760x3840
Pear,https://gardenerspath.com/wp-content/uploads/2021/10/Gardener-Harvesting-Pears-in-the-Garden.jpg,Image_8.jpg,1200x1200
Pear,https://gardenerspath.com/wp-content/uploads/2021/10/Gardener-Harvesting-Pears.jpg,Image_9.jpg,1276x1276
Pomegranate,https://www.thespruce.com/thmb/j4cerYnQlZpKSgqzSRrbEilxkV8=/4419x2950/filters:no_upscale():max_bytes(150000):strip_icc()/pomegranate-growing-tips-3269232-03-6d5e7c71e235486d95f19343f77f2281.jpg,Image_1.jpg,1600x1067
Pomegranate,https://fthmb.tqn.com/XrgX1k1EsZAfYu-SwqzuxKHYJjs=/960x0/filters:no_upscale()/pomegranatesx-56a495353df78cf772831bc6.jpg,Image_10.jpg,902x600
Pomegranate,https://cdn.pixabay.com/photo/2017/02/27/12/28/pomegranate-2103105_1280.jpg,Image_11.jpg,1280x909
Pomegranate,http://photos.demandstudios.com/getty/article/144/187/518701969.jpg,Image_12.jpg,1024x768
Pomegranate,https://tastylicious.com/wp-content/uploads/2022/07/pomegranate-fruits-and-seeds.jpg,Image_13.jpg,1600x1200
Pomegranate,https://www.savoryexperiments.com/wp-content/uploads/2020/05/pomegranate.jpg,Image_14.jpg,1920x1079
Pomegranate,https://static.vecteezy.com/system/resources/previews/002/158/926/original/top-view-of-pomegranate-fruit-free-photo.jpg,Image_15.jpg,1000x667
Pomegranate,https://www.kew.org/sites/default/files/2019-12/Pomegranate fruit (1).jpg,Image_16.jpg,600x900
Pomegranate,https://i0.wp.com/www.theayurveda.org/wp-content/uploads/2015/06/Ripe-pomegranate-fruit.jpg,Image_17.jpg,2560x2560
Pomegranate,https://morningchores.com/wp-content/uploads/2019/11/pomegranate-trees-1.jpg,Image_18.jpg,1600x1690
Pomegranate,https://www.publicdomainpictures.net/pictures/50000/velka/pomegranate-flower.jpg,Image_19.jpg,1920x1920
Pomegranate,https://www.publicdomainpictures.net/pictures/100000/velka/open-pomegranate-flower.jpg,Image_2.jpg,4419x2950
Pomegranate,https://cdn.pixabay.com/photo/2021/08/08/15/32/pomegranate-flowers-6531207_1280.jpg,Image_20.jpg,2879x2109
Pomegranate,https://worldoffloweringplants.com/wp-content/uploads/2016/04/Pomegranate.jpg,Image_21.jpg,1024x951
Pomegranate,http://worldoffloweringplants.com/wp-content/uploads/2014/07/Punica-granatum-Pomegranate1.jpg,Image_22.jpg,4288x3216
Pomegranate,https://news.cgtn.com/news/7a596a4e31417a4d7a55544e77417a4e3563444f31457a6333566d54/img/fc9bce49c4d3466ca0cb4cba6b01cd5f/fc9bce49c4d3466ca0cb4cba6b01cd5f.jpg,Image_23.jpg,1200x800
Pomegranate,https://www.garden.eco/wp-content/uploads/2018/04/pomegranate-flower.jpg,Image_24.jpg,1920x1200
Pomegranate,https://thumbs.dreamstime.com/b/pomegranate-tree-flower-pomegranate-flowers-green-leaves-nature-agriculture-119948470.jpg,Image_25.jpg,4320x3240
Pomegranate,https://cdn11.bigcommerce.com/s-jmzfi5zcr2/images/stencil/2560w/products/987/4321/Dwarf_Pomegranate_Tree_Bloom_Close_Up__16443.1585416836.jpg?c=2,Image_26.jpg,1160x1714
Pomegranate,https://thumbs.dreamstime.com/z/flowers-pomegranate-tree-orange-52502269.jpg,Image_27.jpg,1142x1600
Pomegranate,https://cdn11.bigcommerce.com/s-jmzfi5zcr2/images/stencil/1920w/products/987/4320/Dwarf_Pomegranate_Tree_Flowers__74323.1585416833.jpg?c=2,Image_28.jpg,1224x1632
Pomegranate,http://www.wallpaperbetter.com/wallpaper/886/64/989/pomegranate-flower-granatapfel-blume-nar-Çiçeği-1080P-wallpaper.jpg,Image_29.jpg,1200x1715
Pomegranate,https://get.pxhere.com/photo/plant-fruit-flower-food-red-produce-evergreen-dharwad-flora-pomegranate-flowers-shrub-india-flowering-plant-woody-plant-land-plant-1019973.jpg,Image_3.jpg,960x720
Pomegranate,https://live.staticflickr.com/6038/6282736384_7d6f090bd9_b.jpg,Image_30.jpg,1200x1200
Pomegranate,https://s-media-cache-ak0.pinimg.com/originals/28/85/9a/28859a5455df15b972977c5b756a4b4c.jpg,Image_31.jpg,735x1110
Pomegranate,http://cdn.shopify.com/s/files/1/0158/9452/articles/es8Dzrc4TvFCgMfwijxcl1drpTfdwdGp1646405356_1200x1200.jpg?v=1646856089,Image_32.jpg,1200x1599
Pomegranate,https://www.publicdomainpictures.net/pictures/510000/velka/pomegranate-flower-1682078405JN1.jpg,Image_33.jpg,1040x1300
Pomegranate,https://www.kew.org/sites/default/files/styles/original/public/2019-12/Pomegranate flower %281%29.jpg.webp?itok=wguBKQ0q,Image_34.jpg,2400x1600
Pomegranate,https://wallpapercave.com/wp/wp4447770.jpg,Image_35.jpg,1100x1648
Pomegranate,https://get.pxhere.com/photo/blossom-plant-flower-bloom-red-produce-botany-flora-pomegranate-shrub-fruit-tree-flowering-plant-pomegranate-blossom-land-plant-japanese-camellia-1025865.jpg,Image_36.jpg,1200x1607
Pomegranate,https://cdn.loveandlemons.com/wp-content/uploads/2018/11/IMG_14758-cropped-final2.jpg,Image_37.jpg,900x1125
Pomegranate,https://www.the-girl-who-ate-everything.com/wp-content/uploads/2016/02/pomegranate-salad.jpg,Image_38.jpg,1244x1443
Pomegranate,http://www.melaniecooks.com/wp-content/uploads/2017/12/pomegranate_fruit_salad_recipe2.jpg,Image_39.jpg,675x1013
Pomegranate,https://www.aspicyperspective.com/wp-content/uploads/2018/11/pomegranate-cream-tart-recipe-7.jpg,Image_4.jpg,1280x853
Pomegranate,https://www.tasteofhome.com/wp-content/uploads/2018/01/Pomegranate-Splash-Salad_EXPS_THCA19_130161_B01_31_3b-1.jpg,Image_40.png,1000x1500
Pomegranate,https://www.thecreativebite.com/wp-content/uploads/2017/12/Pomegranate-Goat-Cheese-Crostini-The-Creative-Bite-5-copy-735x1110.jpg,Image_41.jpeg,756x944
Pomegranate,https://therecipecritic.com/wp-content/uploads/2022/11/pomegranatesaladhero.jpg,Image_42.jpg,1876x2814
Pomegranate,http://assets.marthastewart.com/styles/wmax-520-highdpi/d37/citrus-salad-a130522-04-8639-md110267/citrus-salad-a130522-04-8639-md110267_vert.jpg?itok=qJ6Bo1G2,Image_43.jpg,900x1260
Pomegranate,https://www.eatwell101.com/wp-content/uploads/2020/11/Fresh-Pomegranate-Relish-recipe.jpg,Image_44.jpg,3578x5000
Pomegranate,https://cookieandkate.com/images/2018/12/pomegranate-pear-arugula-salad-recipe-2.jpg,Image_45.jpg,732x1024
Pomegranate,https://i.pinimg.com/originals/57/c0/38/57c038824155ec618a430eb22595da7a.jpg,Image_46.jpg,1200x1200
Pomegranate,https://www.recipetineats.com/wp-content/uploads/2020/11/Pomegranate-Salad-Kale-Spinach_6.jpg?w=900,Image_47.jpg,1300x1390
Pomegranate,https://www.bhg.com/thmb/mhFyQotWMzbVZ5M9caVBCkjpWCQ=/1244x0/filters:no_upscale():strip_icc()/cornmeal-butter-cake-pomegranate-sauce-RU262672-e268056e77284d0db1519d6fab25558d.jpg,Image_48.jpg,1200x1200
Pomegranate,https://i.pinimg.com/736x/ed/93/1a/ed931aa8cd8b2a1d7d9421063d34cb98.jpg,Image_49.jpg,1600x1296
Pomegranate,https://insanelygoodrecipes.com/wp-content/uploads/2021/03/Pomegranate-Recipes-2.png,Image_5.jpg,2809x2049
Pomegranate,"https://hips.hearstapps.com/hmg-prod/images/pomegranate-recipes-beautiful-brussels-sprouts-1666103012.jpeg?crop=0.750xw:0.932xh;0.0901xw,0.0372xh&amp;resize=980:*",Image_50.png,1080x1080
Pomegranate,https://i.pinimg.com/originals/67/35/0b/67350b9c061a3e9e9a9e889c68e3d873.jpg,Image_6.jpg,1440x960
Pomegranate,https://www.recipetineats.com/wp-content/uploads/2020/11/Pomegranate-Salad-Kale-Spinach_4.jpg,Image_7.jpg,1980x1327
Pomegranate,https://i.pinimg.com/originals/25/03/75/2503756abc2ae021ea1bdcf13dea6543.jpg,Image_8.jpg,4896x3264
Pomegranate,https://www.the-girl-who-ate-everything.com/wp-content/uploads/2016/02/pomegranate-salad-002-732x1024.jpg,Image_9.jpg,2000x1570
Peach,https://wallpaperaccess.com/full/2062400.jpg,Image_1.jpg,1600x1206
Peach,https://www.tasteofhome.com/wp-content/uploads/2019/06/peaches-shutterstock_297863489-1.jpg,Image_10.jpg,2560x1600
Peach,https://www.tipshealthline.com/wp-content/uploads/2018/01/peach.jpg,Image_11.jpg,1700x1133
Peach,https://morningchores.com/wp-content/uploads/2019/06/Growing-Peach-Tree.jpg,Image_12.jpg,1000x1400
Peach,https://images4.alphacoders.com/280/280066.jpg,Image_13.png,680x678
Peach,https://keyassets.timeincuk.net/inspirewp/live/wp-content/uploads/sites/8/2017/04/E218F4-e1553154698193.jpg,Image_14.png,890x1000
Peach,https://static.vecteezy.com/system/resources/previews/022/825/541/original/peach-fruit-peach-on-transparent-background-png.png,Image_15.jpg,1500x1050
Peach,https://rare-gallery.com/uploads/posts/733781-Fruit-Peaches.jpg,Image_16.png,680x678
Peach,https://cdn.diys.com/wp-content/uploads/2021/02/Peach-Tree-Care.jpg,Image_17.jpg,1200x1200
Peach,https://wallpaperaccess.com/full/3586230.jpg,Image_18.jpg,1280x720
Peach,https://mediad.publicbroadcasting.net/p/shared/npr/styles/x_large/nprshared/201907/740376219.jpg,Image_19.jpg,1200x1200
Peach,https://iheartcraftythings.com/wp-content/uploads/2021/06/6-80.jpg,Image_2.jpg,2880x1800
Peach,https://easydrawingguides.com/wp-content/uploads/2020/01/Peach-Step-10.png,Image_20.jpg,1136x936
Peach,https://helloartsy.com/wp-content/uploads/kids/fruit/how-to-draw-a-peach/how-to-draw-a-peach-step-6.jpg,Image_21.png,640x640
Peach,https://i.pinimg.com/originals/03/96/09/0396094d0f35aca8287f557c491eeb0b.png,Image_22.jpg,800x800
Peach,https://bi.fbcd.co/posts/watercolor-drawing-of-a-peach-625351591dfbf131549522.jpg,Image_23.jpg,600x620
Peach,https://easydrawingguides.com/wp-content/uploads/2020/01/Peach-Step-07.png,Image_24.jpg,1754x1920
Peach,https://i.pinimg.com/originals/30/0e/8c/300e8c3c231f5bb84a70100894a03255.jpg,Image_25.png,789x720
Peach,https://i.ytimg.com/vi/NJ7AqoOwg9U/maxresdefault.jpg,Image_26.jpg,626x626
Peach,https://i.pinimg.com/originals/2f/cc/60/2fcc60fe004afc5672286013f35529ee.jpg,Image_27.jpg,2000x2000
Peach,https://www.freevector.com/uploads/vector/preview/28933/peach-01.jpg,Image_28.jpg,1280x720
Peach,https://png.pngtree.com/png-vector/20240602/ourlarge/pngtree-step-by-step-drawing-fruit-peach-png-image_12592471.png,Image_29.jpg,1000x1400
Peach,https://easydrawingart.com/wp-content/uploads/2019/07/How-to-draw-a-peach.jpg,Image_3.jpg,1200x1200
Peach,https://www.shutterstock.com/image-vector/peach-fruits-sketch-drawing-vector-600w-146666024.jpg,Image_30.jpg,1920x1778
Peach,https://static.vecteezy.com/system/resources/previews/013/797/920/original/peach-drawing-in-a-flat-style-minimalistic-fruit-whole-on-a-white-background-free-vector.jpg,Image_31.jpg,1000x666
Peach,https://cdn.pixabay.com/photo/2021/09/16/23/56/peaches-6631318_960_720.png,Image_32.jpg,3200x1800
Peach,https://image.freepik.com/free-vector/peach-fruit-drawing-illustration-design_317408-482.jpg,Image_33.jpg,3300x2200
Peach,https://img.freepik.com/premium-vector/watercolor-peaches-set-hand-drawn-vector-peach-sweet-fruit-drawing-vector-illustration_639772-504.jpg?w=2000,Image_34.jpg,2121x1414
Peach,https://i.ytimg.com/vi/qujqvY-s240/maxresdefault.jpg,Image_35.jpg,1200x800
Peach,https://iheartcraftythings.com/wp-content/uploads/2021/06/4-81.jpg,Image_36.jpg,1065x1600
Peach,https://static.vecteezy.com/system/resources/previews/006/418/785/large_2x/peach-illustration-fresh-fruit-drawing-hand-drawn-vintage-free-vector.jpg,Image_37.jpg,800x628
Peach,https://kellogggarden.com/wp-content/uploads/2020/05/peaches-on-a-branch.jpg,Image_38.jpg,1200x800
Peach,https://www.garden.eco/wp-content/uploads/2018/06/how-to-grow-a-peach-tree.jpg,Image_39.jpg,1000x1000
Peach,https://cdn.mos.cms.futurecdn.net/NUXtLpfx8buxfMKoKWd5qe.jpg,Image_4.jpg,1280x853
Peach,"https://www.thespruce.com/thmb/SysCH3CdBlFU5RtdZP-q5Lr_6_8=/3300x2200/filters:fill(auto,1)/how-to-grow-and-care-for-peach-trees-4589455-1-e76076a29bd94e8b946aaa7b5e9d78fb.jpg",Image_40.jpg,659x561
Peach,"https://www.thespruce.com/thmb/__cND8lzMZbKpno8JE3-YCR5iHs=/2121x1414/filters:fill(auto,1)/GettyImages-816897922-5c90fe8646e0fb000146ade2.jpg",Image_41.jpg,1200x628
Peach,https://kellogggarden.com/wp-content/uploads/2020/05/peach-tree-768x512.jpg,Image_42.jpg,874x920
Peach,https://minnetonkaorchards.com/wp-content/uploads/2022/08/Peaches-on-Tree-SS-461362939.jpg,Image_43.jpg,4032x2268
Peach,https://cdn.britannica.com/60/171660-050-850EC136/Peaches-tree.jpg,Image_44.jpg,1600x1157
Peach,https://plantnet.com.au/wp-content/uploads/plantnet-rootstock-peach-Dwarf-White-Gold.jpg,Image_45.jpg,1400x2100
Peach,https://www.progardentips.com/wp-content/uploads/2021/02/12899044_peaches-on-tree.jpg,Image_46.jpg,1100x1513
Peach,https://www.gardentech.com/-/media/project/oneweb/gardentech/images/blog/how-to-grow-and-care-for-a-dwarf-peach-tree/peach-tree-blooms.jpg,Image_47.jpeg,1474x2212
Peach,https://gardeningdream.com/wp-content/uploads/2020/10/When-do-Peach-Trees-Bear-Fruit.jpg,Image_48.jpg,1200x1800
Peach,https://www.fromthegarden.co.za/wp-content/uploads/2020/10/grafted-peach-tree-2.jpg,Image_49.jpg,768x1154
Peach,https://www.jardiner-malin.fr/wp-content/uploads/2018/04/pecher-.jpg,Image_5.jpg,1202x800
Peach,https://www.gardentech.com/-/media/project/oneweb/gardentech/images/blog/how-to-grow-and-care-for-a-dwarf-peach-tree/peach-fruit-h.jpg,Image_50.jpg,1200x1405
Peach,https://keyassets.timeincuk.net/inspirewp/live/wp-content/uploads/sites/8/2017/04/E218F4-e1553154698193-874x920.jpg,Image_6.jpg,5065x3135
Peach,https://cdn.mos.cms.futurecdn.net/vKpEpWVjSgxwNmzYG3yEKF.jpg,Image_7.jpg,3448x3631
Peach,https://thumbs.dreamstime.com/z/peach-tree-fruits-growing-garden-peach-orchard-harvest-peach-tree-fruits-growing-garden-peach-orchard-122585666.jpg,Image_8.png,1920x1920
Peach,https://ohsweetbasil.com/wp-content/uploads/old-fashioned-peach-cobbler-recipe-2.jpg,Image_9.jpg,1254x836
Plum,https://www.wallpaperflare.com/static/124/114/437/plums-fruits-fruit-prunus-laurocerasus-round-wallpaper.jpg,Image_1.jpg,4200x2800
Plum,https://insanelygoodrecipes.com/wp-content/uploads/2022/10/Fresh-Organic-Purple-Plums-1024x1024.jpg,Image_10.jpg,5312x2988
Plum,https://www.nature-and-garden.com/wp-content/uploads/sites/4/2018/10/plum-tree.jpg,Image_11.jpg,2048x1536
Plum,https://cdn.pixabay.com/photo/2019/07/17/18/39/plum-4344623_1280.jpg,Image_12.jpg,3888x2592
Plum,https://cdn11.bigcommerce.com/s-sv0chyyd/images/stencil/2048x2048/products/1296/1899/Sugar_Plum__10952.1614912402.jpg?c=2,Image_13.jpg,1500x1125
Plum,https://lh5.googleusercontent.com/Mn2y-fDGP0HWdelZnFneej4-d_bGW8QyH8yGXmTZT1XourObqVi1oym99OYs-ef_IGrc0hmxj0ie2sstUT7Gq_EdHlMNrehVNKOV2Dr8lC178UMdhYxoQWfVCzHKVt4zxZIxV60,Image_14.jpg,1920x1281
Plum,http://veg4health.com/wp-content/uploads/2010/03/Plums.jpg,Image_15.jpg,1800x1125
Plum,"https://fthmb.tqn.com/rEeMP7cQ__MBbHqAjeO1R4i1VoU=/4256x2832/filters:fill(87E3EF,1)/plums-152007076-58516c965f9b58a8cd7305b5.jpg",Image_16.jpg,2592x3888
Plum,https://www.waimeanurseries.co.nz/assets/bulkUpload/Plum-Purple-King.jpg,Image_17.jpg,2000x1361
Plum,https://cdn.shopify.com/s/files/1/0022/0774/4115/products/beauty3_1024x1024@2x.jpg?v=1543382291,Image_18.jpg,1600x1600
Plum,https://www.photos-public-domain.com/wp-content/uploads/2012/05/pink-plum-blossoms.jpg,Image_19.jpg,1280x1024
Plum,https://www.thespruce.com/thmb/udNHvcBTP9W2Vth5FY1Pc-gtvWQ=/1500x0/filters:no_upscale():max_bytes(150000):strip_icc()/GettyImages-1386791314-70b823fdbb2241d6b51cecf273da3191.jpg,Image_2.jpg,1920x1200
Plum,https://wallpaperaccess.com/full/9128443.jpg,Image_20.jpg,1600x1200
Plum,https://blog.gaijinpot.com/wp-content/uploads/sites/4/2014/03/plum-blossom.jpg,Image_21.jpg,3888x2592
Plum,https://www.photos-public-domain.com/wp-content/uploads/2012/05/plum-blossoms.jpg,Image_22.jpg,1600x1200
Plum,http://www.kanpai-japan.com/sites/default/files/styles/og/public/uploads/2015/07/plum-blossoms-japan-7.jpg?itok=eIZcBCgs,Image_23.jpg,3888x2592
Plum,http://www.photos-public-domain.com/wp-content/uploads/2012/05/thundercloud-plum-blossoms.jpg,Image_24.jpg,1600x1161
Plum,https://cdn.pixabay.com/photo/2022/04/22/03/58/plum-blossoms-7148748_1280.jpg,Image_25.jpg,2000x1242
Plum,http://helonational.com/wp-content/uploads/2017/01/plum-blossom-National-flower-of-taiwan.jpg,Image_26.jpg,1600x1200
Plum,https://www.photos-public-domain.com/wp-content/uploads/2012/04/cistena-plum-blossoms.jpg,Image_27.jpg,4000x3000
Plum,https://images.creativemarket.com/0.1.0/ps/6792273/1820/2730/m1/fpnw/wm1/ts237eoolkpiyfnoke82aykysaltu3ga6gicbxvyrp6yptrpxqrz7kafq1dglgsf-.jpg?1565273308&amp;s=4b0d2f0e24750a8b5f144233c4fd4628,Image_28.jpg,1600x1200
Plum,https://images.freeimages.com/images/large-previews/7cd/plum-blossoms-1-1406720.jpg,Image_29.jpg,2600x2600
Plum,https://www.chfruittreenursery.com/wp-content/uploads/2023/02/GettyImages-1315744451-2cd0500a7a5b464799ec5c26fcb2a3d0.jpg,Image_3.jpg,1024x1024
Plum,http://www.samebluesky.com/wp-content/uploads/2012/03/IMG_7583.jpg,Image_30.jpg,1500x2250
Plum,https://thumbs.dreamstime.com/z/plum-blossom-14511882.jpg,Image_31.jpg,4200x2800
Plum,http://blog.siltanen-photo.net/attachments/Image/IMGP5632.jpg?template=generic,Image_32.jpg,3342x2257
Plum,https://images.freeimages.com/images/large-previews/cb1/plum-blossom-1311060.jpg,Image_33.jpg,960x1440
Plum,https://japansaucedotnet.files.wordpress.com/2017/01/2006_03_24_ume_blossom_zuishinin_temple_dsc_0006.jpg,Image_34.jpg,5196x3464
Plum,https://i.pinimg.com/originals/6f/55/3f/6f553f6e1704be0c4809ecd89eaf6994.jpg,Image_35.webp,1280x960
Plum,https://images.freeimages.com/images/large-previews/7f5/plum-blossoms-2-1406710.jpg,Image_36.jpg,1600x1280
Plum,https://www.simplyrecipes.com/thmb/PM2FXol98G62cRBwvYDp0mAnQoQ=/3900x2600/filters:no_upscale():max_bytes(150000):strip_icc()/Simply-Recipes-Plum-Guide--LEAD-6-2d94d67aac064620abee90526c29030a.jpg,Image_37.jpg,3200x1800
Plum,https://www.simplyrecipes.com/thmb/xvRnKaLStLcztLJ1BfT5NMb6urc=/1500x0/filters:no_upscale():max_bytes(150000):strip_icc()/Simply-Recipes-Plum-Guide--LEAD-8-Labelled-13a170de4cad4f9490bd8acea333170c.jpg,Image_38.jpg,1200x1400
Plum,https://www.simplyrecipes.com/thmb/CXcYT8ypD37UZ7B2RkMDUVc5zGw=/4200x2800/filters:no_upscale():max_bytes(150000):strip_icc()/Simply-Recipes-Plum-Guide--LEAD-5-98920419fc5940838fc1ca1ce5043447.jpg,Image_39.jpg,768x768
Plum,https://www.thespruceeats.com/thmb/4Cdko5ud28AuvYRf6_tA9_BzohM=/3342x2257/filters:no_upscale():max_bytes(150000):strip_icc()/Moyer-Plums-588bc7793df78caebcaba6e2.jpg,Image_4.jpg,1200x1400
Plum,https://www.simplyrecipes.com/thmb/HrnoXrzODqS4eykt8Mg1jhGIrFY=/960x0/filters:no_upscale():max_bytes(150000):strip_icc()/Simply-Recipes-Plum-Guide--LEAD-2-734d802eadd64a03a2dcd7efcbe2392d.jpg,Image_40.jpg,2750x2448
Plum,https://www.thespruceeats.com/thmb/_8cv1VgdlChKpP5tF4d0gjXYEDs=/5196x3464/filters:no_upscale():max_bytes(150000):strip_icc()/greengage-plums-56a5b4b85f9b58b7d0de0cff.jpg,Image_41.jpg,2121x1416
Plum,https://blog.firsttunnels.co.uk/wp-content/uploads/2022/09/juicy-plums-g3342ea439_1920.jpg,Image_42.JPG,3888x2592
Plum,https://images.slurrp.com/prodarticles/geel71lobq9.webp,Image_43.jpg,1920x1440
Plum,https://cdn.mos.cms.futurecdn.net/Gn5QqPbNRjffqwRNaiTTv7-1600-80.jpg,Image_44.jpg,6016x4016
Plum,https://cdn.mos.cms.futurecdn.net/efDdPo5bz3NXc6HjK7sxLN.jpg,Image_45.jpg,1365x2048
Plum,https://i.pinimg.com/originals/c7/0a/5c/c70a5cf2ac475aaae585e5ff7b78768c.jpg,Image_46.jpg,973x1536
Plum,https://insanelygoodrecipes.com/wp-content/uploads/2022/10/Fresh-Organic-Purple-Plums-768x768.jpg,Image_47.jpg,1068x1600
Plum,https://i.pinimg.com/originals/b3/25/60/b32560143b472c4bb265807310ed5cac.jpg,Image_48.png,1000x1500
Plum,https://www.progardentips.com/wp-content/uploads/2020/01/European-Plum-Trees-768x1024.jpg,Image_49.jpg,800x1200
Plum,https://www.thespruceeats.com/thmb/8VEXYGJ0fzGrOamNtfiK4rEBIvs=/2121x1416/filters:no_upscale():max_bytes(150000):strip_icc()/mirabelles-56a5b4ba5f9b58b7d0de0d02.jpg,Image_5.jpg,1280x853
Plum,https://www.waimeanurseries.co.nz/assets/our-products/fruit-trees/plums/ruby-queen/Plum-Ruby-Queen-2.JPG,Image_50.jpg,3416x5040
Plum,http://www.almanac.com/sites/default/files/image_nodes/plums-growing-planting-plums.jpg,Image_6.jpg,2048x1365
Plum,"https://www.thespruceeats.com/thmb/dLMcvGgBUNO3E07_PnRniHubL9k=/6016x4016/filters:fill(auto,1)/stovetop-stewed-plums-cinnamon-3056942-hero-01-bc808a6b7f3445f8ad8b866a356dcc46.jpg",Image_7.jpg,1600x1067
Plum,https://www.davidlebovitz.com/wp-content/uploads/2020/09/Oven-roasted-plums-recipe.jpg,Image_8.jpg,1600x1067
Plum,https://cdn.momsdish.com/wp-content/uploads/2021/08/Classic-Plum-Crumble-Recipe-011.jpg,Image_9.jpg,4256x2832
Kiwi,https://cdn.britannica.com/73/160673-050-22F29F6B/Cluster-kiwis.jpg,Image_1.jpg,1500x1125
Kiwi,https://www.healthifyme.com/blog/wp-content/uploads/2020/01/Kiwi-fruit-1.jpg,Image_10.jpg,3228x2212
Kiwi,http://sophieuliano.com/wp-content/uploads/2016/01/kiwifruit-1000x727.jpg,Image_11.jpg,3188x2356
Kiwi,https://www.fruitrunner.co.uk/wp-content/uploads/2017/08/1499083380.jpg,Image_12.jpg,1200x895
Kiwi,https://recipematic.com/wp-content/uploads/2019/07/How-to-Choose-Store-How-to-Use-Kiwi-Fruit-Benefits-of-Kiwi-Fruit-Calories-and-Nutrition-Facts-tips.jpg,Image_13.jpg,2121x1414
Kiwi,https://static.vecteezy.com/system/resources/previews/012/592/389/large_2x/fresh-kiwi-fruit-slices-closeup-macro-background-photo.jpg,Image_14.jpg,1536x1152
Kiwi,https://www.conservation-nature.fr/wp-content/uploads/visuel/fruit/shutterstock_1470172706.jpg,Image_15.jpg,1242x1239
Kiwi,https://harvesttotable.com/wp-content/uploads/2019/10/bigstock-Juicy-fruits-of-kiwi-fruit-Ki-233114923-scaled.jpg,Image_16.jpg,1500x1500
Kiwi,https://healthyliving.natureloc.com/wp-content/uploads/2015/10/Kiwi-Green-Gold-Splashes.jpg,Image_17.jpg,5456x3637
Kiwi,http://photos.demandstudios.com/getty/article/251/49/93530895.jpg,Image_18.jpg,700x879
Kiwi,https://www.wallpaperflare.com/static/502/36/944/fruit-food-freshness-kiwi-fruit-wallpaper.jpg,Image_19.jpg,2035x2048
Kiwi,https://usercontent1.hubstatic.com/8128254_f496.jpg,Image_2.jpg,1200x1600
Kiwi,https://static.fanpage.it/wp-content/uploads/sites/22/2021/02/iStock-1276945116.jpg,Image_20.png,1024x1024
Kiwi,https://www.gardeningknowhow.com/wp-content/uploads/2021/06/kiwifruit-growing-1536x1152.jpg,Image_21.jpg,1504x1199
Kiwi,https://heathermangieri.com/wp-content/uploads/2013/06/IMG_7234.jpg,Image_22.jpg,1920x1280
Kiwi,https://healthjade.com/wp-content/uploads/2017/09/Actinidia-deliciosa-green-kiwi-fruit-1.jpg,Image_23.png,2464x2546
Kiwi,http://www.lovemysalad.com/sites/default/files/15433078_xxl1.jpg,Image_24.jpg,1600x1071
Kiwi,https://naturebring.com/wp-content/uploads/2019/05/Kiwi-fruit-nb-023.jpg,Image_25.jpg,1600x900
Kiwi,http://www.weaversorchard.com/wp-content/uploads/2014/04/Kiwifruit.jpg,Image_26.png,1650x1230
Kiwi,https://www.theproducemoms.com/wp-content/uploads/2022/01/kiwi-1024x1024.png,Image_27.jpg,800x800
Kiwi,https://images.freeimages.com/images/large-previews/ef9/kiwi-fruit-1328818.jpg,Image_28.jpg,7260x4845
Kiwi,https://scx2.b-cdn.net/gfx/news/hires/2018/kiwifruit.jpg,Image_29.jpg,2000x1751
Kiwi,http://clipart-library.com/img/2004392.png,Image_3.jpg,1000x662
Kiwi,https://cdn.britannica.com/45/126445-050-4C0FA9F6/Kiwi-fruit.jpg,Image_30.jpg,626x567
Kiwi,https://images.news18.com/ibnlive/uploads/2021/09/kiwi-163299398516x9.jpg,Image_31.jpg,2118x1418
Kiwi,http://pluspng.com/img-png/kiwi-png-kiwi-fruit-png-image-1650.png,Image_32.png,1380x1300
Kiwi,https://www.nationalgardens.in/174-large_default/kiwi-fruit-seeds.jpg,Image_33.jpg,1300x1331
Kiwi,https://www.wallpaperflare.com/static/545/413/201/kiwi-fruit-green-food-macro-seeds-wallpaper.jpg,Image_34.jpg,1200x628
Kiwi,https://img.freepik.com/free-vector/realistic-fruits-composition-with-images-whole-sliced-kiwi-fruit-blank-background-vector-illustration_1284-66048.jpg?w=2000,Image_35.jpg,509x339
Kiwi,https://img.freepik.com/premium-photo/kiwi-fruit_693588-486.jpg,Image_36.jpg,640x400
Kiwi,https://www.thespruceeats.com/thmb/6XFoyMe1duzFbpqeABXyfzsPv4A=/2118x1418/filters:no_upscale():max_bytes(150000):strip_icc()/GettyImages-535657883-56abdc3f5f9b58b7d00a0078.jpg,Image_37.jpg,1280x853
Kiwi,http://pluspng.com/img-png/kiwi-hd-png-kiwi-fruit-png-transparent-image-1380.png,Image_38.jpg,946x1200
Kiwi,https://c8.alamy.com/comp/R0J31M/fresh-kiwi-fruit-cut-in-half-isolated-on-white-background-clipping-path-full-depth-of-field-R0J31M.jpg,Image_39.jpg,780x438
Kiwi,https://post.medicalnewstoday.com/wp-content/uploads/sites/3/2020/02/271232_2200-1200x628.jpg,Image_4.jpg,1000x727
Kiwi,https://www.sciencelearn.org.nz/system/images/images/000/000/561/full/Kiwifruit-varieties20151125-6195-150wgju.jpg?1448436884,Image_40.jpg,600x900
Kiwi,https://www.herbazest.com/imgs/1/8/c/830841/kiwi_varieties.jpg,Image_41.jpg,1024x683
Kiwi,https://asoothingfood.com/wp-content/uploads/2023/04/different-types-of-kiwi-fruits.jpg,Image_42.jpg,1000x667
Kiwi,https://usercontent2.hubstatic.com/8165737_f520.jpg,Image_43.jpg,700x651
Kiwi,https://www.tastingtable.com/img/gallery/most-of-the-worlds-kiwi-come-from-this-country/intro-1666303251.jpg,Image_44.jpg,1600x900
Kiwi,https://thumbs.dreamstime.com/b/different-varieties-kiwi-lie-pile-table-halves-red-yellow-green-kiwi-fruit-varieties-different-varieties-275525723.jpg,Image_45.jpg,1600x1066
Kiwi,https://plantura.garden/uk/wp-content/uploads/sites/2/2023/10/types-of-kiwi-1024x683.jpg?x63657,Image_46.jpg,1024x682
Kiwi,https://housegrail.com/wp-content/uploads/2022/08/Green-Kiwi_Mehmet-Cetin_Shutterstock.jpg,Image_47.jpg,1067x1690
Kiwi,https://asian-recipe.com/wp-content/uploads/2022/03/Kiwi-Berries.jpg,Image_48.jpg,2048x1536
Kiwi,https://www.tastingtable.com/img/gallery/4-popular-types-of-kiwi-fruit-explained/l-intro-1710343114.jpg,Image_49.jpg,840x823
Kiwi,https://cdn.mos.cms.futurecdn.net/zWVBDFiLhJQvjnVoKM5cBk-1600-80.jpg,Image_5.jpg,1400x787
Kiwi,http://gardenandhappy.com/wp-content/uploads/2018/11/kiwi_plant_1542034856-1024x682.jpg,Image_50.jpg,4516x3006
Kiwi,https://thumbs.dreamstime.com/z/three-varieties-kiwi-fruit-vertical-three-varieties-kiwi-fruit-table-vertical-copy-space-232150886.jpg,Image_6.jpg,900x940
Kiwi,http://growingfruit-images.s3-us-west-2.amazonaws.com/original/3X/3/0/3000d2e0118ede2d98c566298ac53b67ed9c151b.jpg,Image_7.jpg,2940x1960
Kiwi,http://kiwi-fruit.info/wp-content/uploads/2015/08/kiwifruit-species.jpg,Image_8.jpg,1200x903
Kiwi,"https://www.thespruce.com/thmb/5Uny-m9gYobEovesHdPGwNglAlc=/4516x3006/filters:fill(auto,1)/growing-kiwi-vines-in-your-landscape-3269410-hero-fcf299ebba084f5aa940d5432a4fd7dc.jpg",Image_9.jpg,2560x1707
Lemon,https://www.thespruceeats.com/thmb/-EUlIYa48XZTiQgfWISz4UBQq18=/2048x1463/filters:no_upscale():max_bytes(150000):strip_icc()/GettyImages-1132020307-176f30aecb1a437ea2be78c12298f4b2.jpg,Image_1.jpg,1600x1067
Lemon,https://www.tastingtable.com/img/gallery/31-types-of-lemons-and-what-makes-them-unique/l-intro-1656086555.jpg,Image_10.jpg,1600x1399
Lemon,https://cdn.britannica.com/04/75904-050-B8D600E6/Lemons-tree.jpg,Image_11.jpg,1600x1587
Lemon,https://www.wallpaperbetter.com/wallpaper/589/824/29/lemon-fruit-free-hd-widescreen-1080P-wallpaper.jpg,Image_12.jpg,1005x1024
Lemon,https://cdn.pixabay.com/photo/2022/04/26/09/44/lemons-7157953_1280.jpg,Image_13.jpg,725x900
Lemon,https://www.schoolphotoproject.com/_picture-of-fruits/lemon-photo1-l.jpg,Image_14.jpg,1600x1647
Lemon,https://www.nature-and-garden.com/wp-content/uploads/sites/4/2018/10/lemon-tree.jpg,Image_15.jpg,800x643
Lemon,https://static.pexels.com/photos/66261/lemon-orange-fruit-citrine-66261.jpeg,Image_16.jpg,800x759
Lemon,https://thumbs.dreamstime.com/z/fresh-lemon-fruit-leaves-isolated-white-raw-89130046.jpg,Image_17.jpg,800x800
Lemon,https://thumbs.dreamstime.com/z/half-lemon-fruit-slice-isolated-white-perfectly-retouched-sliced-background-clipping-path-one-best-lemons-slices-113079630.jpg,Image_18.jpg,1600x1157
Lemon,http://st.depositphotos.com/2075661/4142/i/950/depositphotos_41425985-stock-photo-lemon-fruit-slice-isolated.jpg,Image_19.jpg,1600x1690
Lemon,https://thumbs.dreamstime.com/b/lemon-fruit-slice-isolated-white-perfectly-retouched-background-clipping-path-one-best-lemons-slices-you-have-114004067.jpg,Image_2.jpg,2048x1463
Lemon,https://thumbs.dreamstime.com/z/half-lemon-fruit-slice-isolated-white-perfectly-retouched-sliced-background-clipping-path-one-best-lemons-slices-117090800.jpg,Image_20.jpg,3216x3464
Lemon,https://thumbs.dreamstime.com/b/perfectly-retouched-lemon-fruit-slice-isolated-white-background-clipping-path-one-best-lemons-slices-you-have-115607683.jpg,Image_21.jpg,1500x1600
Lemon,https://media.istockphoto.com/photos/lemon-fruit-slice-circle-isolated-on-white-picture-id472148208?k=6&amp;m=472148208&amp;s=612x612&amp;w=0&amp;h=ofPgAocPKJlW_7-u6lLwhpXwxF_P0nRNj_WoXhpVPzs=,Image_22.jpg,1300x1390
Lemon,https://thumbs.dreamstime.com/b/lemon-fruit-slice-isolated-white-background-clipping-path-lemon-fruit-slice-110847699.jpg,Image_23.jpg,1600x1690
Lemon,https://thumbs.dreamstime.com/b/lemon-fruit-slice-isolated-white-lemon-fruit-slice-isolated-white-background-219183229.jpg,Image_24.png,1920x1920
Lemon,https://thumbs.dreamstime.com/z/slice-lemon-fruit-isolated-38113106.jpg,Image_25.jpg,1600x1504
Lemon,https://thumbs.dreamstime.com/z/lemon-fruit-slice-lemon-fruit-slice-isolated-white-background-clipping-path-110735091.jpg,Image_26.jpg,1600x1290
Lemon,https://jooinn.com/images/lemon-slice-4.jpg,Image_27.jpg,1600x1233
Lemon,https://www.shutterstock.com/shutterstock/photos/250783840/display_1500/stock-photo-lemon-fruit-slice-isolated-on-white-250783840.jpg,Image_28.jpg,800x600
Lemon,https://c8.alamy.com/comp/AHMY4F/lemon-fruit-slice-close-up-AHMY4F.jpg,Image_29.png,1920x1440
Lemon,https://thumbs.dreamstime.com/z/lemon-fruit-slice-isolated-white-background-clipping-path-lemon-fruit-slice-110413662.jpg,Image_3.jpg,1600x901
Lemon,https://static.vecteezy.com/system/resources/previews/020/523/110/original/fresh-sliced-lemon-fruits-isolated-png.png,Image_30.jpg,1512x2016
Lemon,https://thumbs.dreamstime.com/z/lemon-fruit-slice-lemon-fruit-slice-leaf-isolated-white-background-109909306.jpg,Image_31.jpg,1600x1200
Lemon,https://thumbs.dreamstime.com/z/lemon-fruit-slice-sliced-yellow-citrus-limon-vegetarian-food-145696671.jpg,Image_32.jpg,1200x900
Lemon,https://thumbs.dreamstime.com/z/lemon-fruit-slice-two-slices-white-background-144263186.jpg,Image_33.jpg,1200x1200
Lemon,https://thumbs.dreamstime.com/b/lemon-fruit-slice-sliced-yellow-citrus-limon-vegetarian-food-143838925.jpg,Image_34.jpg,566x848
Lemon,https://static.vecteezy.com/system/resources/previews/023/987/520/original/green-lemon-fruit-slice-image-free-png.png,Image_35.jpg,800x800
Lemon,http://cdn.kdhamptons.com/wp-content/uploads/2020/03/27160741/IMG_0356.jpg,Image_36.jpg,1500x1000
Lemon,https://www.gardeningknowhow.com/wp-content/uploads/2021/03/lemon-tree.jpg,Image_37.jpg,5949x3966
Lemon,https://housefur.com/wp-content/uploads/2021/03/etsy-meyer-lemon-tree-1536x1536.jpg,Image_38.jpg,560x560
Lemon,https://img.sunset02.com/sites/default/files/styles/4_3_horizontal_-_1200x900/public/image/2016/09/main/meyer-lemons-0310.jpg?itok=M7-KTY8C,Image_39.jpg,800x534
Lemon,https://www.progardentips.com/wp-content/uploads/2020/01/Eureka-lemon-1648x2048.jpg,Image_4.jpg,1600x1067
Lemon,https://www.yarden.com/wp-content/uploads/2018/08/Dwarf-Meyer-Lemon-Tree-01.jpg,Image_40.jpg,1504x1128
Lemon,https://www.thetreecenter.com/wp-content/uploads/2014/06/meyer-lemon-1.jpg,Image_41.jpg,1600x1200
Lemon,http://starkbros.com/images/dynamic/2238-960x960.jpg,Image_42.jpeg,800x1067
Lemon,https://www.thespruce.com/thmb/rmlXUH96NF1DPe1UJV6vsvdFZUA=/1500x0/filters:no_upscale():max_bytes(150000):strip_icc()/lemon-tree-plant-profile-4846327-3-b9b35325794c465f962a5f472bc8a6b2.jpg,Image_43.jpg,1280x720
Lemon,https://i.pinimg.com/originals/34/3b/da/343bdae6aca4f8d4e03f286e0abab5a8.jpg,Image_44.jpg,960x1200
Lemon,https://www.starkbros.com/images/dynamic/5657-560x560-fillv.jpg,Image_45.jpg,728x514
Lemon,https://thumbs.dreamstime.com/b/lemon-fruit-tree-fresh-91184231.jpg,Image_46.jpg,900x900
Lemon,https://www.lovethegarden.com/sites/default/files/content/articles/UK_lemon-tree-in-blossom.jpg,Image_47.jpg,4608x3072
Lemon,https://www.gardeningknowhow.com/wp-content/uploads/2020/11/ripe-lemons-on-lemon-tree.jpg,Image_48.jpeg,600x900
Lemon,http://ashevillegardener.com/wp-content/uploads/2023/11/IMG_6717.jpeg,Image_49.jpg,1500x1000
Lemon,https://i.ytimg.com/vi/DooPww-e8Xk/maxresdefault.jpg,Image_5.jpg,1920x1200
Lemon,https://usercontent2.hubstatic.com/9629795.jpg,Image_50.jpg,2000x1125
Lemon,https://www.thetutuguru.com.au/wp-content/uploads/2014/01/Dwarf-Meyer-Lemon-Tree.jpg,Image_6.jpg,1280x853
Lemon,https://images.bonanzastatic.com/afu/images/5c85/b5e1/2e17_4909629890/rm-giant-lemon-yellow-fruit-tree-seeds-20-seeds-professional-pack-organic-big-fruits-home-garden.jpg,Image_7.jpg,2272x1704
Lemon,https://get.pxhere.com/photo/plant-fruit-aroma-orange-food-produce-lemonade-drink-health-lemon-energy-juice-refreshment-the-sun-citrus-impression-brightness-soft-drink-flowering-plant-joy-of-life-rays-of-the-sun-vitamin-c-fruit-juice-the-addition-of-energy-boost-juicy-citrus-land-plant-lemon-lime-lemon-juice-glare-of-the-sun-a-glass-of-juice-1043427.jpg,Image_8.jpg,1024x1024
Lemon,https://www.recipevibes.com/wp-content/uploads/2021/03/lemon-juice-pic.jpeg,Image_9.jpeg,3872x2592
Strawberry,https://get.pxhere.com/photo/strawberry-natural-foods-strawberries-fruit-produce-food-superfood-diet-food-accessory-fruit-macro-photography-frutti-di-bosco-still-life-photography-local-food-1539941.jpg,Image_1.jpeg,3960x2640
Strawberry,https://cdn.britannica.com/22/75922-050-D3982BD0/flowers-fruits-garden-strawberry-plant-species.jpg,Image_10.jpg,1280x1024
Strawberry,https://cdn.pixabay.com/photo/2022/06/08/21/42/strawberries-7251299_1280.jpg,Image_11.png,1280x1500
Strawberry,https://pixnio.com/free-images/flora-plants/fruits/strawberries-pictures/strawberry-fruit.jpg,Image_12.jpg,3616x2852
Strawberry,"https://www.thespruce.com/thmb/vp67m8j7PBJkWAYVJBlaZmPnrH0=/5400x3604/filters:fill(auto,1)/how-to-grow-strawberries-from-seed-2539934-01-73c138a5c3454c41b285a56c9807ad01.jpg",Image_13.jpg,1080x1080
Strawberry,https://cdn.pixabay.com/photo/2016/03/30/16/58/strawberry-1290966_1280.jpg,Image_14.jpg,1080x1433
Strawberry,https://cdn.pixabay.com/photo/2023/06/18/21/33/fruit-8072804_1280.jpg,Image_15.jpg,1200x986
Strawberry,https://plantura.garden/uk/wp-content/uploads/sites/2/2022/07/strawberry-fruit.jpg,Image_16.jpg,1920x1920
Strawberry,http://2.bp.blogspot.com/__jinAaXs1i4/TJmi218vpLI/AAAAAAAAAQk/sx0QnttvfyA/s1600/strawberries.jpg,Image_17.jpg,564x733
Strawberry,http://www.freepngimg.com/download/strawberry/23452-1-strawberry-picture.png,Image_18.jpg,1280x1664
Strawberry,http://drannwellness.com/wp-content/uploads/2014/03/strawberries1.jpg,Image_19.jpg,770x1110
Strawberry,https://i.pinimg.com/originals/12/ff/b1/12ffb151402e1fe89ad0f706f00eabd1.jpg,Image_2.jpg,5456x3632
Strawberry,https://i.etsystatic.com/8522241/r/il/562c8b/792000180/il_1080xN.792000180_nd8k.jpg,Image_20.jpg,736x513
Strawberry,https://i.pinimg.com/originals/a0/66/ec/a066ec4e10aa2200f4496679243c0e26.jpg,Image_21.jpg,1280x720
Strawberry,https://static.vecteezy.com/system/resources/previews/003/756/498/original/strawberry-fruit-illustration-vector.jpg,Image_22.jpg,897x900
Strawberry,https://i.pinimg.com/originals/ee/86/5a/ee865ac5704fc0a16644da3293ca8f5b.jpg,Image_23.jpg,900x900
Strawberry,https://i.etsystatic.com/40990970/r/il/47b7bf/4686121149/il_fullxfull.4686121149_ecwo.jpg,Image_24.png,694x1027
Strawberry,https://i.pinimg.com/originals/2f/05/83/2f0583dd22696f292adda1a9d16bb25c.jpg,Image_25.jpg,570x571
Strawberry,https://i.pinimg.com/736x/34/42/8d/34428d3df2adc322363c212ff4a61153.jpg,Image_26.jpg,1080x810
Strawberry,https://i.ytimg.com/vi/wNFC82zFFzM/maxresdefault.jpg,Image_27.jpg,600x600
Strawberry,https://images.fineartamerica.com/images/artworkimages/mediumlarge/1/strawberry-ivy-stevens-gupta.jpg,Image_28.png,1073x859
Strawberry,https://images.fineartamerica.com/images-medium-large-5/strawberry-aaron-spong.jpg,Image_29.jpg,700x875
Strawberry,https://i.pinimg.com/originals/6a/cd/02/6acd02cb39d42fb73d72c7410ce03573.png,Image_3.jpg,1600x991
Strawberry,https://i.etsystatic.com/9874746/r/il/c29701/3728770409/il_570xN.3728770409_9o08.jpg,Image_30.jpg,1600x1206
Strawberry,https://i.etsystatic.com/27646547/r/il/d418ab/3170692234/il_1080xN.3170692234_89sq.jpg,Image_31.png,1200x1329
Strawberry,https://i.pinimg.com/originals/51/47/48/514748c7bae183f265a08b034014a47c.jpg,Image_32.jpg,1920x1920
Strawberry,https://www.pngmart.com/files/20/Watercolor-Strawberry-PNG-Image.png,Image_33.jpg,960x960
Strawberry,https://images.squarespace-cdn.com/content/v1/5ea2ece99c62cc1c1c322a6c/1622567489339-46NI9VRD9I9S7A0O57Z0/Miriam-Bos-copyright-PP-PRINT-strawberry-insta.jpg,Image_34.jpg,1200x1800
Strawberry,https://2.bp.blogspot.com/-gyreBBi9EpY/VvCnSZYL3nI/AAAAAAAAang/RZrCS5ZWeoc0N6WWCP6vkIer0pVAH0YUw/s1600/strawberry-fruit-basket-download.jpg,Image_35.jpg,684x1024
Strawberry,https://2.bp.blogspot.com/-_vOTMkRT860/V63vnjmrmII/AAAAAAAAc98/EvINCO2O5ckSgdQev-Ka2vTxMVfD4WNvwCLcB/s1600/strawberry-fruit-illustration-image-berry-png.png,Image_36.jpg,1024x1536
Strawberry,https://static.vecteezy.com/system/resources/previews/005/498/098/original/illustration-fruit-strawberry-hand-draw-style-painting-vector.jpg,Image_37.jpg,1200x1600
Strawberry,http://images.media-allrecipes.com/userphotos/960x960/3759015.jpg,Image_38.jpg,1100x1513
Strawberry,https://www.eatingbirdfood.com/wp-content/uploads/2021/03/fruit-salad-close-up.jpg,Image_39.jpg,1200x1200
Strawberry,https://www.julieseatsandtreats.com/wp-content/uploads/2015/06/Fruit-Salad-Recipe-684x1024.jpg,Image_4.jpg,1280x854
Strawberry,https://www.healthy-liv.com/wp-content/uploads/2015/05/IMG_4621.jpg,Image_40.jpg,1200x1800
Strawberry,https://globallyflavored.com/wp-content/uploads/2020/09/strawberry-salad.jpg,Image_41.jpg,1200x795
Strawberry,https://cookieandkate.com/images/2016/08/summertime-fruit-salad-1.jpg,Image_42.jpg,1200x1800
Strawberry,https://www.tasteofhome.com/wp-content/uploads/2018/01/Special-Strawberry-Salad_exps6629_NBC143387B01_17_5b_RMS.jpg,Image_43.jpg,1213x1500
Strawberry,https://www.wellplated.com/wp-content/uploads/2021/05/Delicious-Fruit-Salad.jpg,Image_44.jpg,2205x3006
Strawberry,https://www.onceuponachef.com/images/2014/04/Strawberry-Orange-Salad-with-Syrup-1200x795.jpg,Image_45.jpg,960x1200
Strawberry,https://www.cookingclassy.com/wp-content/uploads/2018/03/fruit-salad-2.jpg,Image_46.jpg,1461x2048
Strawberry,https://sprinklesandsauce.com/wp-content/uploads/2014/08/strawberry-and-blueberry-fruit-salad-1213x1500.jpg,Image_47.jpg,1200x1800
Strawberry,http://myincrediblerecipes.com/wp-content/uploads/2017/04/fruitmanin.jpg,Image_48.jpg,1000x1503
Strawberry,https://lh3.googleusercontent.com/F1HhdXwFfaWe_kbBe2MbxTdBLCBL5AILc3Ra4Z4R7H-XRdoBO984FL6Sgfs-FM75-iK2y_xgiYX13KcNOkEwol4=s1200-rj-v1-e365,Image_49.jpg,533x800
Strawberry,https://reciperunner.com/wp-content/uploads/2021/05/berry-fruit-salad-photo-1461x2048.jpg,Image_5.jpg,1012x1356
Strawberry,https://i.pinimg.com/originals/f5/6a/7f/f56a7ff340e81188f4112b4c72c97197.jpg,Image_50.jpg,650x975
Strawberry,https://therecipecritic.com/wp-content/uploads/2012/06/strawberry_cheesecake_salad_hero.jpg,Image_6.jpg,5400x3604
Strawberry,https://farm4.staticflickr.com/3876/14360380888_e6b017f59b_c.jpg,Image_7.jpg,1029x1280
Strawberry,https://sugarzam.com/wp-content/uploads/2022/08/Strawberry-Banana-Salad-1.jpg,Image_8.jpg,1280x853
Strawberry,URL Not Available,Image_9.jpg,1500x1001
Cherry,https://images.pexels.com/photos/768009/pexels-photo-768009.jpeg?cs=srgb&amp;dl=blurred-background-cherries-close-up-768009.jpg&amp;fm=jpg,Image_1.jpg,2880x1800
Cherry,https://www.fruitsinfo.com/fruit-facts/wp-content/uploads/2020/12/cherry.jpg?x33963,Image_10.png,1280x1106
Cherry,https://wallpaperaccess.com/full/2637803.jpg,Image_11.jpg,1200x1140
Cherry,https://www.lovethegarden.com/sites/default/files/content/articles/uk/ripe-cherries-growing-on-cherry-tree.jpg,Image_12.jpg,877x1024
Cherry,https://freepngimg.com/download/cherry/34970-4-cherry-fruit-image.png,Image_13.jpg,3840x2160
Cherry,https://www.tasteofhome.com/wp-content/uploads/2017/07/Big-Cherries.jpg,Image_14.jpg,1047x1536
Cherry,https://www.wallpaperflare.com/static/1004/984/936/cherry-fruit-close-up-drops-wallpaper.jpg,Image_15.jpg,700x700
Cherry,https://idsb.tmgrup.com.tr/ly/uploads/images/2020/06/10/40164.jpg,Image_16.jpg,695x929
Cherry,https://purepng.com/public/uploads/medium/purepng.com-cherriescherryornamental-cherrycherry-blossomstone-fruit-1701527192518ik33p.png,Image_17.jpg,907x1032
Cherry,http://graphics8.nytimes.com/newsgraphics/2014/06/16/bittman-eat-cherry/ed5c4f4c098cd142650d7c00014e71abf85d2f86/eatopener_cherry.jpg,Image_18.jpg,1600x900
Cherry,https://www.nature-and-garden.com/wp-content/uploads/sites/4/2018/06/cherry-tree.jpg,Image_19.jpg,1000x667
Cherry,http://www.wallpaperbetter.com/wallpaper/699/896/936/lot-of-cherries-sweet-fruits-4K-wallpaper.jpg,Image_2.jpeg,4752x3168
Cherry,https://www.onlyfoods.net/wp-content/uploads/2020/07/Types-of-Cherries-1047x1536.jpg,Image_20.jpg,1200x1200
Cherry,https://www.tasteofhome.com/wp-content/uploads/2020/06/GettyImages-1097722590.jpg?fit=700%2C700,Image_21.jpg,683x1024
Cherry,https://i.pinimg.com/736x/45/bb/39/45bb398194b2e9ba5630c59768ceaf23.jpg,Image_22.jpg,735x1295
Cherry,https://i.pinimg.com/originals/fa/df/42/fadf424c212160466c13d41147b34019.jpg,Image_23.jpg,1400x1000
Cherry,https://www.tastingtable.com/img/gallery/30-types-of-cherries-explained/l-intro-1660840493.jpg,Image_24.jpg,800x600
Cherry,https://www.popoptiq.com/wp-content/uploads/2019/01/yellow-cherries-jan092019-min.jpg,Image_25.jpg,800x600
Cherry,https://www.tasteofhome.com/wp-content/uploads/2020/06/GettyImages-827876192.jpg,Image_26.jpg,1000x666
Cherry,https://insanelygoodrecipes.com/wp-content/uploads/2022/10/Fresh-Ripe-Cherry-Fruit-with-Leaves-683x1024.jpg,Image_27.jpg,1000x1000
Cherry,https://i.pinimg.com/736x/67/09/71/6709710b365cc2cef3f6229bdc35e5b5.jpg,Image_28.jpg,600x528
Cherry,https://www.homefortheharvest.com/wp-content/uploads/2022/10/stella-cherry-tree-fruiting.jpg,Image_29.jpg,600x529
Cherry,https://asian-recipe.com/wp-content/uploads/2021/11/img_6180e6fba8d96.jpg,Image_3.jpg,2560x2048
Cherry,https://stylesatlife.com/wp-content/uploads/2021/12/cherries.jpg,Image_30.jpg,768x576
Cherry,https://www.plantsnap.com/wp-content/uploads/2020/12/shutterstock_1254294154.jpg,Image_31.jpg,1280x720
Cherry,https://www.onlyfoods.net/wp-content/uploads/2020/07/Lapins-Cherry.jpg,Image_32.jpg,720x400
Cherry,https://stylesatlife.com/wp-content/uploads/2021/12/Montmorency-Cherry.jpg,Image_33.jpg,1280x844
Cherry,https://stylesatlife.com/wp-content/uploads/2021/12/Stardust-Cherry.jpg,Image_34.jpg,4288x2848
Cherry,https://northernnester.com/wp-content/uploads/2020/12/cherry-types-768x576.jpg,Image_35.jpg,2120x1408
Cherry,https://i.ytimg.com/vi/XrIZvXvuKvg/maxresdefault.jpg,Image_36.jpg,1200x1600
Cherry,https://leafyplace.com/wp-content/uploads/2020/11/cherry-fruit2.jpg,Image_37.jpg,1500x1125
Cherry,https://bdn-ss-hh.s3.amazonaws.com/uploads/2019/06/cherry-1437707_1280.jpg,Image_38.jpg,1600x1200
Cherry,"https://www.thespruce.com/thmb/TbcIs7QiCdCLfAguU8loOSXNtnQ=/4288x2848/filters:fill(auto,1)/kwanzan-cherry-trees-2132134-01-c71b6c8d24d94546921dac24c074472d.jpg",Image_39.jpg,809x989
Cherry,https://pallensmith.com/wp-content/uploads/2015/12/09_12735-web.jpg,Image_4.jpg,1600x1356
Cherry,https://growingandgathering.com/wp-content/uploads/2012/12/Cherries.jpg,Image_40.jpg,5400x3575
Cherry,https://www.hopesgrovenurseries.co.uk/wp-content/uploads/2019/09/cherry-stella-3-1500x1125.jpg,Image_41.jpg,1698x1131
Cherry,https://www.gardeningknowhow.com/wp-content/uploads/2023/05/cherries.jpg,Image_42.jpg,1280x720
Cherry,https://cdn.shopify.com/s/files/1/0249/4994/8471/products/combination_cherry_1_809x989.jpg?v=1575705183,Image_43.jpg,2000x1125
Cherry,https://www.thespruce.com/thmb/J2Je3xHZpnnK29p4Rn_MLdOa4ZQ=/5400x3575/filters:no_upscale():max_bytes(150000):strip_icc()/dwarf-fruit-trees-4588521-02-cb9992fa5ed6425494afcc0c542b7335.jpg,Image_44.jpg,2048x1536
Cherry,https://www.sundaypost.com/wp-content/uploads/sites/13/2016/03/24737177.jpg,Image_45.jpg,900x900
Cherry,https://i.ytimg.com/vi/2nX6l-Tfq6g/maxresdefault.jpg,Image_46.jpg,1600x1200
Cherry,https://cdn.mos.cms.futurecdn.net/ty8SeEGWYf5LFF2cdfwnad.jpg,Image_47.jpg,1200x1051
Cherry,https://pixnio.com/free-images/flora-plants/fruits/cherry-fruit-pictures/cherry-fruit-on-tree.jpg,Image_48.jpg,1504x1128
Cherry,https://mobileimages.lowes.com/product/converted/192665/192665009204.jpg,Image_49.jpg,1200x1200
Cherry,https://www.gardeningknowhow.com/wp-content/uploads/2020/11/cherry-tree.jpg,Image_5.jpg,1504x1128
Cherry,https://images.saymedia-content.com/.image/t_share/MTczOTM2NzY0NDA5MzU4MTc3/best-advice-for-growing-cherry-trees-in-pots.jpg,Image_50.jpg,1024x1024
Cherry,https://www.lovethegarden.com/sites/default/files/content/articles/UK_ripe-cherries-on-tree.jpg,Image_6.png,1189x1200
Cherry,https://img.thrfun.com/img/238/818/trees_tx.jpg,Image_7.jpg,1200x1200
Cherry,http://cantstayoutofthekitchen.com/wp-content/uploads/Cherry-Fruit-Salad-IMG_6361.jpg,Image_8.jpg,4272x2848
Cherry,https://cantstayoutofthekitchen.com/wp-content/uploads/Cherry-Fruit-Salad-IMG_6460.jpg,Image_9.jpg,2121x1414
Dragon Fruit,https://www.foodrepublic.com/img/gallery/how-to-eat-a-dragon-fruit-and-bring-out-its-flavors/l-intro-1687992760.jpg,Image_1.jpg,1296x728
Dragon Fruit,https://morningchores.com/wp-content/uploads/2020/10/growing-dragon-fruits.jpg,Image_10.jpg,600x600
Dragon Fruit,https://www.healthbenefitstimes.com/9/gallery/dragon-fruit/Dragon-fruit.jpg,Image_11.jpg,960x1280
Dragon Fruit,https://i1.wp.com/naturalfoodsfacts.com/wp-content/uploads/2018/09/Dragon-Fruit.jpg?fit=1920%2C1440&amp;ssl=1,Image_12.jpg,2000x3000
Dragon Fruit,https://www.liveeatlearn.com/wp-content/uploads/2022/09/How-to-Cut-Dragonfruit-13.jpg,Image_13.png,1000x1000
Dragon Fruit,https://media.geeksforgeeks.org/wp-content/uploads/20230202163817/Dragon-fruits-1.jpg,Image_14.jpg,1280x720
Dragon Fruit,https://www.tastingtable.com/img/gallery/how-to-eat-dragon-fruit-for-the-uninitiated/intro-1682966430.jpg,Image_15.jpg,1200x1600
Dragon Fruit,https://thefoodiephysician.com/wp-content/uploads/2022/01/all-about-dragon-fruit.jpg,Image_16.jpg,1280x720
Dragon Fruit,https://cocohitech.com/wp-content/uploads/2021/03/759e2962e247106d43160fce79832dd0.jpg,Image_17.jpg,770x515
Dragon Fruit,https://dragonfruit.net.vn/wp-content/uploads/2023/04/vietnamese-yellow-dragon-fruit1.jpg,Image_18.jpg,800x1200
Dragon Fruit,https://eatingrichly.com/wp-content/uploads/2018/03/dragon-fruit-4553.jpg,Image_19.jpg,760x507
Dragon Fruit,http://sapodaklak.com/wp-content/uploads/2020/09/Dragon-Fruit.png,Image_2.jpg,1600x899
Dragon Fruit,https://www.planetnatural.com/wp-content/uploads/2023/07/Dragon-fruits-ready-for-harvest.jpg,Image_20.jpg,1360x942
Dragon Fruit,https://www.gardenloversclub.com/wp-content/uploads/2016/11/Dragon-fruit-field.jpg,Image_21.jpg,700x490
Dragon Fruit,https://joyfuldumplings.com/wp-content/uploads/2023/01/yellow-dragon-fruit-5.jpg,Image_22.jpg,700x490
Dragon Fruit,https://www.planetnatural.com/wp-content/uploads/2023/07/Dragon-fruit-plantation.jpg,Image_23.jpg,1944x1944
Dragon Fruit,https://www.foodinfotech.com/wp-content/uploads/2022/09/Red-Dragon-Fruit-plant.jpg,Image_24.jpg,1200x800
Dragon Fruit,https://gardenerspath.com/wp-content/uploads/2022/09/Best-Dragon-Fruit-Varieties-Pin.jpg,Image_25.jpg,1280x720
Dragon Fruit,"https://media-cldnry.s-nbcnews.com/image/upload/t_fit-760w,f_auto,q_auto:best/rockcms/2023-04/yellow-dragon-fruit-laxative-zz-230405-54e847.jpg",Image_26.jpg,1500x998
Dragon Fruit,https://eco-fruits.com/wp-content/uploads/2020/03/Artboard-13434.jpg,Image_27.jpg,1280x720
Dragon Fruit,https://www.cuddlynest.com/blog/wp-content/uploads/2022/12/amazing-thai-fruits-dragon-fruit.jpg,Image_28.jpg,1237x1080
Dragon Fruit,https://cdn.kitchensanity.com/wp-content/uploads/can-you-eat-dragon-fruit-skin.jpg,Image_29.jpg,1200x667
Dragon Fruit,https://cdn.kitchensanity.com/wp-content/uploads/why-is-dragon-fruit-so-expensive.jpg,Image_3.jpg,1200x800
Dragon Fruit,http://imagehost.vendio.com/preview/a/35021333/aview/Dragonfruit_YS_22.jpg,Image_30.jpg,2048x1459
Dragon Fruit,https://gardentabs.com/wp-content/uploads/2023/01/17.-ORCHID-CACTUS-VS.-DRAGON-FRUIT-What-Are-The-Differences.jpg,Image_31.jpg,1158x804
Dragon Fruit,https://www.planetnatural.com/wp-content/uploads/2023/07/Woman-with-fruit-from-dragon-fruit-plant.jpg,Image_32.jpg,732x549
Dragon Fruit,https://wildyards.com/wp-content/uploads/2022/10/dragon-fruit-soil.jpg,Image_33.jpg,780x438
Dragon Fruit,https://www.730sagestreet.com/wp-content/uploads/2023/02/Dragon-Fruit-Recipes.jpg,Image_34.jpg,1280x720
Dragon Fruit,https://i.ytimg.com/vi/Wn77PmbeoJU/maxresdefault.jpg,Image_35.jpg,780x438
Dragon Fruit,http://i262.photobucket.com/albums/ii108/7_Heads/succulents/Dragonfruit_YS_24.jpg,Image_36.jpg,1280x720
Dragon Fruit,https://images.indianexpress.com/2023/01/dragon-fruits.jpg,Image_37.jpg,1200x1200
Dragon Fruit,https://livelovefruit.com/wp-content/uploads/2014/04/dragonfruitinfo.jpg,Image_38.jpg,1200x1600
Dragon Fruit,https://static.vikaspedia.in/mediastorage/image/dragon_fruit_plants.png,Image_39.png,1403x936
Dragon Fruit,https://i.pinimg.com/originals/81/a1/f1/81a1f19872fb258f1e889d72f2b1493a.jpg,Image_4.jpg,1403x936
Dragon Fruit,https://post.healthline.com/wp-content/uploads/2020/09/AN445-Dragonfruit-732x549-thumb.jpg,Image_40.jpg,736x414
Dragon Fruit,https://www.tastingtable.com/img/gallery/why-a-massive-surge-in-dragon-fruit-spells-trouble-for-some-farmers/intro-1664051204.jpg,Image_41.png,1200x1200
Dragon Fruit,https://i.ytimg.com/vi/GBDnR3f5ktI/maxresdefault.jpg,Image_42.jpg,6000x4000
Dragon Fruit,https://pillarofgaming.com/wp-content/uploads/2022/12/Blox-Fruits-Dragon-1120x630.webp,Image_43.png,1470x980
Dragon Fruit,https://gamertweak.com/wp-content/uploads/2022/09/blox-fruits-how-to-get-dragon-fruit.jpg,Image_44.jpg,1280x720
Dragon Fruit,https://www.foodrepublic.com/img/gallery/how-to-eat-a-dragon-fruit-and-bring-out-its-flavors/intro-1687992760.jpg,Image_45.jpg,1280x720
Dragon Fruit,https://i.ytimg.com/vi/HjPwNuAI5NM/maxresdefault.jpg,Image_46.jpg,750x440
Dragon Fruit,https://www.agrifarming.in/wp-content/uploads/High-Density-Dragon-Fruit-Plantation-1.jpg,Image_47.jpg,720x900
Dragon Fruit,https://joyfuldumplings.com/wp-content/uploads/2023/01/yellow-dragon-fruit-4.jpg,Image_48.jpg,1000x669
Dragon Fruit,https://www.pngmart.com/files/22/Dragon-Fruit-PNG-Pic.png,Image_49.jpg,1200x1503
Dragon Fruit,https://i.pinimg.com/736x/04/93/36/049336677ebe65e0da46dac1be0a82c3.jpg,Image_5.jpg,1920x1440
Dragon Fruit,https://png.pngtree.com/png-clipart/20231005/original/pngtree-dragon-fruit-and-slice-on-transparent-background-png-image_13279279.png,Image_50.jpg,5472x3648
Dragon Fruit,https://www.bhg.com/thmb/4EI597TYNkiIB-z1eZ2GAd1RGqI=/6000x0/filters:no_upscale():strip_icc()/how-to-grow-dragon-fruit-from-seeds-1439243080-5eb4ac7a49794679ae814772f00724fe.jpg,Image_6.jpg,1200x1800
Dragon Fruit,https://static.vecteezy.com/system/resources/previews/010/987/513/non_2x/ripe-dragon-fruit-with-half-isolated-on-white-background-with-clipping-path-png.png,Image_7.jpg,1000x470
Dragon Fruit,https://i.ytimg.com/vi/_bgVOvJ2A0w/maxresdefault.jpg,Image_8.jpg,780x438
Dragon Fruit,https://i.ytimg.com/vi/q7NsAD-RSc8/maxresdefault.jpg,Image_9.jpg,1200x1800
Custard Apple,https://www.healthifyme.com/blog/wp-content/uploads/2020/01/custard-apple-cover-1.jpg,Image_1.jpg,1600x1093
Custard Apple,https://swikblog.com/wp-content/uploads/2017/10/custard-apple-2.jpg,Image_10.jpg,1197x1390
Custard Apple,https://blog.bigbasket.com/wp-content/uploads/2022/08/custard-apple-e1661180124386.jpeg,Image_11.jpg,2120x3332
Custard Apple,http://naturebring.com/wp-content/uploads/2017/03/custard-affrrpple-1024x768.jpg,Image_12.jpg,768x515
Custard Apple,https://www.horticultureguruji.in/wp-content/uploads/2021/08/fruit-621842_1920.jpg,Image_13.jpg,1024x576
Custard Apple,https://thumbs.dreamstime.com/b/custard-apple-fruit-179793174.jpg,Image_14.jpg,800x431
Custard Apple,https://thumbs.dreamstime.com/b/custard-apple-tree-garden-fruit-tropical-58880434.jpg,Image_15.jpg,900x620
Custard Apple,https://www.thespruce.com/thmb/BTC64AL_CNLbVKPruDl98dzkKv4=/3889x2560/filters:no_upscale():max_bytes(150000):strip_icc()/custard-apple-fruit-686191816-5ade1f2ac5542e003682d951.jpg,Image_16.jpeg,2688x1520
Custard Apple,https://c8.alamy.com/comp/ET106P/heap-of-custard-apple-fruit-annona-squamosa-ozar-pune-maharashtra-ET106P.jpg,Image_17.jpg,800x600
Custard Apple,https://c8.alamy.com/comp/MNA8EE/custard-apple-fruit-on-green-tree-in-the-garden-tropical-fruit-MNA8EE.jpg,Image_18.jpg,5760x3840
Custard Apple,https://i.pinimg.com/originals/5b/7e/f9/5b7ef952739393541300cb206edee50a.jpg,Image_19.jpg,2120x1414
Custard Apple,https://world-crops.com/wp-content/uploads/06-Custard-apple-768x515.jpg,Image_2.jpg,1000x638
Custard Apple,https://www.goodfruitandvegetables.com.au/images/transform/v1/crop/frm/XftCMkCcRPa3Vky3YfP3wJ/aac8b66d-b9e2-4277-9b26-7ed774dcf0aa.jpg/r0_137_1024_713_w1200_h678_fmax.jpg,Image_20.jpg,347x280
Custard Apple,https://cdn.britannica.com/45/139045-050-06B8EBD7/Soursop.jpg,Image_21.jpg,1100x1100
Custard Apple,http://1.bp.blogspot.com/-9857i3YGbdg/Voo_EHjhmyI/AAAAAAAAAMI/g_2fVqpyQf4/s1600/Growing%2BCustard%2BApple%2Bto%2BEarn%2BMoney%2B%25282%2529.jpg,Image_22.jpg,400x300
Custard Apple,https://plant.daleysfruit.com.au/l/custard-apple-varieties-atemoya-11709.jpeg,Image_23.jpg,1024x1024
Custard Apple,https://anfic.com.au/wp-content/uploads/2019/08/KJ-Pinks-Custard-Apple-anfic-fruit-tree-variety-900x578.jpg,Image_24.jpg,1588x1718
Custard Apple,https://ianswaterway.com/wp-content/uploads/2024/04/02.jpg,Image_25.jpg,1024x771
Custard Apple,https://www.wikihow.com/images/9/9c/Select-and-Store-Custard-Apples-Step-4.jpg,Image_26.jpg,898x898
Custard Apple,https://facts.net/wp-content/uploads/2023/08/14-facts-about-custard-apples-1691485019.jpg,Image_27.jpg,1280x720
Custard Apple,https://www.shutterstock.com/image-photo/custard-apples-sugar-apple-variety-260nw-687991888.jpg,Image_28.jpg,600x529
Custard Apple,https://media.riverford.co.uk/images/1744-ce6d30de1698c07cf01fce5224a8e57e.jpg,Image_29.jpg,1600x1267
Custard Apple,https://growables.org/information/TropicalFruit/images/AnnonaReticulataSanPablo.jpg,Image_3.jpeg,6720x3981
Custard Apple,https://cdn.shopify.com/s/files/1/1294/9917/products/image_4b998821-cde6-4670-ab49-bab4db1ba187_1024x1024.jpg?v=1539277372,Image_30.jpg,600x800
Custard Apple,https://www.ouriquesfarm.com/wp-content/uploads/2023/03/annona-reticulata-19733815.jpg,Image_31.jpg,1060x1060
Custard Apple,https://arbourgrovenursery.com.au/wp-content/uploads/Arbour-Grove-Nursery-00040-1024x771.jpg,Image_32.jpg,600x800
Custard Apple,https://www.netmeds.com/images/cms/wysiwyg/blog/2019/11/Custard_Apple_big_2_1_.jpg,Image_33.jpg,960x600
Custard Apple,https://i.ytimg.com/vi/_j4z5yo7tkU/maxresdefault.jpg,Image_34.jpg,860x1390
Custard Apple,"https://static.toiimg.com/thumb/imgsize-23456,msid-49436494,width-600,resizemode-4/49436494.jpg",Image_35.jpg,1200x800
Custard Apple,https://cdn.britannica.com/06/118306-050-1233B575/Custard-apple.jpg,Image_36.jpg,750x1000
Custard Apple,https://realtropicals.com/wp-content/uploads/ANN-PUR-1.jpg,Image_37.jpg,1920x2560
Custard Apple,https://www.norwichgardener.com/uploads/thumbnails/custard-apple-tree-plant-care-grow.jpg,Image_38.jpg,749x1000
Custard Apple,https://urbantropicals.com/wp-content/uploads/ANN-MUR-56.jpg,Image_39.jpeg,3672x2754
Custard Apple,https://www.yanallafarms.com.au/images/produce/custard-apples/produce-custard-apple-tree-001.jpg,Image_4.jpg,1024x768
Custard Apple,https://c8.alamy.com/comp/ET22C9/custard-apple-tree-padhegaon-shrirampur-ahmednagar-maharashtra-india-ET22C9.jpg,Image_40.jpg,690x900
Custard Apple,https://gardeningtips.in/wp-content/uploads/2021/09/2-8.jpg,Image_41.jpg,1200x1200
Custard Apple,http://malcolmtattersall.com.au/wp/wp-content/uploads/2013/03/IMG_7596cbs.jpg,Image_42.jpg,1600x1157
Custard Apple,https://pixahive.com/wp-content/uploads/2021/01/A-sugar-apple-on-its-tree-285450-pixahive.jpg,Image_43.jpg,2560x1707
Custard Apple,https://pixy.org/src/479/4791006.jpg,Image_44.jpg,1600x971
Custard Apple,https://5.imimg.com/data5/SELLER/Default/2021/3/GO/OB/WQ/31939609/super-golden-custard-apple-tree-1000x1000.jpg,Image_45.jpg,3200x1800
Custard Apple,https://plant.daleysfruit.com.au/ml/dwarf-custard-apple-tropic-sun-8008.jpeg,Image_46.JPG,1600x1064
Custard Apple,https://thumbs.dreamstime.com/b/custard-apple-tree-garden-fruit-tropical-58880592.jpg,Image_47.jpg,938x1024
Custard Apple,https://png.pngtree.com/background/20230603/original/pngtree-custard-apple-fruit-on-tree-in-organic-farm-photo-picture-image_2867382.jpg,Image_48.jpg,1980x1320
Custard Apple,https://thumbs.dreamstime.com/z/custard-apple-fruit-tree-organic-farm-124139174.jpg,Image_49.jpg,1280x720
Custard Apple,https://www.uncommoncaribbean.com/wp-content/uploads/2021/03/DSC_0191-scaled.jpg,Image_5.jpg,1920x1275
Custard Apple,https://thumbs.dreamstime.com/z/beautiful-custard-apple-beautiful-custard-apple-tree-100736099.jpg,Image_50.jpg,1280x850
Custard Apple,https://cdn.mos.cms.futurecdn.net/gGjuFdpZXifgjvEqZp4hsE.jpg,Image_6.jpg,800x886
Custard Apple,https://1.bp.blogspot.com/-TJEPJQB1qbM/WYBC85TI1vI/AAAAAAAAQ04/6X3ygYHg5bArlPXzbcUOdYnbltVDRcVYwCLcBGAs/s1600/DSC_0195.JPG,Image_7.jpg,791x900
Custard Apple,https://25lists.com/wp-content/uploads/2020/08/apple-custard-pie-cropped_edited-1-938x1024.jpg?v=1598229505,Image_8.jpg,3889x2560
Custard Apple,https://img.taste.com.au/lVO6bLV2/taste/2020/06/apple-and-custard-cake-2-162699-1.jpg,Image_9.jpg,1300x955
Jackfruit,https://wtop.com/wp-content/uploads/2019/11/jackfruit-getty.jpg,Image_1.jpg,5184x3456
Jackfruit,https://foodrevolution.org/wp-content/uploads/iStock-483322887.jpg,Image_10.png,1200x900
Jackfruit,https://healthyfamilyproject.com/wp-content/uploads/2020/05/Jackfruit-background.jpg,Image_11.jpg,1210x807
Jackfruit,https://static.onecms.io/wp-content/uploads/sites/37/2019/04/30155835/Cut-Jackfruit-on-White-GettyImages-974225894.jpg,Image_12.jpg,735x1099
Jackfruit,https://www.nutritionandinnovation.com/wp-content/uploads/jackfruit.jpg,Image_13.jpg,1200x1800
Jackfruit,https://foodyoushouldtry.com/wp-content/uploads/2017/03/jackfruit.jpg,Image_14.jpg,1000x1292
Jackfruit,https://www.healthifyme.com/blog/wp-content/uploads/2022/07/shutterstock_1436618786-1.jpg,Image_15.jpeg,854x1280
Jackfruit,https://www.gardeningknowhow.com/wp-content/uploads/2018/01/jackfruit.jpg,Image_16.jpg,1000x1383
Jackfruit,https://images.eatthismuch.com/site_media/img/1426_calvin_krause_1f80ee29-299b-4640-9cae-f641f9899c1c.png,Image_17.jpg,1400x2100
Jackfruit,https://www.thespruce.com/thmb/EdUnhrrTmQab3FA9-e4B0r3gXbE=/1210x0/filters:no_upscale():max_bytes(150000):strip_icc()/GettyImages-463424187-3b140a70fa6b4901a957e7e07aee5c45.jpg,Image_18.jpg,734x1100
Jackfruit,https://savoryspin.com/wp-content/uploads/2017/07/Jackfruit-Seed-Curry-735x1099.jpg,Image_19.jpg,735x900
Jackfruit,https://thepeskyvegan.com/wp-content/uploads/2021/03/creamy-jackfruit-curry-vegan-gluten-free-close-up.jpg,Image_2.jpg,2121x1414
Jackfruit,"https://cdn.shortpixel.ai/client/q_lossy,ret_img,w_1000/https://savoryspin.com/wp-content/uploads/2019/03/Jackfruit-Tacos-For-dinner-1.jpg",Image_20.jpg,1200x1200
Jackfruit,https://www.alphafoodie.com/wp-content/uploads/2020/02/Close-up-of-baked-jackfruit.jpeg,Image_21.jpg,5184x3456
Jackfruit,"https://cdn.shortpixel.ai/client/q_lossy,ret_img,w_1000/https://savoryspin.com/wp-content/uploads/2019/03/Easy-Jackfruit-Tacos-2.jpg",Image_22.jpg,1456x2154
Jackfruit,https://thegreenloot.com/wp-content/uploads/2018/01/vegan-jackfruit-recipes-24.jpg,Image_23.jpg,3456x5184
Jackfruit,https://www.veganricha.com/wp-content/uploads/2015/08/jackfruit-curry-9436.jpg,Image_24.jpg,1280x1800
Jackfruit,https://www.easycookingwithmolly.com/wp-content/uploads/2018/11/Easy-Indian-Jackfruit-Recipe.jpg,Image_25.jpg,3696x2448
Jackfruit,https://thepeskyvegan.com/wp-content/uploads/2021/03/vegan-jackfruit-curry-feature.jpg,Image_26.jpg,1400x1400
Jackfruit,"https://fthmb.tqn.com/i0JwYJDyD79sW4OYMqvFp6m2xcE=/5184x3456/filters:fill(auto,1)/close-up-of-jackfruit-767966295-5a8ce086875db9003664e152.jpg",Image_27.jpg,1200x1200
Jackfruit,https://i.pinimg.com/originals/bd/ef/55/bdef5592b61fa97328067e066a498825.jpg,Image_28.jpg,1440x1800
Jackfruit,http://www.fannetasticfood.com/wp-content/uploads/2017/04/jackfruit-carnitas-step-3.jpg,Image_29.jpg,800x1200
Jackfruit,https://www.wearesovegan.com/wp-content/uploads/2019/01/SV_KFJ_Header2.jpg,Image_3.jpg,1255x835
Jackfruit,http://www.recipemasters.in/wp-content/uploads/2015/05/DSC_0986.jpg,Image_30.jpg,1200x1800
Jackfruit,https://fullofplants.com/wp-content/uploads/2017/07/easy-jackfruit-chicken-quinoa-bowls-thumb.jpg,Image_31.jpg,1200x1200
Jackfruit,https://www.funfoodfrolic.com/wp-content/uploads/2020/06/Kathal-Thumbnail.jpg,Image_32.png,1011x1635
Jackfruit,https://veganpunks.com/wp-content/uploads/2021/03/Jackfruit-curry-7.jpg,Image_33.jpg,1000x667
Jackfruit,https://cdn77-s3.lazycatkitchen.com/wp-content/uploads/2018/09/pulled-jackfruit-bowl-close-up-800x1200.jpg,Image_34.jpg,799x999
Jackfruit,https://www.thelastfoodblog.com/wp-content/uploads/2020/05/Jackfruit-curry-with-sweet-potatoes-in-the-pan.jpg,Image_35.jpg,1200x1500
Jackfruit,https://www.madhuseverydayindian.com/wp-content/uploads/2021/03/jackfruit-fry-jackfruit-sabzi.jpg,Image_36.png,999x1024
Jackfruit,https://happytummy.aashirvaad.com/en/wp-content/uploads/2023/04/health-benefits-of-Jackfruit.png,Image_37.jpg,1500x1000
Jackfruit,http://www.top10homeremedies.com/wp-content/uploads/2015/09/jackfruit-rev.jpg,Image_38.jpg,1000x515
Jackfruit,https://www.dishfordiet.com/wp-content/uploads/2018/10/jackfruit-nutrition-facts-infographic-799x999.jpg,Image_39.jpg,600x450
Jackfruit,https://veganpunks.com/wp-content/uploads/2023/01/Jackfruit-infographic.jpg,Image_4.jpg,1200x799
Jackfruit,https://cdn.shopify.com/s/files/1/1380/4099/files/6_benefits_of_jackfruit_1024x1024.png?v=1479462321,Image_40.png,800x1351
Jackfruit,https://www.verywellfit.com/thmb/y0aulhii8VEqiQ21QAHPuEjM-Z4=/1500x0/filters:no_upscale():max_bytes(150000):strip_icc()/jackfruit_annotated-9cdd9bf2c4a94853a2f878898c2e62c5.jpg,Image_41.jpg,1024x967
Jackfruit,"https://assets.lybrate.com/q_auto,f_auto,w_1200/eagle/uploads/5e88387d45daefe057a95be6a08a8ac4/79475e.jpg",Image_42.jpg,687x564
Jackfruit,https://assets.lybrate.com/imgs/product/health-wiki/bpages/Health-Benefits-of-Jackfruit-(Kathal).jpg,Image_43.jpg,1280x720
Jackfruit,https://i.pinimg.com/originals/30/ca/c6/30cac64860fc3b236a13fe8f5a98a85a.png,Image_44.png,1080x1080
Jackfruit,https://blog-live.s3.ap-south-1.amazonaws.com/blog/wp-content/uploads/2022/08/08195138/Copy-of-Blog-Image800-×-650-px-99.webp,Image_45.jpg,474x790
Jackfruit,https://i.pinimg.com/originals/3a/af/1e/3aaf1e6ecbb88958a1986b94ea9c8061.jpg,Image_46.jpg,1080x650
Jackfruit,https://www.researchgate.net/publication/365892659/figure/fig3/AS:11431281103928852@1669888856341/Summary-of-the-potential-health-benefits-of-jackfruit-Artocarpus-heterophyllus.jpg,Image_47.jpg,3956x2670
Jackfruit,https://blog-live.s3.ap-south-1.amazonaws.com/blog/wp-content/uploads/2022/08/08195004/Copy-of-Feature-Image-1080-1080-px-35.webp,Image_48.jpg,1500x1071
Jackfruit,https://wellnesszing.com/wp-content/uploads/2018/07/Benefits-of-Jackfruit-WellnessZing.jpg,Image_49.jpg,1500x1071
Jackfruit,https://i.ytimg.com/vi/v1pljQzAoFM/maxresdefault.jpg,Image_5.jpg,1500x1067
Jackfruit,https://i.pinimg.com/originals/58/dc/8c/58dc8c062f57419337e1b2b9dc30d8a4.png,Image_50.jpg,1024x925
Jackfruit,https://i.pinimg.com/originals/72/80/cf/7280cff30728e111354256e1f422efa1.jpg,Image_6.jpg,1280x851
Jackfruit,https://continentalhospitals.com/images/blogs/5253ed5c8e2d0e151dd378404db60072.jpg,Image_7.jpg,1024x1024
Jackfruit,https://www.health.com/thmb/ig61mg3hs6wsD-y8yUqBrUQJHcM=/3956x0/filters:no_upscale():max_bytes(150000):strip_icc()/Health-GettyImages-1321646812-9f0687309e9d4781a4e3d2a8b85c5d30.jpg,Image_8.jpg,1280x960
Jackfruit,https://theroamingfork.com/wp-content/uploads/2023/07/Jackfruit-seeds-removed.jpg,Image_9.jpg,836x1254
Tamarind,https://images.pexels.com/photos/214159/pexels-photo-214159.jpeg?cs=srgb&amp;dl=tamarind-fruit-214159.jpg&amp;fm=jpg,Image_1.jpg,1440x2160
Tamarind,https://images.fwdlife.in/2020/03/TAMARIND-HEALTH-BENEFITS.jpg,Image_10.jpg,1000x1250
Tamarind,https://images.hivisasa.com/1200/22L0dwnuRF206_l.jpg,Image_11.jpg,1000x667
Tamarind,"https://www.thespruceeats.com/thmb/Lql3dJkR_zChmHcmE_XMaIiVuxg=/2121x1414/filters:fill(auto,1)/tamarind-on-grunge-wooden-background-512435778-279c6548f7af4394a3782d9524584caa.jpg",Image_12.jpg,600x450
Tamarind,https://www.thespruce.com/thmb/35yHeB4N76sJybZqDUmbBjhzJPk=/1999x1500/filters:no_upscale():max_bytes(150000):strip_icc()/Tamarind-GettyImages-122632372-5a1b64d7beba330037b797d8.jpg,Image_13.jpg,800x1471
Tamarind,https://c8.alamy.com/comp/2J78N0J/ripe-tamarind-fruit-leaves-and-some-tamarind-seeds-isolated-on-white-background-2J78N0J.jpg,Image_14.jpg,638x479
Tamarind,http://1.bp.blogspot.com/-j9D6KTRIjkQ/T4U_C6DIQQI/AAAAAAAAAD4/yISLDpBoyac/s1600/tamarind8.jpg,Image_15.jpg,1167x875
Tamarind,https://thumbs.dreamstime.com/z/ripe-tamarind-fruit-green-leaves-opened-close-ripe-tamarind-fruit-green-leaves-white-floor-130498708.jpg,Image_16.png,747x807
Tamarind,https://toptropicals.com/pics/toptropicals/articles/fruit/tamarind-DSCN1931.jpg,Image_17.jpg,736x734
Tamarind,https://www.plantvine.com/plants/Tamarind.jpg,Image_18.png,1024x800
Tamarind,https://naturalfoodseries.com/wp-content/uploads/2017/10/Tamarind.jpg,Image_19.jpg,700x1581
Tamarind,https://assets.lybrate.com/imgs/product/health-wiki/bpages/Health-Benefits-Of-Tamarind.jpg,Image_2.jpeg,3264x2448
Tamarind,https://draxe.com/wp-content/uploads/2017/12/TamarindFruit_GRAPHIC_1-e1599056203339.jpg,Image_20.jpg,600x400
Tamarind,https://i.pinimg.com/originals/8c/c5/ba/8cc5ba94d0f67bd6fe5ad326bdefa36b.jpg,Image_21.png,1000x1500
Tamarind,https://image.slidesharecdn.com/outstandinghealthbenefitsoftamarindfruit-170701190501/95/outstanding-health-benefits-of-tamarind-fruit-a-series-of-presentation-by-mr-allah-dad-khan-former-dg-agriculture-visiting-professor-the-university-of-agriculture-peshawar-allahdad52gmailcom-7-638.jpg?cb=1498935940,Image_22.jpg,632x720
Tamarind,https://www.healthtipslive.com/wp-content/uploads/2018/10/Top-10-Health-Benefits-of-Tamarind.jpg,Image_23.jpg,1280x720
Tamarind,https://i.pinimg.com/originals/ba/01/ff/ba01ffaba14e88461dd047f07ed9e3b4.jpg,Image_24.jpg,830x691
Tamarind,https://parentinghealthybabies.com/app/phb-data/uploads/2019/08/benefits-of-tamarind-juice.png,Image_25.jpg,800x600
Tamarind,https://i.pinimg.com/736x/17/e5/75/17e5751bead0a87c02b2bf8a6c4a9ea6--tamarind-benefits-diabetic-friendly.jpg,Image_26.jpg,1024x559
Tamarind,https://www.herbazest.com/imgs/8/2/f/61243/tamarind-benefits-and-properties-733460-section.png,Image_27.jpg,750x450
Tamarind,https://i.pinimg.com/originals/d1/74/eb/d174eb0e2d4fc08528a0e17c813ba3cb.jpg,Image_28.jpg,700x700
Tamarind,https://globalhealing.com/natural-health/wp-content/uploads/2017/06/benefits-of-tamarind.jpg,Image_29.jpg,1200x1800
Tamarind,https://soumyahospitals.com/media/ck_editor/2024/06/01/benefits-of-tamarind-seeds_XFIpfNp.png,Image_3.jpg,2000x1333
Tamarind,https://i.pinimg.com/originals/c5/9a/b3/c59ab3ab06c8ece7714f4fe31cd14786.jpg,Image_30.jpg,1080x1080
Tamarind,https://draxe.com/wp-content/uploads/2017/12/TamarindFruit_HEADER.jpg,Image_31.jpg,800x533
Tamarind,https://i.ytimg.com/vi/-zI004Z8Ir4/maxresdefault.jpg,Image_32.jpg,1024x576
Tamarind,https://i1.wp.com/www.healthbenefitstimes.com/9/uploads/2013/04/Main-image-of-Tamarind.jpg?fit=830%2C691&amp;ssl=1,Image_33.jpg,1200x1800
Tamarind,https://stylesatlife.com/wp-content/uploads/2021/09/Imli-Benefits-Benefits-of-Eating-Tamarind.jpg,Image_34.jpg,1500x1000
Tamarind,https://npvbeverage.com.vn/wp-content/uploads/2020/12/tamarind-5-1024x559.jpg,Image_35.jpeg,1280x1920
Tamarind,https://allremedies.com/wp-content/uploads/2018/05/benefits-of-tamarind.jpg,Image_36.jpg,1280x720
Tamarind,https://healthyfocus.org/wp-content/uploads/2017/03/hdr-8-Tamarind-Health-Benefits.jpg,Image_37.jpg,700x1400
Tamarind,https://www.foxyfolksy.com/wp-content/uploads/2022/07/tamarind-juice.jpg,Image_38.jpg,1500x1000
Tamarind,https://i.pinimg.com/originals/00/6a/fb/006afbecee58febc6f9039eb43e93656.jpg,Image_39.jpg,1280x720
Tamarind,https://classicbakes.com/sites/default/files/styles/og_image_1200/public/2021-07/Trinidad_TamarindJuice.jpg?itok=piawnel1,Image_4.jpg,2121x1414
Tamarind,http://runawayrice.com/wp-content/uploads/2014/04/Dried-Tamarind-1024x576.jpg,Image_40.jpg,1280x720
Tamarind,https://www.muydelish.com/wp-content/uploads/2021/07/tamarind-pulp.jpg,Image_41.JPG,1126x1600
Tamarind,https://static01.nyt.com/images/2020/08/12/dining/10Tamarindrex4-paste/10Tamarindrex4-paste-threeByTwoMediumAt2X.jpg,Image_42.jpg,2000x1333
Tamarind,https://cdn.healthyrecipes101.com/wp-content/uploads/2021/05/what-does-tamarind-taste-like.jpeg,Image_43.jpg,640x480
Tamarind,https://i.ytimg.com/vi/guFIh0KJe_U/maxresdefault.jpg,Image_44.jpg,683x1024
Tamarind,https://i.pinimg.com/originals/f6/f6/68/f6f66862d8a4218e6f0d8345c954968b.jpg,Image_45.jpg,960x640
Tamarind,https://www.foodandwine.com/thmb/jJupeS5vHMkh9TBsJkwdaG1uPY8=/1500x0/filters:no_upscale():max_bytes(150000):strip_icc()/Tamarind-Chicken-FT-RECIPE0522-80072d93f7bc4bc7abf1dcf5b5317b0c.jpg,Image_46.jpg,1000x1000
Tamarind,https://i.ytimg.com/vi/7Tm31xChacM/maxresdefault.jpg,Image_47.jpg,1230x630
Tamarind,https://i.ytimg.com/vi/1sJnUTRWknw/maxresdefault.jpg,Image_48.jpg,1101x660
Tamarind,https://2.bp.blogspot.com/-0NqDk58hiFg/Uj3d59MTyAI/AAAAAAAAKp4/VBloZqqlO3U/s1600/IMG_0895.JPG,Image_49.jpg,881x1390
Tamarind,https://i.pinimg.com/originals/34/27/c4/3427c45a25ff3a27662215c78970f511.jpg,Image_5.jpg,1999x1500
Tamarind,http://www.magluto.com/wp-content/gallery/pinoy-food-photo/filipino-recipe-tamarind.jpg,Image_50.jpg,810x1080
Tamarind,https://insanelygoodrecipes.com/wp-content/uploads/2022/01/Tamarind-Recipes-2-683x1024.jpg,Image_6.jpg,1300x1095
Tamarind,https://www.thespruceeats.com/thmb/HaTuocDjJBWwwKApgv-6VdUQR8c=/960x0/filters:no_upscale():max_bytes(150000):strip_icc()/tamarind-composition-917915332-5c27814fc9e77c0001d12ed7.jpg,Image_7.jpg,1600x1067
Tamarind,https://www.singaporeanmalaysianrecipes.com/wp-content/uploads/2021/02/tamarind-recipe.jpg,Image_8.jpg,1600x1150
Tamarind,https://blog.pureindianfoods.com/wp-content/uploads/2019/04/tamarind-fruit.jpg,Image_9.jpg,1000x1085
