date,temperature_2m,relative_humidity_2m,wind_speed_10m,City
2025-02-04 00:00:00+00:00,14.187,81.0,3.9763298,Delhi
2025-02-04 01:00:00+00:00,14.337001,79.0,2.1897945,Delhi
2025-02-04 02:00:00+00:00,14.437,77.0,3.0758414,Delhi
2025-02-04 03:00:00+00:00,14.737,77.0,1.2979984,Delhi
2025-02-04 04:00:00+00:00,15.887,71.0,1.1384199,Delhi
2025-02-04 05:00:00+00:00,17.237,69.0,1.4399999,Delhi
2025-02-04 06:00:00+00:00,20.536999,49.0,1.484318,Delhi
2025-02-04 07:00:00+00:00,21.536999,49.0,3.319036,Delhi
2025-02-04 08:00:00+00:00,21.737,54.0,2.2768397,Delhi
2025-02-04 09:00:00+00:00,21.786999,55.0,2.5455842,Delhi
2025-02-04 10:00:00+00:00,22.036999,56.0,0.8049845,Delhi
2025-02-04 11:00:00+00:00,21.937,57.0,2.0991426,Delhi
2025-02-04 12:00:00+00:00,21.437,60.0,2.9024127,Delhi
2025-02-04 13:00:00+00:00,20.437,66.0,2.5455842,Delhi
2025-02-04 14:00:00+00:00,19.487,70.0,3.0758414,Delhi
2025-02-04 15:00:00+00:00,18.337,75.0,3.6,Delhi
2025-02-04 16:00:00+00:00,17.837,77.0,2.4149535,Delhi
2025-02-04 17:00:00+00:00,17.387,79.0,3.8268526,Delhi
2025-02-04 18:00:00+00:00,16.536999,80.0,3.5455887,Delhi
2025-02-04 19:00:00+00:00,15.737,84.0,4.8965297,Delhi
2025-02-04 20:00:00+00:00,15.237,89.0,7.386582,Delhi
2025-02-04 21:00:00+00:00,14.837001,90.0,8.435069,Delhi
2025-02-04 22:00:00+00:00,14.587001,87.0,6.489992,Delhi
2025-02-04 23:00:00+00:00,14.337001,85.0,5.991594,Delhi
2025-02-05 00:00:00+00:00,13.637,88.0,5.692099,Delhi
2025-02-05 01:00:00+00:00,13.137,88.0,5.3999996,Delhi
2025-02-05 02:00:00+00:00,12.637,88.0,5.692099,Delhi
2025-02-05 03:00:00+00:00,13.437,83.0,6.151683,Delhi
2025-02-05 04:00:00+00:00,15.637,73.0,7.289444,Delhi
2025-02-05 05:00:00+00:00,18.036999,60.0,9.19939,Delhi
2025-02-05 06:00:00+00:00,19.487,50.0,8.766573,Delhi
2025-02-05 07:00:00+00:00,20.887,43.0,10.787993,Delhi
2025-02-05 08:00:00+00:00,21.737,36.0,11.923557,Delhi
2025-02-05 09:00:00+00:00,22.137,32.0,11.923557,Delhi
2025-02-05 10:00:00+00:00,22.036999,30.0,12.10157,Delhi
2025-02-05 11:00:00+00:00,21.387,32.0,11.792404,Delhi
2025-02-05 12:00:00+00:00,20.637,37.0,8.557102,Delhi
2025-02-05 13:00:00+00:00,18.687,46.0,4.896529,Delhi
2025-02-05 14:00:00+00:00,17.036999,57.0,4.379589,Delhi
2025-02-05 15:00:00+00:00,15.687,64.0,4.379589,Delhi
2025-02-05 16:00:00+00:00,14.687,67.0,4.452954,Delhi
2025-02-05 17:00:00+00:00,13.937,68.0,4.2136917,Delhi
2025-02-05 18:00:00+00:00,12.937,74.0,5.315336,Delhi
2025-02-05 19:00:00+00:00,12.587001,75.0,5.6233797,Delhi
2025-02-05 20:00:00+00:00,12.387,74.0,6.4096174,Delhi
2025-02-05 21:00:00+00:00,12.287001,71.0,7.5942082,Delhi
2025-02-05 22:00:00+00:00,12.137,71.0,7.729527,Delhi
2025-02-05 23:00:00+00:00,11.887,71.0,7.729527,Delhi
2025-02-06 00:00:00+00:00,11.487,81.0,6.6087217,Delhi
2025-02-06 01:00:00+00:00,11.187,79.0,6.439876,Delhi
2025-02-06 02:00:00+00:00,11.037001,79.0,5.991594,Delhi
2025-02-06 03:00:00+00:00,12.537001,73.0,6.489992,Delhi
2025-02-06 04:00:00+00:00,15.487,61.0,8.0899935,Delhi
2025-02-06 05:00:00+00:00,18.337,51.0,8.714677,Delhi
2025-02-06 06:00:00+00:00,20.587,38.0,13.004922,Delhi
2025-02-06 07:00:00+00:00,21.337,32.0,14.512064,Delhi
2025-02-06 08:00:00+00:00,21.786999,33.0,14.565548,Delhi
2025-02-06 09:00:00+00:00,21.887,31.0,14.84318,Delhi
2025-02-06 10:00:00+00:00,21.536999,31.0,14.336861,Delhi
2025-02-06 11:00:00+00:00,20.687,34.0,13.324863,Delhi
2025-02-06 12:00:00+00:00,20.687,31.0,10.739832,Delhi
2025-02-06 13:00:00+00:00,18.437,41.0,6.792466,Delhi
2025-02-06 14:00:00+00:00,16.786999,49.0,6.439876,Delhi
2025-02-06 15:00:00+00:00,15.487,52.0,7.172949,Delhi
2025-02-06 16:00:00+00:00,14.487,55.0,7.5170207,Delhi
2025-02-06 17:00:00+00:00,13.787001,57.0,7.42159,Delhi
2025-02-06 18:00:00+00:00,13.637,63.0,6.9527545,Delhi
2025-02-06 19:00:00+00:00,12.987,64.0,7.0911775,Delhi
2025-02-06 20:00:00+00:00,12.537001,65.0,7.42159,Delhi
2025-02-06 21:00:00+00:00,12.087001,66.0,7.8954163,Delhi
2025-02-06 22:00:00+00:00,11.687,67.0,7.5685663,Delhi
2025-02-06 23:00:00+00:00,11.187,70.0,7.754637,Delhi
2025-02-07 00:00:00+00:00,11.087001,75.0,7.754637,Delhi
2025-02-07 01:00:00+00:00,10.687,76.0,7.968939,Delhi
2025-02-07 02:00:00+00:00,10.487,76.0,7.771331,Delhi
2025-02-07 03:00:00+00:00,11.637,71.0,7.8625183,Delhi
2025-02-07 04:00:00+00:00,14.037001,62.0,8.654986,Delhi
2025-02-07 05:00:00+00:00,16.737,54.0,9.227524,Delhi
2025-02-07 06:00:00+00:00,18.837,41.0,10.829958,Delhi
2025-02-07 07:00:00+00:00,20.487,34.0,14.386494,Delhi
2025-02-07 08:00:00+00:00,21.237,31.0,14.57889,Delhi
2025-02-07 09:00:00+00:00,21.637,32.0,13.397612,Delhi
2025-02-07 10:00:00+00:00,21.637,32.0,12.904882,Delhi
2025-02-07 11:00:00+00:00,21.137,34.0,11.609651,Delhi
2025-02-07 12:00:00+00:00,21.036999,34.0,9.504273,Delhi
2025-02-07 13:00:00+00:00,19.137,43.0,6.379216,Delhi
2025-02-07 14:00:00+00:00,17.786999,50.0,6.28713,Delhi
2025-02-07 15:00:00+00:00,16.536999,54.0,6.28713,Delhi
2025-02-07 16:00:00+00:00,15.537001,56.0,6.725354,Delhi
2025-02-07 17:00:00+00:00,14.737,58.0,6.725354,Delhi
2025-02-07 18:00:00+00:00,13.937,63.0,6.151683,Delhi
2025-02-07 19:00:00+00:00,13.337001,64.0,6.151683,Delhi
2025-02-07 20:00:00+00:00,12.837001,65.0,6.0347,Delhi
2025-02-07 21:00:00+00:00,12.387,67.0,6.379216,Delhi
2025-02-07 22:00:00+00:00,12.037001,68.0,6.638072,Delhi
2025-02-07 23:00:00+00:00,11.737,68.0,6.924738,Delhi
2025-02-08 00:00:00+00:00,11.637,72.0,6.9899354,Delhi
2025-02-08 01:00:00+00:00,11.437,73.0,7.342588,Delhi
2025-02-08 02:00:00+00:00,11.387,73.0,7.342588,Delhi
2025-02-08 03:00:00+00:00,12.287001,69.0,7.69592,Delhi
2025-02-08 04:00:00+00:00,14.537001,61.0,8.905908,Delhi
2025-02-08 05:00:00+00:00,17.387,52.0,10.163227,Delhi
2025-02-08 06:00:00+00:00,20.786999,38.0,8.854829,Delhi
2025-02-08 07:00:00+00:00,22.837,33.0,9.504272,Delhi
2025-02-08 08:00:00+00:00,24.337,28.0,9.290511,Delhi
2025-02-08 09:00:00+00:00,25.036999,27.0,9.0,Delhi
2025-02-08 10:00:00+00:00,25.187,27.0,8.287822,Delhi
2025-02-08 11:00:00+00:00,24.837,27.0,7.7879906,Delhi
2025-02-08 12:00:00+00:00,23.337,35.0,6.489992,Delhi
2025-02-08 13:00:00+00:00,21.487,43.0,3.671294,Delhi
2025-02-08 14:00:00+00:00,20.036999,50.0,3.96,Delhi
2025-02-08 15:00:00+00:00,19.087,54.0,3.9763298,Delhi
2025-02-08 16:00:00+00:00,17.987,58.0,3.9763298,Delhi
2025-02-08 17:00:00+00:00,17.036999,61.0,3.7585104,Delhi
2025-02-08 18:00:00+00:00,14.337001,77.0,4.1046314,Delhi
2025-02-08 19:00:00+00:00,13.687,77.0,3.8773184,Delhi
2025-02-08 20:00:00+00:00,13.137,79.0,3.8773184,Delhi
2025-02-08 21:00:00+00:00,12.737,79.0,3.5455887,Delhi
2025-02-08 22:00:00+00:00,12.337001,80.0,3.5455887,Delhi
2025-02-08 23:00:00+00:00,11.937,81.0,3.671294,Delhi
2025-02-09 00:00:00+00:00,11.437,86.0,3.4152596,Delhi
2025-02-09 01:00:00+00:00,11.187,86.0,3.671294,Delhi
2025-02-09 02:00:00+00:00,11.037001,87.0,3.9763298,Delhi
2025-02-09 03:00:00+00:00,12.137,84.0,3.2599385,Delhi
2025-02-09 04:00:00+00:00,15.137,71.0,3.671294,Delhi
2025-02-09 05:00:00+00:00,17.937,58.0,5.3517847,Delhi
2025-02-09 06:00:00+00:00,20.837,47.0,4.452954,Delhi
2025-02-09 07:00:00+00:00,22.587,39.0,4.896529,Delhi
2025-02-09 08:00:00+00:00,23.987,34.0,5.1544156,Delhi
2025-02-09 09:00:00+00:00,24.687,31.0,5.4477882,Delhi
2025-02-09 10:00:00+00:00,24.887,29.0,5.4477882,Delhi
2025-02-09 11:00:00+00:00,24.487,30.0,5.1544156,Delhi
2025-02-09 12:00:00+00:00,24.137,35.0,3.7585104,Delhi
2025-02-09 13:00:00+00:00,21.837,44.0,3.5455887,Delhi
2025-02-09 14:00:00+00:00,20.387,49.0,2.9024127,Delhi
2025-02-09 15:00:00+00:00,19.536999,52.0,2.4149535,Delhi
2025-02-09 16:00:00+00:00,18.786999,54.0,2.0364676,Delhi
2025-02-09 17:00:00+00:00,18.036999,56.0,1.9386592,Delhi
2025-02-09 18:00:00+00:00,15.087001,76.0,1.9386592,Delhi
2025-02-09 19:00:00+00:00,14.537001,78.0,2.3051248,Delhi
2025-02-09 20:00:00+00:00,13.937,80.0,2.9024127,Delhi
2025-02-09 21:00:00+00:00,13.437,82.0,3.7064266,Delhi
2025-02-09 22:00:00+00:00,12.987,83.0,3.7064266,Delhi
2025-02-09 23:00:00+00:00,12.437,84.0,3.7064266,Delhi
2025-02-10 00:00:00+00:00,12.637,86.0,3.096837,Delhi
2025-02-10 01:00:00+00:00,12.287001,87.0,3.2599385,Delhi
2025-02-10 02:00:00+00:00,12.087001,88.0,3.671294,Delhi
2025-02-10 03:00:00+00:00,13.287001,87.0,4.379589,Delhi
2025-02-10 04:00:00+00:00,16.286999,74.0,2.8799999,Delhi
2025-02-10 05:00:00+00:00,19.937,62.0,2.8799999,Delhi
2025-02-10 06:00:00+00:00,23.487,45.0,2.4149535,Delhi
2025-02-10 07:00:00+00:00,25.286999,38.0,5.0142193,Delhi
2025-02-10 08:00:00+00:00,26.337,34.0,6.28713,Delhi
2025-02-10 09:00:00+00:00,26.737,32.0,7.2,Delhi
2025-02-10 10:00:00+00:00,26.587,31.0,6.924738,Delhi
2025-02-10 11:00:00+00:00,25.937,33.0,6.489992,Delhi
2025-02-10 12:00:00+00:00,25.036999,36.0,3.7064266,Delhi
2025-02-10 13:00:00+00:00,22.837,45.0,3.5455887,Delhi
2025-02-10 14:00:00+00:00,21.687,47.0,2.9024127,Delhi
2025-02-10 15:00:00+00:00,20.286999,52.0,2.5959969,Delhi
2025-02-10 16:00:00+00:00,20.337,49.0,2.52,Delhi
2025-02-10 17:00:00+00:00,19.687,51.0,2.8799999,Delhi
2025-02-10 18:00:00+00:00,16.487,74.0,2.1897945,Delhi
2025-02-10 19:00:00+00:00,15.837001,75.0,2.6208394,Delhi
2025-02-10 20:00:00+00:00,15.037001,78.0,2.9024127,Delhi
2025-02-10 21:00:00+00:00,14.487,80.0,1.5273507,Delhi
2025-02-10 22:00:00+00:00,14.037001,82.0,2.0364676,Delhi
2025-02-10 23:00:00+00:00,13.737,83.0,2.5455842,Delhi
2025-02-11 00:00:00+00:00,12.337001,88.0,1.9386592,Delhi
2025-02-11 01:00:00+00:00,12.037001,88.0,2.2768397,Delhi
2025-02-11 02:00:00+00:00,11.787001,89.0,2.5455842,Delhi
2025-02-11 03:00:00+00:00,13.487,85.0,2.52,Delhi
2025-02-11 04:00:00+00:00,17.687,68.0,0.8049845,Delhi
2025-02-11 05:00:00+00:00,21.387,53.0,1.1384199,Delhi
2025-02-11 06:00:00+00:00,25.137,38.0,1.8,Delhi
2025-02-11 07:00:00+00:00,26.687,34.0,3.7064266,Delhi
2025-02-11 08:00:00+00:00,27.587,32.0,5.8048253,Delhi
2025-02-11 09:00:00+00:00,27.737,32.0,7.42159,Delhi
2025-02-11 10:00:00+00:00,27.387,32.0,7.8954163,Delhi
2025-02-11 11:00:00+00:00,26.487,34.0,7.386582,Delhi
2025-02-11 12:00:00+00:00,25.337,42.0,3.5455887,Delhi
2025-02-11 13:00:00+00:00,22.587,51.0,3.671294,Delhi
2025-02-11 14:00:00+00:00,21.137,54.0,4.3349743,Delhi
2025-02-11 15:00:00+00:00,20.036999,57.0,3.6179552,Delhi
2025-02-11 16:00:00+00:00,18.987,59.0,3.4152596,Delhi
2025-02-11 17:00:00+00:00,18.237,60.0,3.6,Delhi
2025-02-11 18:00:00+00:00,17.137,70.0,2.52,Delhi
2025-02-11 19:00:00+00:00,16.437,71.0,1.609969,Delhi
2025-02-11 20:00:00+00:00,15.637,74.0,2.6208394,Delhi
2025-02-11 21:00:00+00:00,14.987,76.0,4.39436,Delhi
2025-02-11 22:00:00+00:00,14.837001,76.0,5.991594,Delhi
2025-02-11 23:00:00+00:00,14.637,77.0,7.9932966,Delhi
2025-02-12 00:00:00+00:00,13.437,87.0,4.829907,Delhi
2025-02-12 01:00:00+00:00,13.087001,87.0,4.6800003,Delhi
2025-02-12 02:00:00+00:00,12.737,88.0,4.896529,Delhi
2025-02-12 03:00:00+00:00,14.487,81.0,5.4833565,Delhi
2025-02-12 04:00:00+00:00,17.487,69.0,6.6087217,Delhi
2025-02-12 05:00:00+00:00,20.637,58.0,7.10031,Delhi
2025-02-12 06:00:00+00:00,23.286999,44.0,8.557102,Delhi
2025-02-12 07:00:00+00:00,24.687,33.0,12.682018,Delhi
2025-02-12 08:00:00+00:00,25.137,25.0,13.70839,Delhi
2025-02-12 09:00:00+00:00,25.187,23.0,13.779114,Delhi
2025-02-12 10:00:00+00:00,24.837,22.0,13.281023,Delhi
2025-02-12 11:00:00+00:00,23.987,23.0,12.287555,Delhi
2025-02-12 12:00:00+00:00,22.437,32.0,9.826088,Delhi
2025-02-12 13:00:00+00:00,19.786999,45.0,6.725354,Delhi
2025-02-12 14:00:00+00:00,18.087,53.0,7.072878,Delhi
2025-02-12 15:00:00+00:00,16.837,55.0,6.9527545,Delhi
2025-02-12 16:00:00+00:00,15.837001,57.0,6.9527545,Delhi
2025-02-12 17:00:00+00:00,14.937,60.0,6.763786,Delhi
2025-02-12 18:00:00+00:00,14.437,65.0,6.6087217,Delhi
2025-02-12 19:00:00+00:00,13.837001,67.0,6.297428,Delhi
2025-02-12 20:00:00+00:00,13.337001,68.0,6.489992,Delhi
2025-02-12 21:00:00+00:00,12.987,67.0,6.696387,Delhi
2025-02-12 22:00:00+00:00,12.687,66.0,6.696387,Delhi
2025-02-12 23:00:00+00:00,12.337001,65.0,6.792466,Delhi
2025-02-13 00:00:00+00:00,12.387,72.0,7.24486,Delhi
2025-02-13 01:00:00+00:00,11.787001,73.0,7.072878,Delhi
2025-02-13 02:00:00+00:00,11.487,75.0,7.9526596,Delhi
2025-02-13 03:00:00+00:00,12.987,69.0,9.028754,Delhi
2025-02-13 04:00:00+00:00,15.737,60.0,10.086427,Delhi
2025-02-13 05:00:00+00:00,18.786999,52.0,10.823973,Delhi
2025-02-13 06:00:00+00:00,21.687,40.0,13.32,Delhi
2025-02-13 07:00:00+00:00,23.087,32.0,14.8257065,Delhi
2025-02-13 08:00:00+00:00,23.837,30.0,14.007655,Delhi
2025-02-13 09:00:00+00:00,24.237,29.0,14.007655,Delhi
2025-02-13 10:00:00+00:00,24.137,29.0,13.37825,Delhi
2025-02-13 11:00:00+00:00,23.536999,30.0,12.72283,Delhi
2025-02-13 12:00:00+00:00,22.487,33.0,10.630672,Delhi
2025-02-13 13:00:00+00:00,20.286999,43.0,7.289444,Delhi
2025-02-13 14:00:00+00:00,18.786999,49.0,7.172949,Delhi
2025-02-13 15:00:00+00:00,17.437,52.0,7.072878,Delhi
2025-02-13 16:00:00+00:00,16.387,53.0,7.072878,Delhi
2025-02-13 17:00:00+00:00,15.387,55.0,6.9899354,Delhi
2025-02-13 18:00:00+00:00,15.637,55.0,7.771331,Delhi
2025-02-13 19:00:00+00:00,14.937,56.0,7.5170207,Delhi
2025-02-13 20:00:00+00:00,14.487,56.0,7.0911775,Delhi
2025-02-13 21:00:00+00:00,13.987,57.0,6.9527545,Delhi
2025-02-13 22:00:00+00:00,13.487,59.0,6.489992,Delhi
2025-02-13 23:00:00+00:00,12.987,62.0,6.28713,Delhi
2025-02-14 00:00:00+00:00,12.137,70.0,6.9899354,Delhi
2025-02-14 01:00:00+00:00,11.787001,71.0,6.87779,Delhi
2025-02-14 02:00:00+00:00,11.637,72.0,7.208994,Delhi
2025-02-14 03:00:00+00:00,13.087001,67.0,7.5942073,Delhi
2025-02-14 04:00:00+00:00,15.837001,57.0,9.0645685,Delhi
2025-02-14 05:00:00+00:00,18.937,48.0,10.239453,Delhi
2025-02-14 06:00:00+00:00,21.737,37.0,10.829959,Delhi
2025-02-14 07:00:00+00:00,23.637,33.0,12.303366,Delhi
2025-02-14 08:00:00+00:00,24.786999,29.0,12.768586,Delhi
2025-02-14 09:00:00+00:00,25.437,27.0,12.57426,Delhi
2025-02-14 10:00:00+00:00,25.536999,27.0,11.966953,Delhi
2025-02-14 11:00:00+00:00,25.087,28.0,11.113451,Delhi
2025-02-14 12:00:00+00:00,24.187,32.0,8.766573,Delhi
2025-02-14 13:00:00+00:00,22.087,41.0,5.4477882,Delhi
2025-02-14 14:00:00+00:00,20.387,50.0,5.4477882,Delhi
2025-02-14 15:00:00+00:00,19.087,54.0,5.506941,Delhi
2025-02-14 16:00:00+00:00,18.187,55.0,4.6800003,Delhi
2025-02-14 17:00:00+00:00,17.587,55.0,4.510787,Delhi
2025-02-14 18:00:00+00:00,15.837001,69.0,3.8773184,Delhi
2025-02-14 19:00:00+00:00,15.337001,68.0,4.0249224,Delhi
2025-02-14 20:00:00+00:00,14.787001,69.0,3.671294,Delhi
2025-02-14 21:00:00+00:00,14.437,68.0,3.8773184,Delhi
2025-02-14 22:00:00+00:00,14.187,66.0,3.8939953,Delhi
2025-02-14 23:00:00+00:00,14.037001,64.0,3.5455887,Delhi
2025-02-15 00:00:00+00:00,13.437,74.0,3.7585104,Delhi
2025-02-15 01:00:00+00:00,13.287001,73.0,3.7585104,Delhi
2025-02-15 02:00:00+00:00,13.387,73.0,3.219938,Delhi
2025-02-15 03:00:00+00:00,14.687,70.0,1.8,Delhi
2025-02-15 04:00:00+00:00,17.937,60.0,1.484318,Delhi
2025-02-15 05:00:00+00:00,20.687,49.0,4.0249224,Delhi
2025-02-15 06:00:00+00:00,22.036999,42.0,6.130579,Delhi
2025-02-15 07:00:00+00:00,23.487,37.0,6.9527545,Delhi
2025-02-15 08:00:00+00:00,24.387,35.0,8.534353,Delhi
2025-02-15 09:00:00+00:00,24.687,34.0,9.0,Delhi
2025-02-15 10:00:00+00:00,24.487,35.0,9.422101,Delhi
2025-02-15 11:00:00+00:00,23.786999,38.0,8.435069,Delhi
2025-02-15 12:00:00+00:00,24.337,40.0,3.396233,Delhi
2025-02-15 13:00:00+00:00,22.187,48.0,3.396233,Delhi
2025-02-15 14:00:00+00:00,21.036999,50.0,3.096837,Delhi
2025-02-15 15:00:00+00:00,20.337,50.0,3.096837,Delhi
2025-02-15 16:00:00+00:00,19.237,53.0,3.0758414,Delhi
2025-02-15 17:00:00+00:00,18.237,55.0,2.8799999,Delhi
2025-02-15 18:00:00+00:00,16.687,64.0,1.484318,Delhi
2025-02-15 19:00:00+00:00,15.887,66.0,2.968636,Delhi
2025-02-15 20:00:00+00:00,15.237,69.0,2.968636,Delhi
2025-02-15 21:00:00+00:00,14.737,70.0,2.9024127,Delhi
2025-02-15 22:00:00+00:00,14.487,71.0,4.2136917,Delhi
2025-02-15 23:00:00+00:00,14.287001,71.0,4.2136917,Delhi
2025-02-16 00:00:00+00:00,12.987,82.0,2.9024127,Delhi
2025-02-16 01:00:00+00:00,12.387,85.0,1.8,Delhi
2025-02-16 02:00:00+00:00,12.087001,88.0,0.8049845,Delhi
2025-02-16 03:00:00+00:00,13.787001,85.0,0.8049845,Delhi
2025-02-16 04:00:00+00:00,17.837,72.0,0.0,Delhi
2025-02-16 05:00:00+00:00,21.137,59.0,0.35999998,Delhi
2025-02-16 06:00:00+00:00,24.137,47.0,1.4399999,Delhi
2025-02-16 07:00:00+00:00,25.237,42.0,0.8049845,Delhi
2025-02-16 08:00:00+00:00,26.237,36.0,3.6179552,Delhi
2025-02-16 09:00:00+00:00,25.887,36.0,6.12,Delhi
2025-02-16 10:00:00+00:00,25.237,38.0,7.42159,Delhi
2025-02-16 11:00:00+00:00,24.137,44.0,6.4096174,Delhi
2025-02-16 12:00:00+00:00,23.437,50.0,4.6102495,Delhi
2025-02-16 13:00:00+00:00,21.337,60.0,4.3498964,Delhi
2025-02-16 14:00:00+00:00,20.187,65.0,4.3349743,Delhi
2025-02-16 15:00:00+00:00,19.387,68.0,3.9763298,Delhi
2025-02-16 16:00:00+00:00,18.637,70.0,3.6179552,Delhi
2025-02-16 17:00:00+00:00,18.286999,71.0,2.2768397,Delhi
2025-02-16 18:00:00+00:00,17.587,75.0,2.8799999,Delhi
2025-02-16 19:00:00+00:00,17.137,75.0,4.73506,Delhi
2025-02-16 20:00:00+00:00,16.937,74.0,3.319036,Delhi
2025-02-16 21:00:00+00:00,16.536999,74.0,3.2599385,Delhi
2025-02-16 22:00:00+00:00,15.887,75.0,5.937272,Delhi
2025-02-16 23:00:00+00:00,15.287001,76.0,4.829907,Delhi
2025-02-17 00:00:00+00:00,14.437,82.0,0.8049845,Delhi
2025-02-17 01:00:00+00:00,13.987,83.0,2.5455842,Delhi
2025-02-17 02:00:00+00:00,13.587001,85.0,1.835647,Delhi
2025-02-17 03:00:00+00:00,15.187,82.0,1.1384199,Delhi
2025-02-17 04:00:00+00:00,18.687,68.0,1.0182338,Delhi
2025-02-17 05:00:00+00:00,21.487,60.0,1.835647,Delhi
2025-02-17 06:00:00+00:00,22.887,49.0,1.08,Delhi
2025-02-17 07:00:00+00:00,24.587,42.0,0.0,Delhi
2025-02-17 08:00:00+00:00,25.687,39.0,1.08,Delhi
2025-02-17 09:00:00+00:00,26.286999,38.0,2.6208394,Delhi
2025-02-17 10:00:00+00:00,26.487,37.0,4.0249224,Delhi
2025-02-17 11:00:00+00:00,25.987,38.0,4.1046314,Delhi
2025-02-17 12:00:00+00:00,25.087,45.0,2.8799999,Delhi
2025-02-17 13:00:00+00:00,22.937,53.0,2.9024127,Delhi
2025-02-17 14:00:00+00:00,21.587,56.0,3.319036,Delhi
2025-02-17 15:00:00+00:00,20.437,57.0,1.9386592,Delhi
2025-02-17 16:00:00+00:00,19.637,59.0,1.4399999,Delhi
2025-02-17 17:00:00+00:00,18.987,61.0,3.0547013,Delhi
2025-02-17 18:00:00+00:00,17.637,73.0,3.4152596,Delhi
2025-02-17 19:00:00+00:00,17.237,73.0,4.198285,Delhi
2025-02-17 20:00:00+00:00,17.036999,74.0,4.896529,Delhi
2025-02-17 21:00:00+00:00,16.837,74.0,4.0249224,Delhi
2025-02-17 22:00:00+00:00,16.487,74.0,4.6938252,Delhi
2025-02-17 23:00:00+00:00,16.237,73.0,5.1544156,Delhi
2025-02-18 00:00:00+00:00,15.537001,78.0,3.7064266,Delhi
2025-02-18 01:00:00+00:00,15.087001,79.0,2.6208394,Delhi
2025-02-18 02:00:00+00:00,14.937,80.0,3.319036,Delhi
2025-02-18 03:00:00+00:00,16.036999,76.0,5.506941,Delhi
2025-02-18 04:00:00+00:00,18.087,70.0,3.9763298,Delhi
2025-02-18 05:00:00+00:00,20.487,61.0,5.771239,Delhi
2025-02-18 06:00:00+00:00,22.687,54.0,5.506941,Delhi
2025-02-18 07:00:00+00:00,24.387,48.0,5.771239,Delhi
2025-02-18 08:00:00+00:00,25.387,42.0,5.771239,Delhi
2025-02-18 09:00:00+00:00,26.137,38.0,5.7599998,Delhi
2025-02-18 10:00:00+00:00,26.387,36.0,6.130579,Delhi
2025-02-18 11:00:00+00:00,25.887,36.0,6.519877,Delhi
2025-02-18 12:00:00+00:00,24.837,38.0,4.3349743,Delhi
2025-02-18 13:00:00+00:00,22.337,50.0,4.0249224,Delhi
2025-02-18 14:00:00+00:00,20.887,54.0,4.198285,Delhi
2025-02-18 15:00:00+00:00,19.887,56.0,4.198285,Delhi
2025-02-18 16:00:00+00:00,18.987,58.0,4.452954,Delhi
2025-02-18 17:00:00+00:00,17.937,62.0,4.6938252,Delhi
2025-02-18 18:00:00+00:00,16.887,71.0,4.510787,Delhi
2025-02-18 19:00:00+00:00,16.187,73.0,4.198285,Delhi
2025-02-18 20:00:00+00:00,15.637,74.0,3.8939953,Delhi
2025-02-18 21:00:00+00:00,15.037001,75.0,4.0249224,Delhi
2025-02-18 22:00:00+00:00,14.337001,77.0,4.5536795,Delhi
2025-02-18 23:00:00+00:00,13.487,81.0,4.2136917,Delhi
2025-02-19 00:00:00+00:00,12.887,87.0,3.96,Delhi
2025-02-19 01:00:00+00:00,12.387,88.0,3.96,Delhi
2025-02-19 02:00:00+00:00,12.287001,88.0,3.6,Delhi
2025-02-19 03:00:00+00:00,14.387,81.0,2.968636,Delhi
2025-02-19 04:00:00+00:00,18.187,66.0,3.2599385,Delhi
2025-02-19 05:00:00+00:00,21.487,52.0,4.68,Delhi
2025-02-19 06:00:00+00:00,23.487,43.0,4.802999,Delhi
2025-02-19 07:00:00+00:00,25.237,38.0,5.2416787,Delhi
2025-02-19 08:00:00+00:00,25.987,35.0,5.771239,Delhi
2025-02-19 09:00:00+00:00,26.337,32.0,6.379216,Delhi
2025-02-19 10:00:00+00:00,26.087,32.0,5.815978,Delhi
2025-02-19 11:00:00+00:00,25.387,34.0,5.154415,Delhi
2025-02-19 12:00:00+00:00,24.637,41.0,2.2768397,Delhi
2025-02-19 13:00:00+00:00,23.437,46.0,2.2768397,Delhi
2025-02-19 14:00:00+00:00,22.087,47.0,3.096837,Delhi
2025-02-19 15:00:00+00:00,21.286999,49.0,3.396233,Delhi
2025-02-19 16:00:00+00:00,20.637,50.0,2.1897945,Delhi
2025-02-19 17:00:00+00:00,20.387,51.0,4.6102495,Delhi
2025-02-19 18:00:00+00:00,18.036999,69.0,5.04,Delhi
2025-02-19 19:00:00+00:00,16.437,87.0,5.0911684,Delhi
2025-02-19 20:00:00+00:00,15.937,90.0,3.8268526,Delhi
2025-02-19 21:00:00+00:00,15.537001,93.0,5.4477882,Delhi
2025-02-19 22:00:00+00:00,15.237,94.0,3.9763298,Delhi
2025-02-19 23:00:00+00:00,15.237,93.0,4.1046314,Delhi
2025-02-20 00:00:00+00:00,15.537001,91.0,2.0364676,Delhi
2025-02-20 01:00:00+00:00,15.387,92.0,8.647496,Delhi
2025-02-20 02:00:00+00:00,15.637,90.0,6.8399997,Delhi
2025-02-20 03:00:00+00:00,16.036999,90.0,7.8954163,Delhi
2025-02-20 04:00:00+00:00,17.286999,84.0,8.049845,Delhi
2025-02-20 05:00:00+00:00,18.286999,79.0,8.427383,Delhi
2025-02-20 06:00:00+00:00,20.036999,70.0,9.0,Delhi
2025-02-20 07:00:00+00:00,21.387,65.0,11.570515,Delhi
2025-02-20 08:00:00+00:00,22.937,60.0,12.224107,Delhi
2025-02-20 09:00:00+00:00,23.987,55.0,14.039999,Delhi
2025-02-20 10:00:00+00:00,24.387,53.0,13.53236,Delhi
2025-02-20 11:00:00+00:00,23.687,55.0,7.9526596,Delhi
2025-02-20 12:00:00+00:00,23.137,54.0,8.714677,Delhi
2025-02-20 13:00:00+00:00,22.087,57.0,5.8048253,Delhi
2025-02-20 14:00:00+00:00,20.987,61.0,8.12197,Delhi
2025-02-20 15:00:00+00:00,19.987,65.0,8.766573,Delhi
2025-02-20 16:00:00+00:00,19.237,69.0,4.6800003,Delhi
2025-02-20 17:00:00+00:00,18.137,75.0,7.289445,Delhi
2025-02-20 18:00:00+00:00,17.937,78.0,7.072878,Delhi
2025-02-20 19:00:00+00:00,16.987,83.0,5.8048253,Delhi
2025-02-20 20:00:00+00:00,16.687,85.0,5.1165614,Delhi
2025-02-20 21:00:00+00:00,16.237,87.0,5.991594,Delhi
2025-02-20 22:00:00+00:00,15.987,87.0,6.151683,Delhi
2025-02-20 23:00:00+00:00,15.587001,86.0,5.771239,Delhi
2025-02-21 00:00:00+00:00,15.437,89.0,2.5455842,Delhi
2025-02-21 01:00:00+00:00,14.987,89.0,1.9386592,Delhi
2025-02-21 02:00:00+00:00,14.587001,91.0,2.3051248,Delhi
2025-02-21 03:00:00+00:00,15.937,84.0,1.609969,Delhi
2025-02-21 04:00:00+00:00,18.286999,70.0,1.5273507,Delhi
2025-02-21 05:00:00+00:00,20.687,61.0,2.7416782,Delhi
2025-02-21 06:00:00+00:00,23.387,49.0,2.4149535,Delhi
2025-02-21 07:00:00+00:00,24.687,45.0,2.9024127,Delhi
2025-02-21 08:00:00+00:00,25.637,42.0,3.9763298,Delhi
2025-02-21 09:00:00+00:00,26.087,40.0,5.8603754,Delhi
2025-02-21 10:00:00+00:00,25.837,41.0,7.289444,Delhi
2025-02-21 11:00:00+00:00,25.286999,43.0,7.8954163,Delhi
2025-02-21 12:00:00+00:00,23.536999,51.0,6.9247384,Delhi
2025-02-21 13:00:00+00:00,21.987,61.0,5.4833565,Delhi
2025-02-21 14:00:00+00:00,20.937,69.0,5.6920996,Delhi
2025-02-21 15:00:00+00:00,20.087,71.0,5.937272,Delhi
2025-02-21 16:00:00+00:00,19.036999,73.0,5.937272,Delhi
2025-02-21 17:00:00+00:00,18.137,75.0,5.937272,Delhi
2025-02-21 18:00:00+00:00,17.587,81.0,5.6920996,Delhi
2025-02-21 19:00:00+00:00,16.887,80.0,5.815978,Delhi
2025-02-21 20:00:00+00:00,16.286999,80.0,5.4833565,Delhi
2025-02-21 21:00:00+00:00,15.687,81.0,5.6920996,Delhi
2025-02-21 22:00:00+00:00,15.287001,82.0,5.6920996,Delhi
2025-02-21 23:00:00+00:00,14.837001,84.0,6.725354,Delhi
2025-02-22 00:00:00+00:00,13.837001,91.0,5.937272,Delhi
2025-02-22 01:00:00+00:00,13.387,93.0,5.8603754,Delhi
2025-02-22 02:00:00+00:00,13.237,93.0,5.4477882,Delhi
2025-02-22 03:00:00+00:00,14.587001,85.0,6.725354,Delhi
2025-02-22 04:00:00+00:00,16.737,75.0,7.172949,Delhi
2025-02-22 05:00:00+00:00,18.987,67.0,6.830519,Delhi
2025-02-22 06:00:00+00:00,20.286999,59.0,7.10031,Delhi
2025-02-22 07:00:00+00:00,21.687,54.0,7.754637,Delhi
2025-02-22 08:00:00+00:00,22.687,48.0,8.557102,Delhi
2025-02-22 09:00:00+00:00,23.237,45.0,9.028754,Delhi
2025-02-22 10:00:00+00:00,23.286999,44.0,9.028754,Delhi
2025-02-22 11:00:00+00:00,22.837,46.0,8.557102,Delhi
2025-02-22 12:00:00+00:00,22.087,50.0,7.5170207,Delhi
2025-02-22 13:00:00+00:00,20.286999,61.0,4.802999,Delhi
2025-02-22 14:00:00+00:00,18.887,70.0,4.379589,Delhi
2025-02-22 15:00:00+00:00,17.937,74.0,4.452954,Delhi
2025-02-22 16:00:00+00:00,17.237,77.0,4.2136917,Delhi
2025-02-22 17:00:00+00:00,16.687,78.0,3.8773184,Delhi
2025-02-22 18:00:00+00:00,15.937,84.0,3.8268526,Delhi
2025-02-22 19:00:00+00:00,15.487,84.0,3.8939953,Delhi
2025-02-22 20:00:00+00:00,15.137,85.0,3.7064266,Delhi
2025-02-22 21:00:00+00:00,14.737,86.0,3.7585104,Delhi
2025-02-22 22:00:00+00:00,14.387,86.0,3.7585104,Delhi
2025-02-22 23:00:00+00:00,14.037001,87.0,4.0249224,Delhi
2025-02-23 00:00:00+00:00,13.537001,91.0,3.219938,Delhi
2025-02-23 01:00:00+00:00,13.287001,90.0,3.396233,Delhi
2025-02-23 02:00:00+00:00,13.287001,90.0,3.219938,Delhi
2025-02-23 03:00:00+00:00,14.937,85.0,2.5959969,Delhi
2025-02-23 04:00:00+00:00,17.887,71.0,4.072935,Delhi
2025-02-23 05:00:00+00:00,20.487,60.0,4.6938257,Delhi
2025-02-23 06:00:00+00:00,22.587,50.0,4.8965297,Delhi
2025-02-23 07:00:00+00:00,23.786999,44.0,5.3517847,Delhi
2025-02-23 08:00:00+00:00,24.637,41.0,6.297428,Delhi
2025-02-23 09:00:00+00:00,24.987,40.0,6.28713,Delhi
2025-02-23 10:00:00+00:00,24.837,41.0,6.489992,Delhi
2025-02-23 11:00:00+00:00,24.337,42.0,6.489992,Delhi
2025-02-23 12:00:00+00:00,23.837,45.0,5.5887027,Delhi
2025-02-23 13:00:00+00:00,21.786999,57.0,3.671294,Delhi
2025-02-23 14:00:00+00:00,20.437,62.0,3.6179552,Delhi
2025-02-23 15:00:00+00:00,19.637,64.0,3.2599385,Delhi
2025-02-23 16:00:00+00:00,19.087,65.0,2.8799999,Delhi
2025-02-23 17:00:00+00:00,18.437,66.0,3.319036,Delhi
2025-02-23 18:00:00+00:00,16.737,79.0,3.563818,Delhi
2025-02-23 19:00:00+00:00,16.286999,79.0,4.198285,Delhi
2025-02-23 20:00:00+00:00,15.737,80.0,4.2136917,Delhi
2025-02-23 21:00:00+00:00,15.237,80.0,3.319036,Delhi
2025-02-23 22:00:00+00:00,14.737,81.0,2.9024127,Delhi
2025-02-23 23:00:00+00:00,14.387,81.0,2.5959969,Delhi
2025-02-24 00:00:00+00:00,13.037001,90.0,3.7585104,Delhi
2025-02-24 01:00:00+00:00,12.737,90.0,3.671294,Delhi
2025-02-24 02:00:00+00:00,12.387,93.0,3.2399998,Delhi
2025-02-24 03:00:00+00:00,14.037001,89.0,1.9386592,Delhi
2025-02-24 04:00:00+00:00,18.237,74.0,1.8,Delhi
2025-02-24 05:00:00+00:00,21.286999,61.0,2.1897945,Delhi
2025-02-24 06:00:00+00:00,23.387,50.0,3.8939953,Delhi
2025-02-24 07:00:00+00:00,24.536999,43.0,4.8965297,Delhi
2025-02-24 08:00:00+00:00,25.337,38.0,5.495161,Delhi
2025-02-24 09:00:00+00:00,25.637,37.0,6.6087217,Delhi
2025-02-24 10:00:00+00:00,25.536999,36.0,6.792466,Delhi
2025-02-24 11:00:00+00:00,24.987,37.0,6.696387,Delhi
2025-02-24 12:00:00+00:00,24.087,45.0,5.1919937,Delhi
2025-02-24 13:00:00+00:00,21.737,57.0,3.7064266,Delhi
2025-02-24 14:00:00+00:00,20.286999,62.0,3.6,Delhi
2025-02-24 15:00:00+00:00,19.437,65.0,3.8939953,Delhi
2025-02-24 16:00:00+00:00,18.437,70.0,4.1046314,Delhi
2025-02-24 17:00:00+00:00,17.637,73.0,3.7064266,Delhi
2025-02-24 18:00:00+00:00,17.587,77.0,3.5455887,Delhi
2025-02-24 19:00:00+00:00,16.737,79.0,2.6208394,Delhi
2025-02-24 20:00:00+00:00,16.286999,79.0,1.9386592,Delhi
2025-02-24 21:00:00+00:00,15.737,80.0,1.2979984,Delhi
2025-02-24 22:00:00+00:00,15.337001,80.0,2.4149535,Delhi
2025-02-24 23:00:00+00:00,14.887,81.0,1.0182338,Delhi
2025-02-25 00:00:00+00:00,13.787001,90.0,3.2399998,Delhi
2025-02-25 01:00:00+00:00,13.237,92.0,4.1046314,Delhi
2025-02-25 02:00:00+00:00,12.737,96.0,3.7585104,Delhi
2025-02-25 03:00:00+00:00,14.537001,92.0,2.16,Delhi
2025-02-25 04:00:00+00:00,18.987,73.0,1.8,Delhi
2025-02-25 05:00:00+00:00,22.087,60.0,2.9024127,Delhi
2025-02-25 06:00:00+00:00,24.487,46.0,2.16,Delhi
2025-02-25 07:00:00+00:00,25.587,41.0,2.9024127,Delhi
2025-02-25 08:00:00+00:00,26.437,39.0,4.2136917,Delhi
2025-02-25 09:00:00+00:00,26.837,36.0,5.4119864,Delhi
2025-02-25 10:00:00+00:00,26.737,36.0,6.2145634,Delhi
2025-02-25 11:00:00+00:00,26.187,38.0,5.6920996,Delhi
2025-02-25 12:00:00+00:00,25.187,46.0,2.7416782,Delhi
2025-02-25 13:00:00+00:00,23.487,54.0,2.6208394,Delhi
2025-02-25 14:00:00+00:00,22.237,55.0,1.835647,Delhi
2025-02-25 15:00:00+00:00,21.237,57.0,1.4399999,Delhi
2025-02-25 16:00:00+00:00,20.387,60.0,1.2979984,Delhi
2025-02-25 17:00:00+00:00,19.587,62.0,2.9024127,Delhi
2025-02-25 18:00:00+00:00,18.536999,73.0,3.7064266,Delhi
2025-02-25 19:00:00+00:00,18.337,72.0,3.096837,Delhi
2025-02-25 20:00:00+00:00,18.087,72.0,4.1046314,Delhi
2025-02-25 21:00:00+00:00,17.786999,73.0,4.452954,Delhi
2025-02-25 22:00:00+00:00,17.237,75.0,4.1046314,Delhi
2025-02-25 23:00:00+00:00,17.237,75.0,5.3517847,Delhi
2025-02-26 00:00:00+00:00,16.536999,86.0,2.9024127,Delhi
2025-02-26 01:00:00+00:00,16.036999,90.0,4.510787,Delhi
2025-02-26 02:00:00+00:00,16.286999,90.0,2.0364676,Delhi
2025-02-26 03:00:00+00:00,17.637,87.0,3.219938,Delhi
2025-02-26 04:00:00+00:00,19.837,76.0,4.896529,Delhi
2025-02-26 05:00:00+00:00,21.937,69.0,4.510787,Delhi
2025-02-26 06:00:00+00:00,25.587,51.0,6.193674,Delhi
2025-02-26 07:00:00+00:00,27.137,46.0,4.8965297,Delhi
2025-02-26 08:00:00+00:00,28.337,43.0,4.6938257,Delhi
2025-02-26 09:00:00+00:00,28.937,40.0,2.2768397,Delhi
2025-02-26 10:00:00+00:00,28.887,40.0,1.1384199,Delhi
2025-02-26 11:00:00+00:00,28.487,42.0,5.815978,Delhi
2025-02-26 12:00:00+00:00,28.036999,48.0,1.5273507,Delhi
2025-02-26 13:00:00+00:00,26.237,57.0,2.3051248,Delhi
2025-02-26 14:00:00+00:00,24.337,62.0,5.6002855,Delhi
2025-02-26 15:00:00+00:00,23.437,60.0,5.634891,Delhi
2025-02-26 16:00:00+00:00,23.437,54.0,3.7585104,Delhi
2025-02-26 17:00:00+00:00,23.137,53.0,3.319036,Delhi
2025-02-26 18:00:00+00:00,22.286999,64.0,4.510787,Delhi
2025-02-26 19:00:00+00:00,21.786999,64.0,3.2599385,Delhi
2025-02-26 20:00:00+00:00,21.337,66.0,2.5455842,Delhi
2025-02-26 21:00:00+00:00,20.687,68.0,0.5091169,Delhi
2025-02-26 22:00:00+00:00,19.987,71.0,4.072935,Delhi
2025-02-26 23:00:00+00:00,19.837,70.0,4.8433046,Delhi
2025-02-27 00:00:00+00:00,20.237,68.0,3.6,Delhi
2025-02-27 01:00:00+00:00,19.036999,79.0,5.8048253,Delhi
2025-02-27 02:00:00+00:00,18.687,82.0,7.5685663,Delhi
2025-02-27 03:00:00+00:00,18.987,83.0,7.072878,Delhi
2025-02-27 04:00:00+00:00,19.887,79.0,8.534353,Delhi
2025-02-27 05:00:00+00:00,20.437,77.0,7.24486,Delhi
2025-02-27 06:00:00+00:00,20.987,74.0,8.225035,Delhi
2025-02-27 07:00:00+00:00,21.837,72.0,9.422101,Delhi
2025-02-27 08:00:00+00:00,22.286999,70.0,10.086427,Delhi
2025-02-27 09:00:00+00:00,22.337,71.0,10.829958,Delhi
2025-02-27 10:00:00+00:00,22.637,70.0,10.24578,Delhi
2025-02-27 11:00:00+00:00,22.937,67.0,7.289444,Delhi
2025-02-27 12:00:00+00:00,21.987,68.0,9.904906,Delhi
2025-02-27 13:00:00+00:00,20.837,77.0,8.350138,Delhi
2025-02-27 14:00:00+00:00,19.937,80.0,6.130579,Delhi
2025-02-27 15:00:00+00:00,19.536999,78.0,7.42159,Delhi
2025-02-27 16:00:00+00:00,19.137,77.0,5.00128,Delhi
2025-02-27 17:00:00+00:00,18.786999,78.0,4.510787,Delhi
2025-02-27 18:00:00+00:00,18.786999,81.0,5.815978,Delhi
2025-02-27 19:00:00+00:00,18.737,78.0,5.1544156,Delhi
2025-02-27 20:00:00+00:00,18.437,77.0,5.3517847,Delhi
2025-02-27 21:00:00+00:00,18.187,76.0,5.3999996,Delhi
2025-02-27 22:00:00+00:00,17.536999,82.0,5.95906,Delhi
2025-02-27 23:00:00+00:00,17.337,81.0,7.92,Delhi
2025-02-28 00:00:00+00:00,17.937,77.0,7.072878,Delhi
2025-02-28 01:00:00+00:00,17.487,80.0,6.519877,Delhi
2025-02-28 02:00:00+00:00,17.387,80.0,5.937272,Delhi
2025-02-28 03:00:00+00:00,17.786999,77.0,7.0911775,Delhi
2025-02-28 04:00:00+00:00,19.036999,71.0,7.5685663,Delhi
2025-02-28 05:00:00+00:00,20.536999,66.0,8.373386,Delhi
2025-02-28 06:00:00+00:00,22.437,64.0,8.891344,Delhi
2025-02-28 07:00:00+00:00,23.587,60.0,8.373386,Delhi
2025-02-28 08:00:00+00:00,24.786999,58.0,6.9247384,Delhi
2025-02-28 09:00:00+00:00,25.536999,56.0,5.315336,Delhi
2025-02-28 10:00:00+00:00,25.937,54.0,6.28713,Delhi
2025-02-28 11:00:00+00:00,25.987,53.0,7.172949,Delhi
2025-02-28 12:00:00+00:00,25.036999,62.0,4.6102495,Delhi
2025-02-28 13:00:00+00:00,23.637,71.0,4.0249224,Delhi
2025-02-28 14:00:00+00:00,22.487,77.0,4.896529,Delhi
2025-02-28 15:00:00+00:00,21.286999,82.0,6.6087217,Delhi
2025-02-28 16:00:00+00:00,20.237,87.0,5.904439,Delhi
2025-02-28 17:00:00+00:00,19.737,88.0,8.707237,Delhi
2025-02-28 18:00:00+00:00,19.387,90.0,5.4833565,Delhi
2025-02-28 19:00:00+00:00,18.887,89.0,5.315336,Delhi
2025-02-28 20:00:00+00:00,18.487,90.0,4.6800003,Delhi
2025-02-28 21:00:00+00:00,17.937,90.0,6.28713,Delhi
2025-02-28 22:00:00+00:00,17.487,92.0,5.1165614,Delhi
2025-02-28 23:00:00+00:00,17.187,94.0,5.0911684,Delhi
2025-03-01 00:00:00+00:00,17.437,93.0,4.1046314,Delhi
2025-03-01 01:00:00+00:00,17.237,94.0,3.7585104,Delhi
2025-03-01 02:00:00+00:00,17.437,93.0,4.6938257,Delhi
2025-03-01 03:00:00+00:00,18.137,90.0,5.3517847,Delhi
2025-03-01 04:00:00+00:00,19.687,83.0,5.154415,Delhi
2025-03-01 05:00:00+00:00,21.337,76.0,5.0142193,Delhi
2025-03-01 06:00:00+00:00,23.237,69.0,2.2768397,Delhi
2025-03-01 07:00:00+00:00,24.387,61.0,1.9386592,Delhi
2025-03-01 08:00:00+00:00,24.837,60.0,3.8773184,Delhi
2025-03-01 09:00:00+00:00,24.687,61.0,5.3999996,Delhi
2025-03-01 10:00:00+00:00,24.536999,61.0,6.162207,Delhi
2025-03-01 11:00:00+00:00,24.536999,60.0,5.937272,Delhi
2025-03-01 12:00:00+00:00,24.937,59.0,3.0758414,Delhi
2025-03-01 13:00:00+00:00,24.286999,62.0,1.0182338,Delhi
2025-03-01 14:00:00+00:00,23.937,61.0,1.835647,Delhi
2025-03-01 15:00:00+00:00,23.286999,63.0,2.9024127,Delhi
2025-03-01 16:00:00+00:00,21.587,72.0,4.6938252,Delhi
2025-03-01 17:00:00+00:00,20.237,83.0,5.4119864,Delhi
2025-03-01 18:00:00+00:00,19.487,88.0,6.489992,Delhi
2025-03-01 19:00:00+00:00,19.137,87.0,6.489992,Delhi
2025-03-01 20:00:00+00:00,18.937,86.0,5.506941,Delhi
2025-03-01 21:00:00+00:00,18.536999,88.0,5.04,Delhi
2025-03-01 22:00:00+00:00,18.137,89.0,5.4477882,Delhi
2025-03-01 23:00:00+00:00,17.837,88.0,6.151683,Delhi
2025-03-02 00:00:00+00:00,17.036999,89.0,5.692099,Delhi
2025-03-02 01:00:00+00:00,16.737,89.0,5.3999996,Delhi
2025-03-02 02:00:00+00:00,16.536999,88.0,5.3517847,Delhi
2025-03-02 03:00:00+00:00,17.737,78.0,6.3690495,Delhi
2025-03-02 04:00:00+00:00,20.036999,61.0,6.638072,Delhi
2025-03-02 05:00:00+00:00,22.687,44.0,7.9036193,Delhi
2025-03-02 06:00:00+00:00,24.987,33.0,8.4963045,Delhi
2025-03-02 07:00:00+00:00,26.286999,27.0,10.883676,Delhi
2025-03-02 08:00:00+00:00,26.937,23.0,11.753876,Delhi
2025-03-02 09:00:00+00:00,27.087,22.0,11.966954,Delhi
2025-03-02 10:00:00+00:00,26.786999,23.0,11.988594,Delhi
2025-03-02 11:00:00+00:00,26.087,23.0,10.97262,Delhi
2025-03-02 12:00:00+00:00,24.387,28.0,9.19939,Delhi
2025-03-02 13:00:00+00:00,22.487,35.0,5.95906,Delhi
2025-03-02 14:00:00+00:00,20.786999,44.0,5.0142193,Delhi
2025-03-02 15:00:00+00:00,19.337,51.0,5.154415,Delhi
2025-03-02 16:00:00+00:00,18.187,55.0,4.510787,Delhi
2025-03-02 17:00:00+00:00,17.286999,56.0,4.6102495,Delhi
2025-03-02 18:00:00+00:00,15.437,70.0,4.3349743,Delhi
2025-03-02 19:00:00+00:00,14.887,68.0,4.198285,Delhi
2025-03-02 20:00:00+00:00,14.487,69.0,4.2136917,Delhi
2025-03-02 21:00:00+00:00,14.087001,70.0,4.0249224,Delhi
2025-03-02 22:00:00+00:00,13.787001,70.0,3.8773184,Delhi
2025-03-02 23:00:00+00:00,13.637,70.0,3.396233,Delhi
2025-03-03 00:00:00+00:00,13.337001,75.0,2.8116899,Delhi
2025-03-03 01:00:00+00:00,13.287001,74.0,2.7416782,Delhi
2025-03-03 02:00:00+00:00,13.637,72.0,2.5455842,Delhi
2025-03-03 03:00:00+00:00,15.687,67.0,1.8,Delhi
2025-03-03 04:00:00+00:00,18.837,58.0,2.7416782,Delhi
2025-03-03 05:00:00+00:00,21.637,51.0,3.4152596,Delhi
2025-03-03 06:00:00+00:00,24.687,38.0,3.5455887,Delhi
2025-03-03 07:00:00+00:00,26.387,31.0,3.8268526,Delhi
2025-03-03 08:00:00+00:00,27.536999,30.0,4.1046314,Delhi
2025-03-03 09:00:00+00:00,27.786999,30.0,4.3498964,Delhi
2025-03-03 10:00:00+00:00,27.786999,31.0,3.2399998,Delhi
2025-03-03 11:00:00+00:00,27.337,33.0,1.5273507,Delhi
2025-03-03 12:00:00+00:00,27.737,36.0,1.2979984,Delhi
2025-03-03 13:00:00+00:00,25.737,45.0,3.4152596,Delhi
2025-03-03 14:00:00+00:00,24.187,50.0,3.096837,Delhi
2025-03-03 15:00:00+00:00,22.837,54.0,3.8773184,Delhi
2025-03-03 16:00:00+00:00,21.937,58.0,4.510787,Delhi
2025-03-03 17:00:00+00:00,21.137,60.0,5.1165614,Delhi
2025-03-03 18:00:00+00:00,21.187,62.0,4.510787,Delhi
2025-03-03 19:00:00+00:00,20.637,65.0,4.1046314,Delhi
2025-03-03 20:00:00+00:00,20.087,68.0,4.6938252,Delhi
2025-03-03 21:00:00+00:00,19.587,71.0,2.9024127,Delhi
2025-03-03 22:00:00+00:00,19.137,72.0,4.32,Delhi
2025-03-03 23:00:00+00:00,16.987,81.0,5.00128,Delhi
2025-03-04 00:00:00+00:00,16.637,80.0,3.563818,Delhi
2025-03-04 01:00:00+00:00,15.937,83.0,2.9024127,Delhi
2025-03-04 02:00:00+00:00,15.437,85.0,3.6,Delhi
2025-03-04 03:00:00+00:00,16.987,77.0,1.9386592,Delhi
2025-03-04 04:00:00+00:00,19.536999,66.0,4.6938257,Delhi
2025-03-04 05:00:00+00:00,22.187,56.0,6.6185193,Delhi
2025-03-04 06:00:00+00:00,23.536999,51.0,10.315115,Delhi
2025-03-04 07:00:00+00:00,24.887,46.0,11.609651,Delhi
2025-03-04 08:00:00+00:00,25.737,40.0,13.217443,Delhi
2025-03-04 09:00:00+00:00,26.087,30.0,14.20062,Delhi
2025-03-04 10:00:00+00:00,25.887,26.0,14.693999,Delhi
2025-03-04 11:00:00+00:00,25.087,27.0,14.693999,Delhi
2025-03-04 12:00:00+00:00,23.437,38.0,11.923557,Delhi
2025-03-04 13:00:00+00:00,21.487,48.0,10.163227,Delhi
2025-03-04 14:00:00+00:00,19.786999,56.0,9.693296,Delhi
2025-03-04 15:00:00+00:00,18.487,61.0,9.178235,Delhi
2025-03-04 16:00:00+00:00,17.536999,64.0,8.373386,Delhi
2025-03-04 17:00:00+00:00,16.737,65.0,8.049845,Delhi
2025-03-04 18:00:00+00:00,16.087,70.0,9.021574,Delhi
2025-03-04 19:00:00+00:00,15.337001,71.0,9.511088,Delhi
2025-03-04 20:00:00+00:00,14.737,71.0,9.826088,Delhi
2025-03-04 21:00:00+00:00,14.087001,71.0,10.144082,Delhi
2025-03-04 22:00:00+00:00,13.487,73.0,11.269782,Delhi
2025-03-04 23:00:00+00:00,12.937,76.0,11.440979,Delhi
2025-03-05 00:00:00+00:00,12.387,73.0,11.726277,Delhi
2025-03-05 01:00:00+00:00,11.887,71.0,11.874544,Delhi
2025-03-05 02:00:00+00:00,11.737,67.0,12.224107,Delhi
2025-03-05 03:00:00+00:00,13.237,58.0,14.241629,Delhi
2025-03-05 04:00:00+00:00,15.637,50.0,16.055353,Delhi
2025-03-05 05:00:00+00:00,18.187,43.0,17.551615,Delhi
2025-03-05 06:00:00+00:00,20.337,36.0,16.75064,Delhi
2025-03-05 07:00:00+00:00,21.937,32.0,17.068707,Delhi
2025-03-05 08:00:00+00:00,23.187,29.0,17.555307,Delhi
2025-03-05 09:00:00+00:00,23.887,27.0,18.043148,Delhi
2025-03-05 10:00:00+00:00,24.036999,26.0,17.551615,Delhi
2025-03-05 11:00:00+00:00,23.587,26.0,16.42247,Delhi
2025-03-05 12:00:00+00:00,22.786999,29.0,15.042659,Delhi
2025-03-05 13:00:00+00:00,20.887,35.0,11.726277,Delhi
2025-03-05 14:00:00+00:00,19.187,42.0,9.793058,Delhi
2025-03-05 15:00:00+00:00,18.087,46.0,9.255571,Delhi
2025-03-05 16:00:00+00:00,17.137,48.0,9.107359,Delhi
2025-03-05 17:00:00+00:00,16.286999,50.0,9.227524,Delhi
2025-03-05 18:00:00+00:00,15.987,52.0,9.449572,Delhi
2025-03-05 19:00:00+00:00,15.337001,53.0,9.107359,Delhi
2025-03-05 20:00:00+00:00,14.687,55.0,9.0,Delhi
2025-03-05 21:00:00+00:00,14.137,57.0,9.255571,Delhi
2025-03-05 22:00:00+00:00,13.637,58.0,8.825508,Delhi
2025-03-05 23:00:00+00:00,13.287001,58.0,9.605998,Delhi
2025-03-06 00:00:00+00:00,12.787001,61.0,9.885262,Delhi
2025-03-06 01:00:00+00:00,12.587001,61.0,9.9571085,Delhi
2025-03-06 02:00:00+00:00,12.737,61.0,10.239453,Delhi
2025-03-06 03:00:00+00:00,14.387,57.0,11.090103,Delhi
2025-03-06 04:00:00+00:00,17.137,50.0,12.181625,Delhi
2025-03-06 05:00:00+00:00,20.087,43.0,11.91812,Delhi
2025-03-06 06:00:00+00:00,23.536999,30.0,11.923557,Delhi
2025-03-06 07:00:00+00:00,25.437,25.0,13.0447235,Delhi
2025-03-06 08:00:00+00:00,26.837,21.0,12.57426,Delhi
2025-03-06 09:00:00+00:00,27.687,19.0,12.57426,Delhi
2025-03-06 10:00:00+00:00,27.937,18.0,11.631956,Delhi
2025-03-06 11:00:00+00:00,27.687,18.0,11.113451,Delhi
2025-03-06 12:00:00+00:00,26.437,23.0,8.311245,Delhi
2025-03-06 13:00:00+00:00,24.187,31.0,5.0911684,Delhi
2025-03-06 14:00:00+00:00,22.237,38.0,4.6938252,Delhi
2025-03-06 15:00:00+00:00,20.887,42.0,4.6938252,Delhi
2025-03-06 16:00:00+00:00,20.137,43.0,3.96,Delhi
2025-03-06 17:00:00+00:00,19.837,41.0,3.8773184,Delhi
2025-03-06 18:00:00+00:00,16.137,63.0,3.671294,Delhi
2025-03-06 19:00:00+00:00,15.987,61.0,4.6938252,Delhi
2025-03-06 20:00:00+00:00,15.287001,64.0,3.96,Delhi
2025-03-06 21:00:00+00:00,14.787001,65.0,2.968636,Delhi
2025-03-06 22:00:00+00:00,14.287001,66.0,2.3051248,Delhi
2025-03-06 23:00:00+00:00,13.787001,68.0,3.5455887,Delhi
2025-03-07 00:00:00+00:00,12.587001,79.0,3.6,Delhi
2025-03-07 01:00:00+00:00,12.087001,80.0,4.1046314,Delhi
2025-03-07 02:00:00+00:00,12.287001,80.0,4.452954,Delhi
2025-03-07 03:00:00+00:00,14.987,73.0,2.9024127,Delhi
2025-03-07 04:00:00+00:00,19.137,61.0,3.96,Delhi
2025-03-07 05:00:00+00:00,22.437,49.0,5.0911684,Delhi
2025-03-07 06:00:00+00:00,25.237,37.0,6.28713,Delhi
2025-03-07 07:00:00+00:00,26.737,32.0,7.5170207,Delhi
2025-03-07 08:00:00+00:00,27.687,29.0,7.968939,Delhi
2025-03-07 09:00:00+00:00,28.137,28.0,8.209263,Delhi
2025-03-07 10:00:00+00:00,28.137,29.0,9.360001,Delhi
2025-03-07 11:00:00+00:00,27.536999,30.0,8.699793,Delhi
2025-03-07 12:00:00+00:00,25.987,36.0,6.28713,Delhi
2025-03-07 13:00:00+00:00,23.237,48.0,4.452954,Delhi
2025-03-07 14:00:00+00:00,20.987,56.0,4.73506,Delhi
2025-03-07 15:00:00+00:00,19.437,61.0,4.3349743,Delhi
2025-03-07 16:00:00+00:00,18.487,63.0,4.510787,Delhi
2025-03-07 17:00:00+00:00,18.036999,61.0,4.3349743,Delhi
2025-03-07 18:00:00+00:00,17.637,61.0,4.6938257,Delhi
2025-03-07 19:00:00+00:00,16.937,62.0,4.6102495,Delhi
2025-03-07 20:00:00+00:00,15.937,65.0,4.6938257,Delhi
2025-03-07 21:00:00+00:00,14.587001,72.0,4.452954,Delhi
2025-03-07 22:00:00+00:00,13.287001,78.0,4.2136917,Delhi
2025-03-07 23:00:00+00:00,12.587001,81.0,4.0249224,Delhi
2025-02-04 00:00:00+00:00,19.877998,82.0,3.2399998,Mumbai
2025-02-04 01:00:00+00:00,19.877998,81.0,3.6179552,Mumbai
2025-02-04 02:00:00+00:00,20.078,78.0,3.6179552,Mumbai
2025-02-04 03:00:00+00:00,21.477999,73.0,3.2599385,Mumbai
2025-02-04 04:00:00+00:00,24.627998,60.0,4.3349743,Mumbai
2025-02-04 05:00:00+00:00,26.977999,52.0,7.172949,Mumbai
2025-02-04 06:00:00+00:00,28.627998,43.0,8.78872,Mumbai
2025-02-04 07:00:00+00:00,29.528,42.0,9.673221,Mumbai
2025-02-04 08:00:00+00:00,29.627998,45.0,11.246759,Mumbai
2025-02-04 09:00:00+00:00,29.178,48.0,12.313894,Mumbai
2025-02-04 10:00:00+00:00,28.578,49.0,12.031756,Mumbai
2025-02-04 11:00:00+00:00,27.828,52.0,11.246759,Mumbai
2025-02-04 12:00:00+00:00,27.278,53.0,9.449572,Mumbai
2025-02-04 13:00:00+00:00,25.377998,69.0,8.913181,Mumbai
2025-02-04 14:00:00+00:00,24.328,74.0,7.42159,Mumbai
2025-02-04 15:00:00+00:00,23.928,71.0,6.297428,Mumbai
2025-02-04 16:00:00+00:00,23.627998,66.0,5.6920996,Mumbai
2025-02-04 17:00:00+00:00,23.328,62.0,5.2416787,Mumbai
2025-02-04 18:00:00+00:00,22.778,59.0,4.802999,Mumbai
2025-02-04 19:00:00+00:00,22.528,57.0,5.2416787,Mumbai
2025-02-04 20:00:00+00:00,22.178,56.0,5.506941,Mumbai
2025-02-04 21:00:00+00:00,21.928,55.0,5.8048253,Mumbai
2025-02-04 22:00:00+00:00,21.877998,52.0,6.489992,Mumbai
2025-02-04 23:00:00+00:00,21.828,48.0,7.208994,Mumbai
2025-02-05 00:00:00+00:00,21.278,52.0,5.771239,Mumbai
2025-02-05 01:00:00+00:00,20.928,51.0,5.3999996,Mumbai
2025-02-05 02:00:00+00:00,20.627998,53.0,5.4119864,Mumbai
2025-02-05 03:00:00+00:00,21.727999,48.0,5.8048253,Mumbai
2025-02-05 04:00:00+00:00,24.278,39.0,7.9932976,Mumbai
2025-02-05 05:00:00+00:00,26.528,33.0,10.239453,Mumbai
2025-02-05 06:00:00+00:00,28.727999,30.0,9.114471,Mumbai
2025-02-05 07:00:00+00:00,30.278,28.0,9.904906,Mumbai
2025-02-05 08:00:00+00:00,31.328,27.0,11.298495,Mumbai
2025-02-05 09:00:00+00:00,31.377998,27.0,12.682018,Mumbai
2025-02-05 10:00:00+00:00,30.377998,32.0,13.324863,Mumbai
2025-02-05 11:00:00+00:00,28.778,41.0,13.551501,Mumbai
2025-02-05 12:00:00+00:00,27.578,47.0,13.896187,Mumbai
2025-02-05 13:00:00+00:00,25.977999,53.0,11.792404,Mumbai
2025-02-05 14:00:00+00:00,25.127998,54.0,9.360001,Mumbai
2025-02-05 15:00:00+00:00,24.678,52.0,7.172949,Mumbai
2025-02-05 16:00:00+00:00,24.328,50.0,6.489992,Mumbai
2025-02-05 17:00:00+00:00,23.928,51.0,6.0347,Mumbai
2025-02-05 18:00:00+00:00,22.928,58.0,5.0142193,Mumbai
2025-02-05 19:00:00+00:00,22.428,60.0,4.5536795,Mumbai
2025-02-05 20:00:00+00:00,21.828,62.0,4.379589,Mumbai
2025-02-05 21:00:00+00:00,21.328,63.0,3.96,Mumbai
2025-02-05 22:00:00+00:00,20.828,65.0,3.9763298,Mumbai
2025-02-05 23:00:00+00:00,20.377998,66.0,3.96,Mumbai
2025-02-06 00:00:00+00:00,20.227999,70.0,3.2599385,Mumbai
2025-02-06 01:00:00+00:00,19.877998,70.0,3.5455887,Mumbai
2025-02-06 02:00:00+00:00,19.377998,72.0,3.6,Mumbai
2025-02-06 03:00:00+00:00,20.178,69.0,2.9024127,Mumbai
2025-02-06 04:00:00+00:00,23.477999,49.0,2.8116899,Mumbai
2025-02-06 05:00:00+00:00,27.078,41.0,4.0249224,Mumbai
2025-02-06 06:00:00+00:00,30.178,38.0,3.6179552,Mumbai
2025-02-06 07:00:00+00:00,32.278,35.0,3.7064266,Mumbai
2025-02-06 08:00:00+00:00,33.378,34.0,4.6800003,Mumbai
2025-02-06 09:00:00+00:00,33.177998,38.0,8.654986,Mumbai
2025-02-06 10:00:00+00:00,31.178,44.0,10.30883,Mumbai
2025-02-06 11:00:00+00:00,29.627998,48.0,9.693296,Mumbai
2025-02-06 12:00:00+00:00,28.328,56.0,9.0,Mumbai
2025-02-06 13:00:00+00:00,26.778,63.0,8.161764,Mumbai
2025-02-06 14:00:00+00:00,25.877998,67.0,5.3517847,Mumbai
2025-02-06 15:00:00+00:00,25.328,69.0,1.9386592,Mumbai
2025-02-06 16:00:00+00:00,24.928,70.0,0.8049845,Mumbai
2025-02-06 17:00:00+00:00,24.528,73.0,2.3051248,Mumbai
2025-02-06 18:00:00+00:00,24.578,72.0,2.0991426,Mumbai
2025-02-06 19:00:00+00:00,24.328,74.0,1.8,Mumbai
2025-02-06 20:00:00+00:00,23.828,76.0,2.5455842,Mumbai
2025-02-06 21:00:00+00:00,23.528,77.0,2.9024127,Mumbai
2025-02-06 22:00:00+00:00,23.178,79.0,2.4149535,Mumbai
2025-02-06 23:00:00+00:00,22.778,80.0,3.319036,Mumbai
2025-02-07 00:00:00+00:00,22.778,79.0,3.319036,Mumbai
2025-02-07 01:00:00+00:00,22.178,81.0,3.563818,Mumbai
2025-02-07 02:00:00+00:00,22.078,80.0,3.563818,Mumbai
2025-02-07 03:00:00+00:00,23.227999,76.0,2.5455842,Mumbai
2025-02-07 04:00:00+00:00,26.828,58.0,2.3051248,Mumbai
2025-02-07 05:00:00+00:00,29.877998,47.0,3.563818,Mumbai
2025-02-07 06:00:00+00:00,32.228,40.0,2.0991426,Mumbai
2025-02-07 07:00:00+00:00,34.128,35.0,1.1384199,Mumbai
2025-02-07 08:00:00+00:00,34.478,36.0,7.10031,Mumbai
2025-02-07 09:00:00+00:00,33.078,43.0,9.36,Mumbai
2025-02-07 10:00:00+00:00,32.078,45.0,9.346143,Mumbai
2025-02-07 11:00:00+00:00,31.127998,46.0,9.360001,Mumbai
2025-02-07 12:00:00+00:00,29.877998,51.0,8.39657,Mumbai
2025-02-07 13:00:00+00:00,27.828,61.0,7.42159,Mumbai
2025-02-07 14:00:00+00:00,26.578,65.0,5.3517847,Mumbai
2025-02-07 15:00:00+00:00,25.977999,67.0,3.396233,Mumbai
2025-02-07 16:00:00+00:00,25.428,70.0,1.835647,Mumbai
2025-02-07 17:00:00+00:00,25.078,71.0,1.484318,Mumbai
2025-02-07 18:00:00+00:00,25.227999,68.0,1.609969,Mumbai
2025-02-07 19:00:00+00:00,24.828,69.0,1.9386592,Mumbai
2025-02-07 20:00:00+00:00,24.428,71.0,1.2979984,Mumbai
2025-02-07 21:00:00+00:00,23.977999,73.0,1.484318,Mumbai
2025-02-07 22:00:00+00:00,23.428,76.0,2.16,Mumbai
2025-02-07 23:00:00+00:00,22.928,79.0,2.4149535,Mumbai
2025-02-08 00:00:00+00:00,22.328,79.0,2.3051248,Mumbai
2025-02-08 01:00:00+00:00,22.028,81.0,2.8116899,Mumbai
2025-02-08 02:00:00+00:00,21.627998,82.0,3.096837,Mumbai
2025-02-08 03:00:00+00:00,22.178,79.0,2.3051248,Mumbai
2025-02-08 04:00:00+00:00,26.078,57.0,2.3051248,Mumbai
2025-02-08 05:00:00+00:00,29.227999,47.0,2.8116899,Mumbai
2025-02-08 06:00:00+00:00,31.877998,40.0,1.1384199,Mumbai
2025-02-08 07:00:00+00:00,33.778,35.0,2.968636,Mumbai
2025-02-08 08:00:00+00:00,34.278,36.0,7.771331,Mumbai
2025-02-08 09:00:00+00:00,33.028,42.0,10.365251,Mumbai
2025-02-08 10:00:00+00:00,31.727999,44.0,10.163227,Mumbai
2025-02-08 11:00:00+00:00,30.627998,45.0,10.315115,Mumbai
2025-02-08 12:00:00+00:00,29.627998,52.0,9.085988,Mumbai
2025-02-08 13:00:00+00:00,27.877998,60.0,8.161764,Mumbai
2025-02-08 14:00:00+00:00,26.828,64.0,5.3999996,Mumbai
2025-02-08 15:00:00+00:00,26.178,67.0,3.5455887,Mumbai
2025-02-08 16:00:00+00:00,25.528,70.0,3.219938,Mumbai
2025-02-08 17:00:00+00:00,25.127998,71.0,2.968636,Mumbai
2025-02-08 18:00:00+00:00,25.178,69.0,2.52,Mumbai
2025-02-08 19:00:00+00:00,25.127998,66.0,2.16,Mumbai
2025-02-08 20:00:00+00:00,24.877998,65.0,1.609969,Mumbai
2025-02-08 21:00:00+00:00,24.528,66.0,2.4149535,Mumbai
2025-02-08 22:00:00+00:00,24.278,67.0,2.6208394,Mumbai
2025-02-08 23:00:00+00:00,23.928,68.0,2.9024127,Mumbai
2025-02-09 00:00:00+00:00,23.178,76.0,2.6208394,Mumbai
2025-02-09 01:00:00+00:00,22.828,77.0,2.9024127,Mumbai
2025-02-09 02:00:00+00:00,22.377998,79.0,3.0758414,Mumbai
2025-02-09 03:00:00+00:00,22.828,78.0,2.5455842,Mumbai
2025-02-09 04:00:00+00:00,26.227999,58.0,2.9024127,Mumbai
2025-02-09 05:00:00+00:00,29.377998,43.0,5.1544156,Mumbai
2025-02-09 06:00:00+00:00,31.528,39.0,4.39436,Mumbai
2025-02-09 07:00:00+00:00,33.128,36.0,5.6002855,Mumbai
2025-02-09 08:00:00+00:00,33.528,39.0,7.7879906,Mumbai
2025-02-09 09:00:00+00:00,32.878,44.0,10.00256,Mumbai
2025-02-09 10:00:00+00:00,31.528,50.0,10.144082,Mumbai
2025-02-09 11:00:00+00:00,30.278,53.0,10.00256,Mumbai
2025-02-09 12:00:00+00:00,30.227999,49.0,9.726664,Mumbai
2025-02-09 13:00:00+00:00,28.278,54.0,8.913181,Mumbai
2025-02-09 14:00:00+00:00,27.278,56.0,5.904439,Mumbai
2025-02-09 15:00:00+00:00,26.627998,58.0,4.0249224,Mumbai
2025-02-09 16:00:00+00:00,26.028,61.0,3.396233,Mumbai
2025-02-09 17:00:00+00:00,25.627998,62.0,3.6,Mumbai
2025-02-09 18:00:00+00:00,25.578,53.0,3.4152596,Mumbai
2025-02-09 19:00:00+00:00,25.428,51.0,3.4152596,Mumbai
2025-02-09 20:00:00+00:00,25.028,52.0,3.7064266,Mumbai
2025-02-09 21:00:00+00:00,24.377998,56.0,4.198285,Mumbai
2025-02-09 22:00:00+00:00,23.977999,58.0,4.829907,Mumbai
2025-02-09 23:00:00+00:00,23.877998,60.0,4.6800003,Mumbai
2025-02-10 00:00:00+00:00,23.328,69.0,2.5959969,Mumbai
2025-02-10 01:00:00+00:00,23.178,73.0,2.9024127,Mumbai
2025-02-10 02:00:00+00:00,22.678,78.0,3.2599385,Mumbai
2025-02-10 03:00:00+00:00,23.328,76.0,2.8799999,Mumbai
2025-02-10 04:00:00+00:00,26.377998,58.0,3.6179552,Mumbai
2025-02-10 05:00:00+00:00,28.977999,44.0,5.04,Mumbai
2025-02-10 06:00:00+00:00,31.127998,38.0,5.00128,Mumbai
2025-02-10 07:00:00+00:00,32.528,35.0,6.3690495,Mumbai
2025-02-10 08:00:00+00:00,32.878,38.0,8.714677,Mumbai
2025-02-10 09:00:00+00:00,32.578,40.0,10.233123,Mumbai
2025-02-10 10:00:00+00:00,31.578,43.0,10.739832,Mumbai
2025-02-10 11:00:00+00:00,30.627998,42.0,10.97262,Mumbai
2025-02-10 12:00:00+00:00,29.328,50.0,10.233123,Mumbai
2025-02-10 13:00:00+00:00,27.428,55.0,9.422101,Mumbai
2025-02-10 14:00:00+00:00,26.328,59.0,7.928177,Mumbai
2025-02-10 15:00:00+00:00,25.877998,60.0,6.489992,Mumbai
2025-02-10 16:00:00+00:00,25.328,63.0,4.510787,Mumbai
2025-02-10 17:00:00+00:00,24.678,66.0,3.0758414,Mumbai
2025-02-10 18:00:00+00:00,24.078,69.0,3.319036,Mumbai
2025-02-10 19:00:00+00:00,23.477999,73.0,3.563818,Mumbai
2025-02-10 20:00:00+00:00,22.877998,78.0,3.319036,Mumbai
2025-02-10 21:00:00+00:00,22.477999,82.0,2.9024127,Mumbai
2025-02-10 22:00:00+00:00,22.028,86.0,2.5455842,Mumbai
2025-02-10 23:00:00+00:00,21.578,89.0,2.9024127,Mumbai
2025-02-11 00:00:00+00:00,21.078,87.0,3.2399998,Mumbai
2025-02-11 01:00:00+00:00,20.578,90.0,2.9024127,Mumbai
2025-02-11 02:00:00+00:00,20.178,89.0,2.7416782,Mumbai
2025-02-11 03:00:00+00:00,21.227999,82.0,2.4149535,Mumbai
2025-02-11 04:00:00+00:00,25.127998,53.0,2.5455842,Mumbai
2025-02-11 05:00:00+00:00,28.227999,40.0,4.1046314,Mumbai
2025-02-11 06:00:00+00:00,30.428,37.0,6.9153743,Mumbai
2025-02-11 07:00:00+00:00,31.578,36.0,8.669949,Mumbai
2025-02-11 08:00:00+00:00,31.778,38.0,10.703569,Mumbai
2025-02-11 09:00:00+00:00,31.227999,41.0,11.988594,Mumbai
2025-02-11 10:00:00+00:00,30.227999,45.0,12.496718,Mumbai
2025-02-11 11:00:00+00:00,29.377998,45.0,12.229406,Mumbai
2025-02-11 12:00:00+00:00,28.477999,51.0,10.182337,Mumbai
2025-02-11 13:00:00+00:00,26.678,62.0,8.913181,Mumbai
2025-02-11 14:00:00+00:00,25.528,67.0,6.3690495,Mumbai
2025-02-11 15:00:00+00:00,24.877998,69.0,4.6102495,Mumbai
2025-02-11 16:00:00+00:00,24.178,72.0,3.6,Mumbai
2025-02-11 17:00:00+00:00,23.477999,75.0,3.8939953,Mumbai
2025-02-11 18:00:00+00:00,23.178,74.0,4.39436,Mumbai
2025-02-11 19:00:00+00:00,22.678,77.0,4.8965297,Mumbai
2025-02-11 20:00:00+00:00,22.278,79.0,5.00128,Mumbai
2025-02-11 21:00:00+00:00,21.977999,81.0,5.3517847,Mumbai
2025-02-11 22:00:00+00:00,21.678,82.0,5.1544156,Mumbai
2025-02-11 23:00:00+00:00,21.328,81.0,4.6938252,Mumbai
2025-02-12 00:00:00+00:00,20.928,80.0,3.6179552,Mumbai
2025-02-12 01:00:00+00:00,20.428,80.0,3.5455887,Mumbai
2025-02-12 02:00:00+00:00,19.828,81.0,3.6,Mumbai
2025-02-12 03:00:00+00:00,20.477999,76.0,2.8116899,Mumbai
2025-02-12 04:00:00+00:00,24.127998,51.0,3.096837,Mumbai
2025-02-12 05:00:00+00:00,27.127998,40.0,4.802999,Mumbai
2025-02-12 06:00:00+00:00,29.977999,33.0,6.924738,Mumbai
2025-02-12 07:00:00+00:00,31.828,30.0,8.825508,Mumbai
2025-02-12 08:00:00+00:00,32.978,29.0,9.504273,Mumbai
2025-02-12 09:00:00+00:00,33.278,31.0,10.587918,Mumbai
2025-02-12 10:00:00+00:00,32.478,38.0,11.753876,Mumbai
2025-02-12 11:00:00+00:00,30.678,49.0,12.496718,Mumbai
2025-02-12 12:00:00+00:00,29.428,56.0,10.703569,Mumbai
2025-02-12 13:00:00+00:00,27.828,60.0,9.726664,Mumbai
2025-02-12 14:00:00+00:00,26.778,62.0,8.0899935,Mumbai
2025-02-12 15:00:00+00:00,26.278,61.0,7.0911775,Mumbai
2025-02-12 16:00:00+00:00,25.727999,63.0,6.489992,Mumbai
2025-02-12 17:00:00+00:00,25.178,63.0,6.0347,Mumbai
2025-02-12 18:00:00+00:00,24.178,66.0,5.1544156,Mumbai
2025-02-12 19:00:00+00:00,23.578,66.0,4.802999,Mumbai
2025-02-12 20:00:00+00:00,23.028,66.0,4.73506,Mumbai
2025-02-12 21:00:00+00:00,22.528,66.0,4.68,Mumbai
2025-02-12 22:00:00+00:00,22.028,66.0,4.73506,Mumbai
2025-02-12 23:00:00+00:00,21.627998,65.0,4.5536795,Mumbai
2025-02-13 00:00:00+00:00,21.328,71.0,4.1046314,Mumbai
2025-02-13 01:00:00+00:00,20.877998,71.0,4.2136917,Mumbai
2025-02-13 02:00:00+00:00,20.428,73.0,4.3498964,Mumbai
2025-02-13 03:00:00+00:00,21.477999,69.0,3.7064266,Mumbai
2025-02-13 04:00:00+00:00,25.078,50.0,4.198285,Mumbai
2025-02-13 05:00:00+00:00,28.178,40.0,6.297428,Mumbai
2025-02-13 06:00:00+00:00,31.278,31.0,5.8603754,Mumbai
2025-02-13 07:00:00+00:00,33.528,25.0,3.8939953,Mumbai
2025-02-13 08:00:00+00:00,35.128,21.0,2.968636,Mumbai
2025-02-13 09:00:00+00:00,35.628,22.0,7.5942082,Mumbai
2025-02-13 10:00:00+00:00,33.927998,34.0,11.983188,Mumbai
2025-02-13 11:00:00+00:00,31.028,48.0,11.592894,Mumbai
2025-02-13 12:00:00+00:00,29.078,51.0,10.195057,Mumbai
2025-02-13 13:00:00+00:00,27.727999,54.0,9.178235,Mumbai
2025-02-13 14:00:00+00:00,26.828,57.0,7.491114,Mumbai
2025-02-13 15:00:00+00:00,26.328,58.0,6.6087217,Mumbai
2025-02-13 16:00:00+00:00,25.778,60.0,5.4833565,Mumbai
2025-02-13 17:00:00+00:00,25.028,61.0,4.802999,Mumbai
2025-02-13 18:00:00+00:00,24.377998,62.0,3.2599385,Mumbai
2025-02-13 19:00:00+00:00,23.928,63.0,3.8773184,Mumbai
2025-02-13 20:00:00+00:00,23.377998,65.0,4.2136917,Mumbai
2025-02-13 21:00:00+00:00,22.928,67.0,3.9763298,Mumbai
2025-02-13 22:00:00+00:00,22.627998,66.0,4.1046314,Mumbai
2025-02-13 23:00:00+00:00,22.227999,65.0,4.0249224,Mumbai
2025-02-14 00:00:00+00:00,21.727999,69.0,3.7064266,Mumbai
2025-02-14 01:00:00+00:00,21.477999,68.0,3.8939953,Mumbai
2025-02-14 02:00:00+00:00,21.227999,67.0,4.1046314,Mumbai
2025-02-14 03:00:00+00:00,22.278,64.0,3.8268526,Mumbai
2025-02-14 04:00:00+00:00,26.028,47.0,4.1046314,Mumbai
2025-02-14 05:00:00+00:00,29.377998,37.0,5.692099,Mumbai
2025-02-14 06:00:00+00:00,32.378,32.0,5.634891,Mumbai
2025-02-14 07:00:00+00:00,34.278,27.0,5.4119864,Mumbai
2025-02-14 08:00:00+00:00,35.378,25.0,7.491114,Mumbai
2025-02-14 09:00:00+00:00,34.927998,30.0,11.246759,Mumbai
2025-02-14 10:00:00+00:00,32.427998,43.0,13.044722,Mumbai
2025-02-14 11:00:00+00:00,30.977999,44.0,11.592894,Mumbai
2025-02-14 12:00:00+00:00,30.477999,43.0,10.195057,Mumbai
2025-02-14 13:00:00+00:00,29.078,46.0,8.942214,Mumbai
2025-02-14 14:00:00+00:00,27.928,50.0,7.7879906,Mumbai
2025-02-14 15:00:00+00:00,27.477999,50.0,7.24486,Mumbai
2025-02-14 16:00:00+00:00,27.078,50.0,6.489992,Mumbai
2025-02-14 17:00:00+00:00,26.678,48.0,5.6920996,Mumbai
2025-02-14 18:00:00+00:00,25.578,53.0,3.96,Mumbai
2025-02-14 19:00:00+00:00,25.227999,53.0,3.6179552,Mumbai
2025-02-14 20:00:00+00:00,24.828,53.0,3.2399998,Mumbai
2025-02-14 21:00:00+00:00,24.428,55.0,3.6,Mumbai
2025-02-14 22:00:00+00:00,23.977999,57.0,3.2599385,Mumbai
2025-02-14 23:00:00+00:00,23.528,58.0,3.4152596,Mumbai
2025-02-15 00:00:00+00:00,22.178,67.0,2.9024127,Mumbai
2025-02-15 01:00:00+00:00,22.178,64.0,3.319036,Mumbai
2025-02-15 02:00:00+00:00,21.928,64.0,3.8268526,Mumbai
2025-02-15 03:00:00+00:00,22.627998,61.0,3.396233,Mumbai
2025-02-15 04:00:00+00:00,26.127998,48.0,2.9024127,Mumbai
2025-02-15 05:00:00+00:00,29.578,38.0,3.8268526,Mumbai
2025-02-15 06:00:00+00:00,32.228,33.0,3.4152596,Mumbai
2025-02-15 07:00:00+00:00,34.328,27.0,4.5536795,Mumbai
2025-02-15 08:00:00+00:00,35.528,24.0,6.638072,Mumbai
2025-02-15 09:00:00+00:00,35.028,31.0,10.086427,Mumbai
2025-02-15 10:00:00+00:00,32.578,45.0,11.681987,Mumbai
2025-02-15 11:00:00+00:00,30.977999,42.0,11.808878,Mumbai
2025-02-15 12:00:00+00:00,30.028,41.0,10.195057,Mumbai
2025-02-15 13:00:00+00:00,28.227999,49.0,9.0,Mumbai
2025-02-15 14:00:00+00:00,27.328,49.0,6.989936,Mumbai
2025-02-15 15:00:00+00:00,26.678,50.0,5.634891,Mumbai
2025-02-15 16:00:00+00:00,25.627998,53.0,4.1046314,Mumbai
2025-02-15 17:00:00+00:00,25.278,52.0,3.2599385,Mumbai
2025-02-15 18:00:00+00:00,25.227999,48.0,2.6208394,Mumbai
2025-02-15 19:00:00+00:00,24.877998,47.0,2.5455842,Mumbai
2025-02-15 20:00:00+00:00,24.127998,52.0,3.7064266,Mumbai
2025-02-15 21:00:00+00:00,24.727999,53.0,4.3498964,Mumbai
2025-02-15 22:00:00+00:00,23.578,62.0,3.7585104,Mumbai
2025-02-15 23:00:00+00:00,22.678,69.0,3.2399998,Mumbai
2025-02-16 00:00:00+00:00,21.528,70.0,3.319036,Mumbai
2025-02-16 01:00:00+00:00,21.028,68.0,4.072935,Mumbai
2025-02-16 02:00:00+00:00,21.727999,59.0,4.8433046,Mumbai
2025-02-16 03:00:00+00:00,21.828,56.0,3.8268526,Mumbai
2025-02-16 04:00:00+00:00,25.278,40.0,3.396233,Mumbai
2025-02-16 05:00:00+00:00,29.028,34.0,3.6179552,Mumbai
2025-02-16 06:00:00+00:00,32.078,29.0,5.0142193,Mumbai
2025-02-16 07:00:00+00:00,34.078,25.0,6.696387,Mumbai
2025-02-16 08:00:00+00:00,34.728,26.0,9.178235,Mumbai
2025-02-16 09:00:00+00:00,34.078,30.0,11.183201,Mumbai
2025-02-16 10:00:00+00:00,32.778,33.0,10.948973,Mumbai
2025-02-16 11:00:00+00:00,31.078,40.0,10.805998,Mumbai
2025-02-16 12:00:00+00:00,30.328,44.0,8.78872,Mumbai
2025-02-16 13:00:00+00:00,28.127998,56.0,7.42159,Mumbai
2025-02-16 14:00:00+00:00,26.727999,63.0,5.1165614,Mumbai
2025-02-16 15:00:00+00:00,25.877998,64.0,3.6,Mumbai
2025-02-16 16:00:00+00:00,24.977999,69.0,2.9024127,Mumbai
2025-02-16 17:00:00+00:00,24.377998,71.0,2.9024127,Mumbai
2025-02-16 18:00:00+00:00,24.078,67.0,2.9024127,Mumbai
2025-02-16 19:00:00+00:00,23.528,69.0,3.4152596,Mumbai
2025-02-16 20:00:00+00:00,22.877998,73.0,4.0249224,Mumbai
2025-02-16 21:00:00+00:00,22.127998,78.0,3.8773184,Mumbai
2025-02-16 22:00:00+00:00,21.477999,82.0,3.9763298,Mumbai
2025-02-16 23:00:00+00:00,21.078,82.0,3.6,Mumbai
2025-02-17 00:00:00+00:00,20.727999,80.0,3.4152596,Mumbai
2025-02-17 01:00:00+00:00,20.328,78.0,3.8939953,Mumbai
2025-02-17 02:00:00+00:00,19.727999,76.0,3.6,Mumbai
2025-02-17 03:00:00+00:00,20.877998,67.0,3.319036,Mumbai
2025-02-17 04:00:00+00:00,25.278,40.0,3.319036,Mumbai
2025-02-17 05:00:00+00:00,29.178,28.0,4.6800003,Mumbai
2025-02-17 06:00:00+00:00,32.177998,28.0,5.8048253,Mumbai
2025-02-17 07:00:00+00:00,34.228,26.0,7.6367526,Mumbai
2025-02-17 08:00:00+00:00,35.228,25.0,8.217153,Mumbai
2025-02-17 09:00:00+00:00,34.978,29.0,10.195057,Mumbai
2025-02-17 10:00:00+00:00,32.828,45.0,11.885453,Mumbai
2025-02-17 11:00:00+00:00,30.578,52.0,12.181624,Mumbai
2025-02-17 12:00:00+00:00,29.028,52.0,11.480557,Mumbai
2025-02-17 13:00:00+00:00,27.428,57.0,10.195057,Mumbai
2025-02-17 14:00:00+00:00,26.278,62.0,8.435069,Mumbai
2025-02-17 15:00:00+00:00,25.977999,61.0,6.989936,Mumbai
2025-02-17 16:00:00+00:00,25.278,65.0,5.00128,Mumbai
2025-02-17 17:00:00+00:00,24.377998,70.0,4.0249224,Mumbai
2025-02-17 18:00:00+00:00,24.178,72.0,3.4152596,Mumbai
2025-02-17 19:00:00+00:00,23.578,76.0,4.0249224,Mumbai
2025-02-17 20:00:00+00:00,23.078,81.0,4.3498964,Mumbai
2025-02-17 21:00:00+00:00,22.778,83.0,4.3498964,Mumbai
2025-02-17 22:00:00+00:00,22.528,85.0,3.7585104,Mumbai
2025-02-17 23:00:00+00:00,22.127998,86.0,3.6,Mumbai
2025-02-18 00:00:00+00:00,21.828,88.0,3.6,Mumbai
2025-02-18 01:00:00+00:00,21.428,89.0,3.7585104,Mumbai
2025-02-18 02:00:00+00:00,20.977999,89.0,3.5455887,Mumbai
2025-02-18 03:00:00+00:00,22.227999,81.0,2.9024127,Mumbai
2025-02-18 04:00:00+00:00,25.828,60.0,2.7416782,Mumbai
2025-02-18 05:00:00+00:00,29.278,45.0,3.9763298,Mumbai
2025-02-18 06:00:00+00:00,33.578,26.0,5.4477882,Mumbai
2025-02-18 07:00:00+00:00,35.628,21.0,7.172949,Mumbai
2025-02-18 08:00:00+00:00,36.128,23.0,10.195057,Mumbai
2025-02-18 09:00:00+00:00,34.378,36.0,13.551501,Mumbai
2025-02-18 10:00:00+00:00,32.278,43.0,13.783817,Mumbai
2025-02-18 11:00:00+00:00,31.178,43.0,13.746156,Mumbai
2025-02-18 12:00:00+00:00,30.227999,52.0,11.212135,Mumbai
2025-02-18 13:00:00+00:00,28.678,55.0,9.220499,Mumbai
2025-02-18 14:00:00+00:00,27.627998,57.0,6.989936,Mumbai
2025-02-18 15:00:00+00:00,26.928,57.0,4.6938257,Mumbai
2025-02-18 16:00:00+00:00,26.127998,58.0,3.219938,Mumbai
2025-02-18 17:00:00+00:00,25.828,58.0,2.9024127,Mumbai
2025-02-18 18:00:00+00:00,25.377998,62.0,2.9024127,Mumbai
2025-02-18 19:00:00+00:00,24.977999,63.0,3.096837,Mumbai
2025-02-18 20:00:00+00:00,24.377998,66.0,3.8939953,Mumbai
2025-02-18 21:00:00+00:00,23.678,72.0,4.0249224,Mumbai
2025-02-18 22:00:00+00:00,23.028,78.0,3.8773184,Mumbai
2025-02-18 23:00:00+00:00,22.627998,83.0,4.0249224,Mumbai
2025-02-19 00:00:00+00:00,22.528,84.0,3.2399998,Mumbai
2025-02-19 01:00:00+00:00,22.178,84.0,3.319036,Mumbai
2025-02-19 02:00:00+00:00,21.828,84.0,3.5455887,Mumbai
2025-02-19 03:00:00+00:00,22.828,77.0,2.8116899,Mumbai
2025-02-19 04:00:00+00:00,26.428,56.0,2.3051248,Mumbai
2025-02-19 05:00:00+00:00,29.578,45.0,3.6179552,Mumbai
2025-02-19 06:00:00+00:00,32.028,38.0,6.130579,Mumbai
2025-02-19 07:00:00+00:00,33.828,31.0,7.968939,Mumbai
2025-02-19 08:00:00+00:00,34.228,32.0,10.44,Mumbai
2025-02-19 09:00:00+00:00,32.878,44.0,13.104198,Mumbai
2025-02-19 10:00:00+00:00,31.028,51.0,13.18308,Mumbai
2025-02-19 11:00:00+00:00,30.227999,47.0,12.096214,Mumbai
2025-02-19 12:00:00+00:00,29.778,50.0,10.233123,Mumbai
2025-02-19 13:00:00+00:00,28.377998,52.0,8.913181,Mumbai
2025-02-19 14:00:00+00:00,27.178,58.0,6.9153743,Mumbai
2025-02-19 15:00:00+00:00,26.578,60.0,5.3999996,Mumbai
2025-02-19 16:00:00+00:00,25.828,64.0,4.1046314,Mumbai
2025-02-19 17:00:00+00:00,25.227999,67.0,3.6,Mumbai
2025-02-19 18:00:00+00:00,24.528,71.0,3.096837,Mumbai
2025-02-19 19:00:00+00:00,24.178,74.0,3.8268526,Mumbai
2025-02-19 20:00:00+00:00,23.727999,79.0,4.1046314,Mumbai
2025-02-19 21:00:00+00:00,23.227999,85.0,4.0249224,Mumbai
2025-02-19 22:00:00+00:00,22.928,87.0,4.2136917,Mumbai
2025-02-19 23:00:00+00:00,22.877998,85.0,3.671294,Mumbai
2025-02-20 00:00:00+00:00,22.928,78.0,3.319036,Mumbai
2025-02-20 01:00:00+00:00,22.678,78.0,3.4152596,Mumbai
2025-02-20 02:00:00+00:00,22.178,78.0,3.7064266,Mumbai
2025-02-20 03:00:00+00:00,22.877998,73.0,2.8116899,Mumbai
2025-02-20 04:00:00+00:00,26.428,52.0,3.096837,Mumbai
2025-02-20 05:00:00+00:00,29.627998,41.0,4.379589,Mumbai
2025-02-20 06:00:00+00:00,32.628,33.0,6.5693827,Mumbai
2025-02-20 07:00:00+00:00,34.427998,28.0,8.209263,Mumbai
2025-02-20 08:00:00+00:00,35.228,28.0,9.793059,Mumbai
2025-02-20 09:00:00+00:00,34.128,37.0,12.738099,Mumbai
2025-02-20 10:00:00+00:00,31.928,50.0,13.783817,Mumbai
2025-02-20 11:00:00+00:00,31.178,46.0,12.261157,Mumbai
2025-02-20 12:00:00+00:00,30.627998,48.0,12.496718,Mumbai
2025-02-20 13:00:00+00:00,29.428,48.0,10.587918,Mumbai
2025-02-20 14:00:00+00:00,28.528,49.0,8.707237,Mumbai
2025-02-20 15:00:00+00:00,28.278,47.0,7.42159,Mumbai
2025-02-20 16:00:00+00:00,27.828,47.0,5.937272,Mumbai
2025-02-20 17:00:00+00:00,27.127998,48.0,4.32,Mumbai
2025-02-20 18:00:00+00:00,26.178,50.0,4.3349743,Mumbai
2025-02-20 19:00:00+00:00,25.877998,50.0,4.3349743,Mumbai
2025-02-20 20:00:00+00:00,25.627998,51.0,3.9763298,Mumbai
2025-02-20 21:00:00+00:00,25.127998,53.0,3.7585104,Mumbai
2025-02-20 22:00:00+00:00,24.278,56.0,3.8773184,Mumbai
2025-02-20 23:00:00+00:00,23.528,59.0,3.7585104,Mumbai
2025-02-21 00:00:00+00:00,23.278,61.0,3.8939953,Mumbai
2025-02-21 01:00:00+00:00,22.727999,62.0,4.1046314,Mumbai
2025-02-21 02:00:00+00:00,22.328,63.0,4.072935,Mumbai
2025-02-21 03:00:00+00:00,23.627998,59.0,3.6,Mumbai
2025-02-21 04:00:00+00:00,27.727999,43.0,3.8939953,Mumbai
2025-02-21 05:00:00+00:00,31.178,32.0,5.6233797,Mumbai
2025-02-21 06:00:00+00:00,34.028,25.0,5.506941,Mumbai
2025-02-21 07:00:00+00:00,35.828,22.0,6.489992,Mumbai
2025-02-21 08:00:00+00:00,36.528,23.0,8.404285,Mumbai
2025-02-21 09:00:00+00:00,36.128,27.0,11.304229,Mumbai
2025-02-21 10:00:00+00:00,34.228,37.0,12.819235,Mumbai
2025-02-21 11:00:00+00:00,32.778,41.0,12.496718,Mumbai
2025-02-21 12:00:00+00:00,31.977999,45.0,10.691453,Mumbai
2025-02-21 13:00:00+00:00,30.578,46.0,10.296251,Mumbai
2025-02-21 14:00:00+00:00,29.428,48.0,8.707237,Mumbai
2025-02-21 15:00:00+00:00,29.127998,46.0,7.628263,Mumbai
2025-02-21 16:00:00+00:00,28.578,45.0,6.2145634,Mumbai
2025-02-21 17:00:00+00:00,27.877998,44.0,5.771239,Mumbai
2025-02-21 18:00:00+00:00,27.428,42.0,5.5887027,Mumbai
2025-02-21 19:00:00+00:00,26.977999,40.0,5.1544156,Mumbai
2025-02-21 20:00:00+00:00,26.578,39.0,5.1544156,Mumbai
2025-02-21 21:00:00+00:00,26.127998,40.0,4.452954,Mumbai
2025-02-21 22:00:00+00:00,25.578,41.0,4.3498964,Mumbai
2025-02-21 23:00:00+00:00,25.028,43.0,4.2136917,Mumbai
2025-02-22 00:00:00+00:00,24.127998,49.0,4.0249224,Mumbai
2025-02-22 01:00:00+00:00,23.578,51.0,4.198285,Mumbai
2025-02-22 02:00:00+00:00,22.977999,54.0,4.1046314,Mumbai
2025-02-22 03:00:00+00:00,23.977999,52.0,3.319036,Mumbai
2025-02-22 04:00:00+00:00,27.977999,37.0,3.8268526,Mumbai
2025-02-22 05:00:00+00:00,31.477999,29.0,5.6002855,Mumbai
2025-02-22 06:00:00+00:00,34.128,25.0,3.219938,Mumbai
2025-02-22 07:00:00+00:00,36.177998,19.0,5.0142193,Mumbai
2025-02-22 08:00:00+00:00,36.878,20.0,8.435069,Mumbai
2025-02-22 09:00:00+00:00,35.378,29.0,12.682018,Mumbai
2025-02-22 10:00:00+00:00,32.878,39.0,12.387348,Mumbai
2025-02-22 11:00:00+00:00,31.977999,40.0,11.4862,Mumbai
2025-02-22 12:00:00+00:00,31.227999,44.0,9.585739,Mumbai
2025-02-22 13:00:00+00:00,30.377998,46.0,8.14587,Mumbai
2025-02-22 14:00:00+00:00,29.727999,44.0,6.489992,Mumbai
2025-02-22 15:00:00+00:00,29.078,43.0,4.829907,Mumbai
2025-02-22 16:00:00+00:00,28.278,46.0,2.9024127,Mumbai
2025-02-22 17:00:00+00:00,28.127998,45.0,1.609969,Mumbai
2025-02-22 18:00:00+00:00,27.377998,51.0,1.9386592,Mumbai
2025-02-22 19:00:00+00:00,26.778,53.0,1.4399999,Mumbai
2025-02-22 20:00:00+00:00,26.078,56.0,2.1897945,Mumbai
2025-02-22 21:00:00+00:00,25.578,57.0,3.0758414,Mumbai
2025-02-22 22:00:00+00:00,24.578,62.0,3.6,Mumbai
2025-02-22 23:00:00+00:00,24.028,64.0,3.8268526,Mumbai
2025-02-23 00:00:00+00:00,22.428,81.0,3.4152596,Mumbai
2025-02-23 01:00:00+00:00,21.928,82.0,3.219938,Mumbai
2025-02-23 02:00:00+00:00,21.678,80.0,3.396233,Mumbai
2025-02-23 03:00:00+00:00,23.127998,71.0,3.096837,Mumbai
2025-02-23 04:00:00+00:00,27.528,46.0,3.319036,Mumbai
2025-02-23 05:00:00+00:00,31.178,32.0,5.00128,Mumbai
2025-02-23 06:00:00+00:00,34.478,25.0,3.8268526,Mumbai
2025-02-23 07:00:00+00:00,36.628,20.0,2.16,Mumbai
2025-02-23 08:00:00+00:00,37.228,20.0,7.289444,Mumbai
2025-02-23 09:00:00+00:00,35.427998,30.0,12.768586,Mumbai
2025-02-23 10:00:00+00:00,33.778,33.0,11.298495,Mumbai
2025-02-23 11:00:00+00:00,32.677998,35.0,10.630672,Mumbai
2025-02-23 12:00:00+00:00,31.528,43.0,8.587338,Mumbai
2025-02-23 13:00:00+00:00,29.627998,50.0,7.386582,Mumbai
2025-02-23 14:00:00+00:00,28.678,52.0,4.8965297,Mumbai
2025-02-23 15:00:00+00:00,27.828,55.0,3.8939953,Mumbai
2025-02-23 16:00:00+00:00,27.028,58.0,3.7064266,Mumbai
2025-02-23 17:00:00+00:00,26.477999,59.0,3.5455887,Mumbai
2025-02-23 18:00:00+00:00,26.727999,56.0,3.219938,Mumbai
2025-02-23 19:00:00+00:00,25.977999,58.0,3.671294,Mumbai
2025-02-23 20:00:00+00:00,25.227999,59.0,3.6179552,Mumbai
2025-02-23 21:00:00+00:00,24.578,60.0,3.7064266,Mumbai
2025-02-23 22:00:00+00:00,23.928,60.0,3.8268526,Mumbai
2025-02-23 23:00:00+00:00,23.328,60.0,3.8268526,Mumbai
2025-02-24 00:00:00+00:00,22.977999,62.0,3.8939953,Mumbai
2025-02-24 01:00:00+00:00,22.377998,65.0,4.1046314,Mumbai
2025-02-24 02:00:00+00:00,22.178,66.0,3.8268526,Mumbai
2025-02-24 03:00:00+00:00,23.778,62.0,3.563818,Mumbai
2025-02-24 04:00:00+00:00,28.028,42.0,4.1046314,Mumbai
2025-02-24 05:00:00+00:00,31.477999,31.0,5.1919937,Mumbai
2025-02-24 06:00:00+00:00,34.778,21.0,4.072935,Mumbai
2025-02-24 07:00:00+00:00,36.677998,18.0,1.835647,Mumbai
2025-02-24 08:00:00+00:00,37.278,16.0,3.219938,Mumbai
2025-02-24 09:00:00+00:00,36.177998,25.0,10.086427,Mumbai
2025-02-24 10:00:00+00:00,34.728,31.0,11.043261,Mumbai
2025-02-24 11:00:00+00:00,34.028,31.0,10.163227,Mumbai
2025-02-24 12:00:00+00:00,32.778,39.0,9.19939,Mumbai
2025-02-24 13:00:00+00:00,30.627998,47.0,7.928177,Mumbai
2025-02-24 14:00:00+00:00,29.278,51.0,6.696387,Mumbai
2025-02-24 15:00:00+00:00,28.678,50.0,5.634891,Mumbai
2025-02-24 16:00:00+00:00,28.028,50.0,4.5536795,Mumbai
2025-02-24 17:00:00+00:00,27.727999,47.0,3.6179552,Mumbai
2025-02-24 18:00:00+00:00,27.477999,46.0,2.9024127,Mumbai
2025-02-24 19:00:00+00:00,27.377998,43.0,3.2599385,Mumbai
2025-02-24 20:00:00+00:00,26.928,44.0,3.2599385,Mumbai
2025-02-24 21:00:00+00:00,26.477999,44.0,3.5455887,Mumbai
2025-02-24 22:00:00+00:00,25.877998,44.0,3.8268526,Mumbai
2025-02-24 23:00:00+00:00,25.127998,45.0,4.072935,Mumbai
2025-02-25 00:00:00+00:00,23.678,54.0,4.1046314,Mumbai
2025-02-25 01:00:00+00:00,23.127998,56.0,4.39436,Mumbai
2025-02-25 02:00:00+00:00,22.678,59.0,4.0249224,Mumbai
2025-02-25 03:00:00+00:00,24.078,57.0,3.5455887,Mumbai
2025-02-25 04:00:00+00:00,28.578,40.0,4.3498964,Mumbai
2025-02-25 05:00:00+00:00,31.928,29.0,6.725354,Mumbai
2025-02-25 06:00:00+00:00,34.528,23.0,4.6938252,Mumbai
2025-02-25 07:00:00+00:00,36.177998,22.0,4.1046314,Mumbai
2025-02-25 08:00:00+00:00,36.878,23.0,5.1165614,Mumbai
2025-02-25 09:00:00+00:00,35.978,29.0,10.464798,Mumbai
2025-02-25 10:00:00+00:00,33.927998,34.0,11.966953,Mumbai
2025-02-25 11:00:00+00:00,32.828,35.0,11.113451,Mumbai
2025-02-25 12:00:00+00:00,31.678,41.0,9.19939,Mumbai
2025-02-25 13:00:00+00:00,29.627998,48.0,7.491114,Mumbai
2025-02-25 14:00:00+00:00,28.178,54.0,5.1165614,Mumbai
2025-02-25 15:00:00+00:00,27.227999,59.0,2.9024127,Mumbai
2025-02-25 16:00:00+00:00,26.328,64.0,2.52,Mumbai
2025-02-25 17:00:00+00:00,25.428,66.0,2.5959969,Mumbai
2025-02-25 18:00:00+00:00,25.278,65.0,0.71999997,Mumbai
2025-02-25 19:00:00+00:00,24.727999,68.0,1.4399999,Mumbai
2025-02-25 20:00:00+00:00,24.328,70.0,0.8049845,Mumbai
2025-02-25 21:00:00+00:00,23.877998,72.0,2.7416782,Mumbai
2025-02-25 22:00:00+00:00,23.477999,74.0,2.6208394,Mumbai
2025-02-25 23:00:00+00:00,23.178,75.0,2.5959969,Mumbai
2025-02-26 00:00:00+00:00,23.028,76.0,3.319036,Mumbai
2025-02-26 01:00:00+00:00,22.877998,76.0,3.4152596,Mumbai
2025-02-26 02:00:00+00:00,22.778,75.0,3.6,Mumbai
2025-02-26 03:00:00+00:00,23.627998,69.0,3.096837,Mumbai
2025-02-26 04:00:00+00:00,27.678,46.0,2.9024127,Mumbai
2025-02-26 05:00:00+00:00,31.178,34.0,2.5455842,Mumbai
2025-02-26 06:00:00+00:00,34.628,26.0,2.2768397,Mumbai
2025-02-26 07:00:00+00:00,36.728,23.0,2.1897945,Mumbai
2025-02-26 08:00:00+00:00,36.878,25.0,8.209263,Mumbai
2025-02-26 09:00:00+00:00,35.128,31.0,10.853866,Mumbai
2025-02-26 10:00:00+00:00,33.978,34.0,12.0694,Mumbai
2025-02-26 11:00:00+00:00,32.728,38.0,11.119281,Mumbai
2025-02-26 12:00:00+00:00,31.778,44.0,8.699793,Mumbai
2025-02-26 13:00:00+00:00,29.977999,52.0,7.7879906,Mumbai
2025-02-26 14:00:00+00:00,28.528,59.0,5.692099,Mumbai
2025-02-26 15:00:00+00:00,27.928,62.0,0.71999997,Mumbai
2025-02-26 16:00:00+00:00,27.278,66.0,2.1897945,Mumbai
2025-02-26 17:00:00+00:00,26.678,70.0,0.71999997,Mumbai
2025-02-26 18:00:00+00:00,26.227999,70.0,0.71999997,Mumbai
2025-02-26 19:00:00+00:00,25.678,71.0,0.35999998,Mumbai
2025-02-26 20:00:00+00:00,24.977999,75.0,1.08,Mumbai
2025-02-26 21:00:00+00:00,24.428,78.0,1.609969,Mumbai
2025-02-26 22:00:00+00:00,23.828,82.0,2.5455842,Mumbai
2025-02-26 23:00:00+00:00,23.377998,85.0,3.396233,Mumbai
2025-02-27 00:00:00+00:00,23.127998,83.0,3.4152596,Mumbai
2025-02-27 01:00:00+00:00,22.377998,85.0,3.5455887,Mumbai
2025-02-27 02:00:00+00:00,22.028,83.0,3.5455887,Mumbai
2025-02-27 03:00:00+00:00,24.127998,72.0,2.6208394,Mumbai
2025-02-27 04:00:00+00:00,28.678,45.0,3.2399998,Mumbai
2025-02-27 05:00:00+00:00,32.177998,34.0,2.7416782,Mumbai
2025-02-27 06:00:00+00:00,35.278,29.0,4.0249224,Mumbai
2025-02-27 07:00:00+00:00,36.128,29.0,8.049845,Mumbai
2025-02-27 08:00:00+00:00,35.778,32.0,9.511088,Mumbai
2025-02-27 09:00:00+00:00,35.278,33.0,10.594036,Mumbai
2025-02-27 10:00:00+00:00,34.328,35.0,12.24,Mumbai
2025-02-27 11:00:00+00:00,32.778,41.0,12.015589,Mumbai
2025-02-27 12:00:00+00:00,31.678,47.0,9.693296,Mumbai
2025-02-27 13:00:00+00:00,30.078,52.0,7.5942082,Mumbai
2025-02-27 14:00:00+00:00,28.828,59.0,3.4152596,Mumbai
2025-02-27 15:00:00+00:00,28.178,65.0,2.1897945,Mumbai
2025-02-27 16:00:00+00:00,27.578,65.0,2.9024127,Mumbai
2025-02-27 17:00:00+00:00,27.227999,65.0,1.8,Mumbai
2025-02-27 18:00:00+00:00,26.977999,65.0,2.4149535,Mumbai
2025-02-27 19:00:00+00:00,26.578,68.0,1.2979984,Mumbai
2025-02-27 20:00:00+00:00,26.127998,69.0,0.5091169,Mumbai
2025-02-27 21:00:00+00:00,25.678,70.0,0.35999998,Mumbai
2025-02-27 22:00:00+00:00,25.178,72.0,2.0991426,Mumbai
2025-02-27 23:00:00+00:00,24.727999,76.0,4.0249224,Mumbai
2025-02-28 00:00:00+00:00,23.778,81.0,3.319036,Mumbai
2025-02-28 01:00:00+00:00,23.127998,87.0,3.2599385,Mumbai
2025-02-28 02:00:00+00:00,22.727999,89.0,3.5455887,Mumbai
2025-02-28 03:00:00+00:00,24.727999,77.0,2.5959969,Mumbai
2025-02-28 04:00:00+00:00,28.627998,52.0,3.0758414,Mumbai
2025-02-28 05:00:00+00:00,31.928,37.0,2.9024127,Mumbai
2025-02-28 06:00:00+00:00,34.078,30.0,6.9527545,Mumbai
2025-02-28 07:00:00+00:00,35.378,29.0,9.957108,Mumbai
2025-02-28 08:00:00+00:00,34.778,36.0,12.819235,Mumbai
2025-02-28 09:00:00+00:00,33.728,41.0,13.104198,Mumbai
2025-02-28 10:00:00+00:00,33.028,42.0,12.88981,Mumbai
2025-02-28 11:00:00+00:00,32.328,43.0,12.819235,Mumbai
2025-02-28 12:00:00+00:00,30.928,51.0,10.009036,Mumbai
2025-02-28 13:00:00+00:00,29.428,55.0,8.913181,Mumbai
2025-02-28 14:00:00+00:00,28.178,61.0,7.145796,Mumbai
2025-02-28 15:00:00+00:00,27.578,64.0,6.193674,Mumbai
2025-02-28 16:00:00+00:00,27.127998,66.0,5.00128,Mumbai
2025-02-28 17:00:00+00:00,26.627998,68.0,4.6800003,Mumbai
2025-02-28 18:00:00+00:00,26.328,63.0,4.0249224,Mumbai
2025-02-28 19:00:00+00:00,25.877998,64.0,3.6,Mumbai
2025-02-28 20:00:00+00:00,25.377998,65.0,4.3498964,Mumbai
2025-02-28 21:00:00+00:00,25.377998,65.0,4.6938257,Mumbai
2025-02-28 22:00:00+00:00,25.428,63.0,5.00128,Mumbai
2025-02-28 23:00:00+00:00,25.227999,63.0,4.198285,Mumbai
2025-03-01 00:00:00+00:00,24.627998,66.0,3.7064266,Mumbai
2025-03-01 01:00:00+00:00,24.178,68.0,3.4152596,Mumbai
2025-03-01 02:00:00+00:00,23.828,70.0,3.2399998,Mumbai
2025-03-01 03:00:00+00:00,25.278,65.0,2.5455842,Mumbai
2025-03-01 04:00:00+00:00,28.578,44.0,3.6179552,Mumbai
2025-03-01 05:00:00+00:00,31.278,34.0,4.5536795,Mumbai
2025-03-01 06:00:00+00:00,33.278,32.0,5.315336,Mumbai
2025-03-01 07:00:00+00:00,34.427998,32.0,7.491114,Mumbai
2025-03-01 08:00:00+00:00,34.078,37.0,10.805998,Mumbai
2025-03-01 09:00:00+00:00,32.677998,45.0,12.783802,Mumbai
2025-03-01 10:00:00+00:00,31.328,53.0,14.113652,Mumbai
2025-03-01 11:00:00+00:00,30.578,51.0,13.513193,Mumbai
2025-03-01 12:00:00+00:00,30.278,52.0,11.480557,Mumbai
2025-03-01 13:00:00+00:00,28.928,56.0,9.957108,Mumbai
2025-03-01 14:00:00+00:00,27.928,60.0,8.0899935,Mumbai
2025-03-01 15:00:00+00:00,27.678,58.0,6.489992,Mumbai
2025-03-01 16:00:00+00:00,27.178,57.0,5.1544156,Mumbai
2025-03-01 17:00:00+00:00,26.627998,57.0,4.379589,Mumbai
2025-03-01 18:00:00+00:00,26.127998,56.0,3.9763298,Mumbai
2025-03-01 19:00:00+00:00,25.678,57.0,3.671294,Mumbai
2025-03-01 20:00:00+00:00,24.928,61.0,4.1046314,Mumbai
2025-03-01 21:00:00+00:00,24.328,66.0,4.2136917,Mumbai
2025-03-01 22:00:00+00:00,23.877998,70.0,4.1046314,Mumbai
2025-03-01 23:00:00+00:00,23.578,75.0,4.0249224,Mumbai
2025-03-02 00:00:00+00:00,23.678,76.0,3.2399998,Mumbai
2025-03-02 01:00:00+00:00,23.477999,77.0,3.2599385,Mumbai
2025-03-02 02:00:00+00:00,23.278,79.0,3.319036,Mumbai
2025-03-02 03:00:00+00:00,24.778,72.0,2.5455842,Mumbai
2025-03-02 04:00:00+00:00,27.928,55.0,3.319036,Mumbai
2025-03-02 05:00:00+00:00,30.727999,45.0,6.0347,Mumbai
2025-03-02 06:00:00+00:00,33.927998,32.0,7.072878,Mumbai
2025-03-02 07:00:00+00:00,35.378,28.0,9.021574,Mumbai
2025-03-02 08:00:00+00:00,35.728,31.0,11.480557,Mumbai
2025-03-02 09:00:00+00:00,34.628,40.0,13.493999,Mumbai
2025-03-02 10:00:00+00:00,33.378,45.0,13.746156,Mumbai
2025-03-02 11:00:00+00:00,32.528,42.0,12.475961,Mumbai
2025-03-02 12:00:00+00:00,31.227999,50.0,10.195057,Mumbai
2025-03-02 13:00:00+00:00,29.627998,55.0,9.422101,Mumbai
2025-03-02 14:00:00+00:00,28.127998,60.0,8.714677,Mumbai
2025-03-02 15:00:00+00:00,27.727999,58.0,8.0899935,Mumbai
2025-03-02 16:00:00+00:00,27.377998,58.0,6.6185193,Mumbai
2025-03-02 17:00:00+00:00,26.778,59.0,4.802999,Mumbai
2025-03-02 18:00:00+00:00,26.278,61.0,3.8773184,Mumbai
2025-03-02 19:00:00+00:00,25.627998,64.0,3.8939953,Mumbai
2025-03-02 20:00:00+00:00,25.127998,68.0,4.8965297,Mumbai
2025-03-02 21:00:00+00:00,24.627998,75.0,4.6938257,Mumbai
2025-03-02 22:00:00+00:00,24.278,79.0,4.0249224,Mumbai
2025-03-02 23:00:00+00:00,23.977999,80.0,3.7585104,Mumbai
2025-03-03 00:00:00+00:00,24.028,74.0,3.2599385,Mumbai
2025-03-03 01:00:00+00:00,23.528,73.0,3.5455887,Mumbai
2025-03-03 02:00:00+00:00,23.078,71.0,3.396233,Mumbai
2025-03-03 03:00:00+00:00,24.328,63.0,3.096837,Mumbai
2025-03-03 04:00:00+00:00,27.928,41.0,3.0758414,Mumbai
2025-03-03 05:00:00+00:00,31.028,33.0,4.6938252,Mumbai
2025-03-03 06:00:00+00:00,33.628,30.0,5.634891,Mumbai
2025-03-03 07:00:00+00:00,35.128,29.0,7.7879906,Mumbai
2025-03-03 08:00:00+00:00,35.228,34.0,11.212135,Mumbai
2025-03-03 09:00:00+00:00,33.578,45.0,13.276144,Mumbai
2025-03-03 10:00:00+00:00,32.228,51.0,13.276144,Mumbai
2025-03-03 11:00:00+00:00,31.727999,49.0,12.229406,Mumbai
2025-03-03 12:00:00+00:00,31.028,53.0,9.726664,Mumbai
2025-03-03 13:00:00+00:00,30.078,54.0,8.404285,Mumbai
2025-03-03 14:00:00+00:00,29.227999,55.0,6.4096174,Mumbai
2025-03-03 15:00:00+00:00,28.678,54.0,5.00128,Mumbai
2025-03-03 16:00:00+00:00,27.877998,56.0,4.510787,Mumbai
2025-03-03 17:00:00+00:00,27.377998,57.0,5.154415,Mumbai
2025-03-03 18:00:00+00:00,26.877998,58.0,4.5536795,Mumbai
2025-03-03 19:00:00+00:00,26.528,59.0,4.896529,Mumbai
2025-03-03 20:00:00+00:00,26.227999,59.0,4.5536795,Mumbai
2025-03-03 21:00:00+00:00,25.977999,59.0,4.379589,Mumbai
2025-03-03 22:00:00+00:00,25.727999,58.0,3.9763298,Mumbai
2025-03-03 23:00:00+00:00,25.477999,58.0,3.96,Mumbai
2025-03-04 00:00:00+00:00,24.678,66.0,3.2399998,Mumbai
2025-03-04 01:00:00+00:00,24.377998,66.0,3.96,Mumbai
2025-03-04 02:00:00+00:00,24.028,68.0,3.9763298,Mumbai
2025-03-04 03:00:00+00:00,25.028,65.0,3.6179552,Mumbai
2025-03-04 04:00:00+00:00,28.028,51.0,5.0528407,Mumbai
2025-03-04 05:00:00+00:00,30.377998,43.0,9.007196,Mumbai
2025-03-04 06:00:00+00:00,33.478,30.0,12.6462,Mumbai
2025-03-04 07:00:00+00:00,34.978,25.0,12.620554,Mumbai
2025-03-04 08:00:00+00:00,36.128,24.0,12.261158,Mumbai
2025-03-04 09:00:00+00:00,36.828,22.0,12.181625,Mumbai
2025-03-04 10:00:00+00:00,35.628,29.0,14.57889,Mumbai
2025-03-04 11:00:00+00:00,33.078,41.0,15.077082,Mumbai
2025-03-04 12:00:00+00:00,31.227999,50.0,14.386494,Mumbai
2025-03-04 13:00:00+00:00,29.828,53.0,13.202726,Mumbai
2025-03-04 14:00:00+00:00,28.778,55.0,11.113451,Mumbai
2025-03-04 15:00:00+00:00,28.227999,55.0,9.107359,Mumbai
2025-03-04 16:00:00+00:00,28.028,52.0,7.2805495,Mumbai
2025-03-04 17:00:00+00:00,27.627998,50.0,6.12,Mumbai
2025-03-04 18:00:00+00:00,27.428,47.0,6.4799995,Mumbai
2025-03-04 19:00:00+00:00,27.078,45.0,7.2359104,Mumbai
2025-03-04 20:00:00+00:00,26.877998,43.0,7.5942073,Mumbai
2025-03-04 21:00:00+00:00,26.477999,44.0,6.8399997,Mumbai
2025-03-04 22:00:00+00:00,25.727999,46.0,5.4119864,Mumbai
2025-03-04 23:00:00+00:00,25.028,49.0,5.0528407,Mumbai
2025-03-05 00:00:00+00:00,24.328,53.0,5.0911684,Mumbai
2025-03-05 01:00:00+00:00,23.977999,53.0,5.4477882,Mumbai
2025-03-05 02:00:00+00:00,23.778,53.0,5.1544156,Mumbai
2025-03-05 03:00:00+00:00,25.477999,48.0,4.802999,Mumbai
2025-03-05 04:00:00+00:00,28.377998,38.0,6.489992,Mumbai
2025-03-05 05:00:00+00:00,31.028,31.0,7.2,Mumbai
2025-03-05 06:00:00+00:00,34.528,23.0,5.315336,Mumbai
2025-03-05 07:00:00+00:00,36.427998,19.0,4.0249224,Mumbai
2025-03-05 08:00:00+00:00,37.478,19.0,6.1094027,Mumbai
2025-03-05 09:00:00+00:00,37.028,24.0,11.183201,Mumbai
2025-03-05 10:00:00+00:00,34.628,35.0,13.104198,Mumbai
2025-03-05 11:00:00+00:00,32.677998,41.0,12.031756,Mumbai
2025-03-05 12:00:00+00:00,31.477999,45.0,11.246759,Mumbai
2025-03-05 13:00:00+00:00,30.477999,45.0,9.726664,Mumbai
2025-03-05 14:00:00+00:00,29.678,42.0,8.373386,Mumbai
2025-03-05 15:00:00+00:00,29.428,33.0,7.42159,Mumbai
2025-03-05 16:00:00+00:00,28.778,30.0,6.0347,Mumbai
2025-03-05 17:00:00+00:00,27.578,35.0,4.2136917,Mumbai
2025-03-05 18:00:00+00:00,26.328,42.0,4.6938252,Mumbai
2025-03-05 19:00:00+00:00,25.627998,42.0,4.802999,Mumbai
2025-03-05 20:00:00+00:00,24.877998,39.0,4.829907,Mumbai
2025-03-05 21:00:00+00:00,24.227999,38.0,5.00128,Mumbai
2025-03-05 22:00:00+00:00,23.778,38.0,5.00128,Mumbai
2025-03-05 23:00:00+00:00,23.328,39.0,4.510787,Mumbai
2025-03-06 00:00:00+00:00,21.977999,49.0,4.39436,Mumbai
2025-03-06 01:00:00+00:00,21.578,49.0,4.1046314,Mumbai
2025-03-06 02:00:00+00:00,21.328,50.0,4.1046314,Mumbai
2025-03-06 03:00:00+00:00,22.928,46.0,3.563818,Mumbai
2025-03-06 04:00:00+00:00,27.377998,28.0,4.072935,Mumbai
2025-03-06 05:00:00+00:00,30.227999,21.0,5.692099,Mumbai
2025-03-06 06:00:00+00:00,33.128,18.0,1.4399999,Mumbai
2025-03-06 07:00:00+00:00,35.128,16.0,3.319036,Mumbai
2025-03-06 08:00:00+00:00,35.228,21.0,9.47012,Mumbai
2025-03-06 09:00:00+00:00,33.628,28.0,11.440979,Mumbai
2025-03-06 10:00:00+00:00,32.628,27.0,11.298495,Mumbai
2025-03-06 11:00:00+00:00,31.727999,30.0,11.090103,Mumbai
2025-03-06 12:00:00+00:00,30.328,39.0,9.726664,Mumbai
2025-03-06 13:00:00+00:00,28.477999,47.0,7.8954163,Mumbai
2025-03-06 14:00:00+00:00,27.127998,53.0,4.5820518,Mumbai
2025-03-06 15:00:00+00:00,26.278,57.0,2.9024127,Mumbai
2025-03-06 16:00:00+00:00,25.828,58.0,2.7416782,Mumbai
2025-03-06 17:00:00+00:00,25.477999,59.0,3.0758414,Mumbai
2025-03-06 18:00:00+00:00,24.928,58.0,2.968636,Mumbai
2025-03-06 19:00:00+00:00,24.727999,57.0,2.9024127,Mumbai
2025-03-06 20:00:00+00:00,24.278,57.0,2.9024127,Mumbai
2025-03-06 21:00:00+00:00,23.678,58.0,3.396233,Mumbai
2025-03-06 22:00:00+00:00,23.227999,58.0,4.072935,Mumbai
2025-03-06 23:00:00+00:00,22.428,60.0,4.3349743,Mumbai
2025-03-07 00:00:00+00:00,21.127998,65.0,4.072935,Mumbai
2025-03-07 01:00:00+00:00,20.428,67.0,4.1046314,Mumbai
2025-03-07 02:00:00+00:00,20.178,68.0,4.072935,Mumbai
2025-03-07 03:00:00+00:00,22.127998,62.0,3.319036,Mumbai
2025-03-07 04:00:00+00:00,27.078,38.0,3.6,Mumbai
2025-03-07 05:00:00+00:00,30.977999,26.0,5.8603754,Mumbai
2025-03-07 06:00:00+00:00,34.578,18.0,5.815978,Mumbai
2025-03-07 07:00:00+00:00,36.578,15.0,3.319036,Mumbai
2025-03-07 08:00:00+00:00,37.628,14.0,4.0249224,Mumbai
2025-03-07 09:00:00+00:00,36.878,22.0,10.661107,Mumbai
2025-03-07 10:00:00+00:00,34.578,32.0,12.879752,Mumbai
2025-03-07 11:00:00+00:00,32.828,35.0,11.4862,Mumbai
2025-03-07 12:00:00+00:00,31.428,36.0,10.739832,Mumbai
2025-03-07 13:00:00+00:00,29.778,43.0,9.422101,Mumbai
2025-03-07 14:00:00+00:00,28.377998,48.0,7.7043357,Mumbai
2025-03-07 15:00:00+00:00,27.977999,47.0,6.12,Mumbai
2025-03-07 16:00:00+00:00,27.127998,50.0,3.8773184,Mumbai
2025-03-07 17:00:00+00:00,26.727999,51.0,2.16,Mumbai
2025-03-07 18:00:00+00:00,26.428,49.0,1.609969,Mumbai
2025-03-07 19:00:00+00:00,25.928,50.0,2.0991426,Mumbai
2025-03-07 20:00:00+00:00,25.877998,52.0,2.8116899,Mumbai
2025-03-07 21:00:00+00:00,25.727999,54.0,2.7416782,Mumbai
2025-03-07 22:00:00+00:00,25.278,58.0,3.2399998,Mumbai
2025-03-07 23:00:00+00:00,24.578,62.0,3.0758414,Mumbai
2025-02-04 00:00:00+00:00,18.226,88.0,2.9024127,Kolkata
2025-02-04 01:00:00+00:00,17.976,89.0,3.319036,Kolkata
2025-02-04 02:00:00+00:00,19.126,84.0,3.8268526,Kolkata
2025-02-04 03:00:00+00:00,21.476,73.0,4.3349743,Kolkata
2025-02-04 04:00:00+00:00,23.825998,64.0,4.8965297,Kolkata
2025-02-04 05:00:00+00:00,25.526,55.0,4.6938257,Kolkata
2025-02-04 06:00:00+00:00,26.575998,48.0,3.396233,Kolkata
2025-02-04 07:00:00+00:00,27.476,45.0,2.8799999,Kolkata
2025-02-04 08:00:00+00:00,28.075998,44.0,3.8773184,Kolkata
2025-02-04 09:00:00+00:00,28.226,44.0,4.829907,Kolkata
2025-02-04 10:00:00+00:00,27.976,45.0,5.154415,Kolkata
2025-02-04 11:00:00+00:00,27.325998,46.0,4.802999,Kolkata
2025-02-04 12:00:00+00:00,26.575998,52.0,2.5455842,Kolkata
2025-02-04 13:00:00+00:00,25.175999,59.0,2.5455842,Kolkata
2025-02-04 14:00:00+00:00,24.026,64.0,2.5455842,Kolkata
2025-02-04 15:00:00+00:00,23.126,69.0,2.4149535,Kolkata
2025-02-04 16:00:00+00:00,22.526,71.0,2.2768397,Kolkata
2025-02-04 17:00:00+00:00,21.825998,73.0,2.7416782,Kolkata
2025-02-04 18:00:00+00:00,20.575998,81.0,3.319036,Kolkata
2025-02-04 19:00:00+00:00,19.976,83.0,3.0547013,Kolkata
2025-02-04 20:00:00+00:00,19.476,85.0,2.4149535,Kolkata
2025-02-04 21:00:00+00:00,18.976,87.0,2.2768397,Kolkata
2025-02-04 22:00:00+00:00,18.626,88.0,1.609969,Kolkata
2025-02-04 23:00:00+00:00,18.276,90.0,1.08,Kolkata
2025-02-05 00:00:00+00:00,18.526,89.0,2.16,Kolkata
2025-02-05 01:00:00+00:00,18.226,91.0,1.1384199,Kolkata
2025-02-05 02:00:00+00:00,18.925999,90.0,0.8049845,Kolkata
2025-02-05 03:00:00+00:00,21.976,79.0,0.71999997,Kolkata
2025-02-05 04:00:00+00:00,24.325998,71.0,2.3051248,Kolkata
2025-02-05 05:00:00+00:00,26.175999,65.0,4.6938257,Kolkata
2025-02-05 06:00:00+00:00,28.175999,57.0,5.2416787,Kolkata
2025-02-05 07:00:00+00:00,29.075998,53.0,6.5693827,Kolkata
2025-02-05 08:00:00+00:00,29.726,50.0,6.4799995,Kolkata
2025-02-05 09:00:00+00:00,29.925999,49.0,5.8603754,Kolkata
2025-02-05 10:00:00+00:00,29.776,50.0,5.506941,Kolkata
2025-02-05 11:00:00+00:00,29.276,51.0,4.5536795,Kolkata
2025-02-05 12:00:00+00:00,27.825998,62.0,2.1897945,Kolkata
2025-02-05 13:00:00+00:00,26.726,65.0,1.2979984,Kolkata
2025-02-05 14:00:00+00:00,25.675999,70.0,2.3051248,Kolkata
2025-02-05 15:00:00+00:00,24.526,75.0,3.319036,Kolkata
2025-02-05 16:00:00+00:00,23.325998,83.0,3.319036,Kolkata
2025-02-05 17:00:00+00:00,22.376,90.0,3.7585104,Kolkata
2025-02-05 18:00:00+00:00,22.126,95.0,3.671294,Kolkata
2025-02-05 19:00:00+00:00,21.876,99.0,4.198285,Kolkata
2025-02-05 20:00:00+00:00,21.726,99.0,3.8268526,Kolkata
2025-02-05 21:00:00+00:00,21.526,98.0,3.219938,Kolkata
2025-02-05 22:00:00+00:00,21.276,98.0,2.5455842,Kolkata
2025-02-05 23:00:00+00:00,20.925999,99.0,2.9024127,Kolkata
2025-02-06 00:00:00+00:00,21.376,98.0,4.0249224,Kolkata
2025-02-06 01:00:00+00:00,21.425999,97.0,5.4119864,Kolkata
2025-02-06 02:00:00+00:00,22.175999,95.0,4.68,Kolkata
2025-02-06 03:00:00+00:00,23.876,86.0,6.519877,Kolkata
2025-02-06 04:00:00+00:00,26.126,67.0,9.3876505,Kolkata
2025-02-06 05:00:00+00:00,28.026,55.0,11.542478,Kolkata
2025-02-06 06:00:00+00:00,28.825998,49.0,7.928178,Kolkata
2025-02-06 07:00:00+00:00,29.675999,45.0,7.6367526,Kolkata
2025-02-06 08:00:00+00:00,30.126,43.0,7.42159,Kolkata
2025-02-06 09:00:00+00:00,30.226,42.0,7.8625183,Kolkata
2025-02-06 10:00:00+00:00,29.825998,43.0,7.8625183,Kolkata
2025-02-06 11:00:00+00:00,28.925999,45.0,7.42159,Kolkata
2025-02-06 12:00:00+00:00,27.575998,54.0,3.6179552,Kolkata
2025-02-06 13:00:00+00:00,25.825998,61.0,3.671294,Kolkata
2025-02-06 14:00:00+00:00,24.675999,66.0,3.6179552,Kolkata
2025-02-06 15:00:00+00:00,23.726,69.0,3.6,Kolkata
2025-02-06 16:00:00+00:00,22.976,71.0,3.319036,Kolkata
2025-02-06 17:00:00+00:00,22.325998,73.0,3.0758414,Kolkata
2025-02-06 18:00:00+00:00,21.526,79.0,2.4149535,Kolkata
2025-02-06 19:00:00+00:00,21.026,80.0,2.4149535,Kolkata
2025-02-06 20:00:00+00:00,20.675999,81.0,1.5273507,Kolkata
2025-02-06 21:00:00+00:00,20.175999,82.0,3.4152596,Kolkata
2025-02-06 22:00:00+00:00,19.726,84.0,6.0347,Kolkata
2025-02-06 23:00:00+00:00,19.325998,83.0,6.28713,Kolkata
2025-02-07 00:00:00+00:00,18.325998,75.0,5.8603754,Kolkata
2025-02-07 01:00:00+00:00,17.726,70.0,6.28713,Kolkata
2025-02-07 02:00:00+00:00,18.175999,65.0,6.0347,Kolkata
2025-02-07 03:00:00+00:00,20.226,56.0,6.151683,Kolkata
2025-02-07 04:00:00+00:00,22.376,47.0,6.28713,Kolkata
2025-02-07 05:00:00+00:00,24.126,40.0,6.6185193,Kolkata
2025-02-07 06:00:00+00:00,25.526,32.0,5.634891,Kolkata
2025-02-07 07:00:00+00:00,26.575998,29.0,6.1305785,Kolkata
2025-02-07 08:00:00+00:00,27.376,29.0,6.3690495,Kolkata
2025-02-07 09:00:00+00:00,27.675999,26.0,6.1305785,Kolkata
2025-02-07 10:00:00+00:00,27.476,26.0,6.1305785,Kolkata
2025-02-07 11:00:00+00:00,26.825998,27.0,5.154415,Kolkata
2025-02-07 12:00:00+00:00,25.526,41.0,2.6208394,Kolkata
2025-02-07 13:00:00+00:00,23.776,47.0,2.8799999,Kolkata
2025-02-07 14:00:00+00:00,22.476,52.0,2.9024127,Kolkata
2025-02-07 15:00:00+00:00,21.175999,57.0,3.319036,Kolkata
2025-02-07 16:00:00+00:00,20.075998,62.0,3.219938,Kolkata
2025-02-07 17:00:00+00:00,19.476,63.0,2.6208394,Kolkata
2025-02-07 18:00:00+00:00,18.175999,74.0,2.52,Kolkata
2025-02-07 19:00:00+00:00,17.776,74.0,2.1897945,Kolkata
2025-02-07 20:00:00+00:00,17.376,75.0,2.1897945,Kolkata
2025-02-07 21:00:00+00:00,17.026,75.0,2.4149535,Kolkata
2025-02-07 22:00:00+00:00,16.575998,76.0,3.0758414,Kolkata
2025-02-07 23:00:00+00:00,16.175999,76.0,4.32,Kolkata
2025-02-08 00:00:00+00:00,15.326,81.0,4.0249224,Kolkata
2025-02-08 01:00:00+00:00,15.026,83.0,3.96,Kolkata
2025-02-08 02:00:00+00:00,16.376,79.0,3.2599385,Kolkata
2025-02-08 03:00:00+00:00,19.425999,67.0,3.7585104,Kolkata
2025-02-08 04:00:00+00:00,22.425999,56.0,4.1046314,Kolkata
2025-02-08 05:00:00+00:00,24.626,48.0,4.73506,Kolkata
2025-02-08 06:00:00+00:00,25.976,37.0,4.802999,Kolkata
2025-02-08 07:00:00+00:00,26.876,34.0,5.634891,Kolkata
2025-02-08 08:00:00+00:00,27.425999,33.0,6.792466,Kolkata
2025-02-08 09:00:00+00:00,27.526,31.0,8.0899935,Kolkata
2025-02-08 10:00:00+00:00,27.126,30.0,8.534353,Kolkata
2025-02-08 11:00:00+00:00,26.226,30.0,7.754637,Kolkata
2025-02-08 12:00:00+00:00,24.476,39.0,4.0249224,Kolkata
2025-02-08 13:00:00+00:00,22.526,46.0,3.8773184,Kolkata
2025-02-08 14:00:00+00:00,21.376,52.0,3.219938,Kolkata
2025-02-08 15:00:00+00:00,20.425999,55.0,3.0758414,Kolkata
2025-02-08 16:00:00+00:00,19.776,58.0,2.9024127,Kolkata
2025-02-08 17:00:00+00:00,19.126,60.0,2.5455842,Kolkata
2025-02-08 18:00:00+00:00,17.726,71.0,1.1384199,Kolkata
2025-02-08 19:00:00+00:00,17.175999,73.0,1.08,Kolkata
2025-02-08 20:00:00+00:00,16.726,75.0,1.835647,Kolkata
2025-02-08 21:00:00+00:00,16.276,76.0,2.5455842,Kolkata
2025-02-08 22:00:00+00:00,15.926,78.0,3.2399998,Kolkata
2025-02-08 23:00:00+00:00,15.476,81.0,3.6179552,Kolkata
2025-02-09 00:00:00+00:00,15.726,81.0,3.396233,Kolkata
2025-02-09 01:00:00+00:00,14.826,88.0,3.0758414,Kolkata
2025-02-09 02:00:00+00:00,15.926,87.0,2.7416782,Kolkata
2025-02-09 03:00:00+00:00,18.925999,76.0,3.2599385,Kolkata
2025-02-09 04:00:00+00:00,21.925999,66.0,3.0758414,Kolkata
2025-02-09 05:00:00+00:00,24.126,54.0,2.1897945,Kolkata
2025-02-09 06:00:00+00:00,26.376,38.0,2.5455842,Kolkata
2025-02-09 07:00:00+00:00,27.325998,35.0,4.6938252,Kolkata
2025-02-09 08:00:00+00:00,27.976,33.0,6.12,Kolkata
2025-02-09 09:00:00+00:00,28.075998,33.0,6.489992,Kolkata
2025-02-09 10:00:00+00:00,27.776,33.0,6.5693827,Kolkata
2025-02-09 11:00:00+00:00,27.075998,35.0,6.2145634,Kolkata
2025-02-09 12:00:00+00:00,25.675999,45.0,3.6179552,Kolkata
2025-02-09 13:00:00+00:00,24.075998,53.0,2.7416782,Kolkata
2025-02-09 14:00:00+00:00,23.126,56.0,2.5959969,Kolkata
2025-02-09 15:00:00+00:00,22.175999,60.0,2.5455842,Kolkata
2025-02-09 16:00:00+00:00,21.425999,61.0,0.35999998,Kolkata
2025-02-09 17:00:00+00:00,20.425999,65.0,2.5455842,Kolkata
2025-02-09 18:00:00+00:00,18.925999,76.0,3.0547013,Kolkata
2025-02-09 19:00:00+00:00,18.825998,75.0,3.396233,Kolkata
2025-02-09 20:00:00+00:00,18.126,79.0,2.5959969,Kolkata
2025-02-09 21:00:00+00:00,17.526,81.0,2.2768397,Kolkata
2025-02-09 22:00:00+00:00,16.925999,85.0,1.4399999,Kolkata
2025-02-09 23:00:00+00:00,16.376,87.0,0.0,Kolkata
2025-02-10 00:00:00+00:00,16.976,85.0,1.835647,Kolkata
2025-02-10 01:00:00+00:00,16.425999,87.0,2.5455842,Kolkata
2025-02-10 02:00:00+00:00,17.325998,85.0,1.8,Kolkata
2025-02-10 03:00:00+00:00,20.626,74.0,2.2768397,Kolkata
2025-02-10 04:00:00+00:00,23.675999,64.0,2.5455842,Kolkata
2025-02-10 05:00:00+00:00,25.976,55.0,1.8,Kolkata
2025-02-10 06:00:00+00:00,28.276,50.0,2.4149535,Kolkata
2025-02-10 07:00:00+00:00,29.226,48.0,4.1046314,Kolkata
2025-02-10 08:00:00+00:00,29.876,46.0,5.0911684,Kolkata
2025-02-10 09:00:00+00:00,29.925999,46.0,6.193674,Kolkata
2025-02-10 10:00:00+00:00,29.726,43.0,5.991594,Kolkata
2025-02-10 11:00:00+00:00,29.026,44.0,5.904439,Kolkata
2025-02-10 12:00:00+00:00,27.276,55.0,3.319036,Kolkata
2025-02-10 13:00:00+00:00,25.075998,66.0,4.0249224,Kolkata
2025-02-10 14:00:00+00:00,23.425999,77.0,5.154415,Kolkata
2025-02-10 15:00:00+00:00,22.276,89.0,6.12,Kolkata
2025-02-10 16:00:00+00:00,21.675999,94.0,6.151683,Kolkata
2025-02-10 17:00:00+00:00,21.226,95.0,6.12,Kolkata
2025-02-10 18:00:00+00:00,21.126,96.0,4.0249224,Kolkata
2025-02-10 19:00:00+00:00,20.825998,97.0,4.510787,Kolkata
2025-02-10 20:00:00+00:00,20.626,98.0,4.6102495,Kolkata
2025-02-10 21:00:00+00:00,20.626,99.0,5.3999996,Kolkata
2025-02-10 22:00:00+00:00,20.776,99.0,5.4833565,Kolkata
2025-02-10 23:00:00+00:00,20.876,99.0,5.2416787,Kolkata
2025-02-11 00:00:00+00:00,21.575998,96.0,5.3517847,Kolkata
2025-02-11 01:00:00+00:00,21.376,96.0,4.3498964,Kolkata
2025-02-11 02:00:00+00:00,22.376,93.0,4.1046314,Kolkata
2025-02-11 03:00:00+00:00,24.226,84.0,8.049845,Kolkata
2025-02-11 04:00:00+00:00,25.675999,78.0,8.427383,Kolkata
2025-02-11 05:00:00+00:00,27.276,71.0,7.42159,Kolkata
2025-02-11 06:00:00+00:00,28.026,64.0,3.9763298,Kolkata
2025-02-11 07:00:00+00:00,29.675999,49.0,5.0528407,Kolkata
2025-02-11 08:00:00+00:00,30.575998,39.0,5.5887027,Kolkata
2025-02-11 09:00:00+00:00,30.726,36.0,6.151683,Kolkata
2025-02-11 10:00:00+00:00,30.425999,36.0,5.6920996,Kolkata
2025-02-11 11:00:00+00:00,29.776,36.0,4.6938252,Kolkata
2025-02-11 12:00:00+00:00,28.526,55.0,2.5455842,Kolkata
2025-02-11 13:00:00+00:00,26.776,63.0,2.968636,Kolkata
2025-02-11 14:00:00+00:00,25.126,69.0,5.0528407,Kolkata
2025-02-11 15:00:00+00:00,23.575998,87.0,6.28713,Kolkata
2025-02-11 16:00:00+00:00,22.925999,93.0,6.489992,Kolkata
2025-02-11 17:00:00+00:00,22.425999,94.0,6.151683,Kolkata
2025-02-11 18:00:00+00:00,22.276,96.0,3.7585104,Kolkata
2025-02-11 19:00:00+00:00,22.175999,97.0,4.5536795,Kolkata
2025-02-11 20:00:00+00:00,22.026,97.0,3.671294,Kolkata
2025-02-11 21:00:00+00:00,21.876,97.0,2.8799999,Kolkata
2025-02-11 22:00:00+00:00,21.575998,97.0,2.968636,Kolkata
2025-02-11 23:00:00+00:00,21.226,98.0,3.0758414,Kolkata
2025-02-12 00:00:00+00:00,21.675999,95.0,1.8,Kolkata
2025-02-12 01:00:00+00:00,21.476,95.0,2.3051248,Kolkata
2025-02-12 02:00:00+00:00,22.376,93.0,2.0991426,Kolkata
2025-02-12 03:00:00+00:00,24.325998,87.0,4.32,Kolkata
2025-02-12 04:00:00+00:00,26.325998,75.0,6.297428,Kolkata
2025-02-12 05:00:00+00:00,28.075998,67.0,5.904439,Kolkata
2025-02-12 06:00:00+00:00,28.776,62.0,1.1384199,Kolkata
2025-02-12 07:00:00+00:00,29.626,59.0,0.35999998,Kolkata
2025-02-12 08:00:00+00:00,30.175999,57.0,1.1384199,Kolkata
2025-02-12 09:00:00+00:00,30.325998,56.0,1.484318,Kolkata
2025-02-12 10:00:00+00:00,30.175999,55.0,1.0182338,Kolkata
2025-02-12 11:00:00+00:00,29.776,56.0,3.0547013,Kolkata
2025-02-12 12:00:00+00:00,28.575998,63.0,3.7585104,Kolkata
2025-02-12 13:00:00+00:00,27.075998,73.0,4.0249224,Kolkata
2025-02-12 14:00:00+00:00,26.126,78.0,3.396233,Kolkata
2025-02-12 15:00:00+00:00,25.276,82.0,3.7064266,Kolkata
2025-02-12 16:00:00+00:00,24.376,87.0,5.4477882,Kolkata
2025-02-12 17:00:00+00:00,23.726,92.0,6.2145634,Kolkata
2025-02-12 18:00:00+00:00,24.126,92.0,3.319036,Kolkata
2025-02-12 19:00:00+00:00,23.776,94.0,2.968636,Kolkata
2025-02-12 20:00:00+00:00,23.476,96.0,2.1897945,Kolkata
2025-02-12 21:00:00+00:00,23.075998,97.0,1.8,Kolkata
2025-02-12 22:00:00+00:00,22.825998,99.0,1.609969,Kolkata
2025-02-12 23:00:00+00:00,22.675999,100.0,1.9386592,Kolkata
2025-02-13 00:00:00+00:00,23.526,94.0,1.9386592,Kolkata
2025-02-13 01:00:00+00:00,23.075998,97.0,1.1384199,Kolkata
2025-02-13 02:00:00+00:00,23.825998,94.0,0.5091169,Kolkata
2025-02-13 03:00:00+00:00,25.276,85.0,1.484318,Kolkata
2025-02-13 04:00:00+00:00,26.876,76.0,3.5455887,Kolkata
2025-02-13 05:00:00+00:00,28.376,67.0,5.495161,Kolkata
2025-02-13 06:00:00+00:00,29.325998,61.0,3.7064266,Kolkata
2025-02-13 07:00:00+00:00,30.226,56.0,4.802999,Kolkata
2025-02-13 08:00:00+00:00,30.726,51.0,6.519877,Kolkata
2025-02-13 09:00:00+00:00,30.825998,48.0,6.130579,Kolkata
2025-02-13 10:00:00+00:00,30.575998,46.0,6.130579,Kolkata
2025-02-13 11:00:00+00:00,30.026,45.0,5.4477882,Kolkata
2025-02-13 12:00:00+00:00,28.976,51.0,2.5455842,Kolkata
2025-02-13 13:00:00+00:00,27.276,59.0,4.0249224,Kolkata
2025-02-13 14:00:00+00:00,26.226,63.0,3.8939953,Kolkata
2025-02-13 15:00:00+00:00,25.825998,64.0,2.9024127,Kolkata
2025-02-13 16:00:00+00:00,25.526,63.0,2.4149535,Kolkata
2025-02-13 17:00:00+00:00,24.526,67.0,3.671294,Kolkata
2025-02-13 18:00:00+00:00,22.726,79.0,2.8799999,Kolkata
2025-02-13 19:00:00+00:00,21.675999,85.0,3.7064266,Kolkata
2025-02-13 20:00:00+00:00,21.226,90.0,2.968636,Kolkata
2025-02-13 21:00:00+00:00,20.726,93.0,5.8603754,Kolkata
2025-02-13 22:00:00+00:00,20.526,86.0,5.154415,Kolkata
2025-02-13 23:00:00+00:00,20.175999,78.0,6.379216,Kolkata
2025-02-14 00:00:00+00:00,19.175999,69.0,5.8603754,Kolkata
2025-02-14 01:00:00+00:00,18.526,64.0,5.3999996,Kolkata
2025-02-14 02:00:00+00:00,19.325998,59.0,5.3999996,Kolkata
2025-02-14 03:00:00+00:00,21.526,47.0,6.849467,Kolkata
2025-02-14 04:00:00+00:00,23.925999,38.0,7.69592,Kolkata
2025-02-14 05:00:00+00:00,25.675999,33.0,11.27553,Kolkata
2025-02-14 06:00:00+00:00,26.776,30.0,8.12197,Kolkata
2025-02-14 07:00:00+00:00,27.325998,31.0,7.172949,Kolkata
2025-02-14 08:00:00+00:00,27.776,30.0,6.28713,Kolkata
2025-02-14 09:00:00+00:00,27.776,30.0,4.3349743,Kolkata
2025-02-14 10:00:00+00:00,27.626,29.0,4.1046314,Kolkata
2025-02-14 11:00:00+00:00,26.925999,30.0,4.3349743,Kolkata
2025-02-14 12:00:00+00:00,25.526,46.0,2.9024127,Kolkata
2025-02-14 13:00:00+00:00,23.675999,54.0,3.0547013,Kolkata
2025-02-14 14:00:00+00:00,22.925999,55.0,2.3051248,Kolkata
2025-02-14 15:00:00+00:00,22.376,55.0,2.5455842,Kolkata
2025-02-14 16:00:00+00:00,21.675999,56.0,3.319036,Kolkata
2025-02-14 17:00:00+00:00,20.876,58.0,3.9763298,Kolkata
2025-02-14 18:00:00+00:00,20.026,67.0,3.7064266,Kolkata
2025-02-14 19:00:00+00:00,19.075998,70.0,3.319036,Kolkata
2025-02-14 20:00:00+00:00,18.526,73.0,3.2599385,Kolkata
2025-02-14 21:00:00+00:00,17.925999,76.0,2.0364676,Kolkata
2025-02-14 22:00:00+00:00,17.526,78.0,2.4149535,Kolkata
2025-02-14 23:00:00+00:00,17.376,78.0,3.396233,Kolkata
2025-02-15 00:00:00+00:00,17.226,82.0,3.563818,Kolkata
2025-02-15 01:00:00+00:00,17.026,83.0,2.7416782,Kolkata
2025-02-15 02:00:00+00:00,18.476,81.0,1.484318,Kolkata
2025-02-15 03:00:00+00:00,21.526,72.0,1.1384199,Kolkata
2025-02-15 04:00:00+00:00,24.276,62.0,0.71999997,Kolkata
2025-02-15 05:00:00+00:00,26.226,53.0,1.2979984,Kolkata
2025-02-15 06:00:00+00:00,28.575998,36.0,2.2768397,Kolkata
2025-02-15 07:00:00+00:00,29.476,29.0,4.6800003,Kolkata
2025-02-15 08:00:00+00:00,29.876,28.0,6.489992,Kolkata
2025-02-15 09:00:00+00:00,29.776,30.0,6.6185193,Kolkata
2025-02-15 10:00:00+00:00,29.376,31.0,6.28713,Kolkata
2025-02-15 11:00:00+00:00,28.726,32.0,4.829907,Kolkata
2025-02-15 12:00:00+00:00,27.626,43.0,1.484318,Kolkata
2025-02-15 13:00:00+00:00,26.276,46.0,1.08,Kolkata
2025-02-15 14:00:00+00:00,25.325998,48.0,1.08,Kolkata
2025-02-15 15:00:00+00:00,24.626,48.0,3.0547013,Kolkata
2025-02-15 16:00:00+00:00,23.425999,53.0,4.32,Kolkata
2025-02-15 17:00:00+00:00,21.776,66.0,4.0249224,Kolkata
2025-02-15 18:00:00+00:00,20.376,81.0,3.6,Kolkata
2025-02-15 19:00:00+00:00,19.476,82.0,3.96,Kolkata
2025-02-15 20:00:00+00:00,18.726,84.0,3.7585104,Kolkata
2025-02-15 21:00:00+00:00,18.175999,86.0,3.8773184,Kolkata
2025-02-15 22:00:00+00:00,17.825998,91.0,3.7064266,Kolkata
2025-02-15 23:00:00+00:00,17.776,94.0,2.9024127,Kolkata
2025-02-16 00:00:00+00:00,18.325998,93.0,2.16,Kolkata
2025-02-16 01:00:00+00:00,18.276,93.0,2.5455842,Kolkata
2025-02-16 02:00:00+00:00,19.575998,90.0,1.484318,Kolkata
2025-02-16 03:00:00+00:00,22.376,80.0,0.35999998,Kolkata
2025-02-16 04:00:00+00:00,24.825998,76.0,4.510787,Kolkata
2025-02-16 05:00:00+00:00,26.776,71.0,5.95906,Kolkata
2025-02-16 06:00:00+00:00,28.825998,56.0,6.830519,Kolkata
2025-02-16 07:00:00+00:00,30.226,46.0,8.587338,Kolkata
2025-02-16 08:00:00+00:00,30.776,42.0,9.220499,Kolkata
2025-02-16 09:00:00+00:00,30.575998,43.0,8.404285,Kolkata
2025-02-16 10:00:00+00:00,30.276,46.0,7.289445,Kolkata
2025-02-16 11:00:00+00:00,29.626,50.0,6.489992,Kolkata
2025-02-16 12:00:00+00:00,27.876,63.0,4.73506,Kolkata
2025-02-16 13:00:00+00:00,25.776,74.0,5.1544156,Kolkata
2025-02-16 14:00:00+00:00,24.675999,73.0,5.8048253,Kolkata
2025-02-16 15:00:00+00:00,23.425999,74.0,6.519877,Kolkata
2025-02-16 16:00:00+00:00,22.376,83.0,5.4119864,Kolkata
2025-02-16 17:00:00+00:00,21.575998,87.0,5.2416787,Kolkata
2025-02-16 18:00:00+00:00,21.726,91.0,3.4152596,Kolkata
2025-02-16 19:00:00+00:00,21.325998,93.0,2.52,Kolkata
2025-02-16 20:00:00+00:00,21.126,95.0,2.0364676,Kolkata
2025-02-16 21:00:00+00:00,20.776,97.0,2.5959969,Kolkata
2025-02-16 22:00:00+00:00,20.575998,99.0,3.6,Kolkata
2025-02-16 23:00:00+00:00,20.675999,99.0,3.2599385,Kolkata
2025-02-17 00:00:00+00:00,21.126,98.0,3.8939953,Kolkata
2025-02-17 01:00:00+00:00,21.226,97.0,2.5959969,Kolkata
2025-02-17 02:00:00+00:00,22.476,93.0,3.6179552,Kolkata
2025-02-17 03:00:00+00:00,24.325998,86.0,3.7064266,Kolkata
2025-02-17 04:00:00+00:00,26.276,75.0,6.87779,Kolkata
2025-02-17 05:00:00+00:00,27.726,68.0,6.28713,Kolkata
2025-02-17 06:00:00+00:00,28.876,64.0,4.510787,Kolkata
2025-02-17 07:00:00+00:00,29.825998,61.0,5.154415,Kolkata
2025-02-17 08:00:00+00:00,30.425999,56.0,6.638072,Kolkata
2025-02-17 09:00:00+00:00,30.526,52.0,7.653705,Kolkata
2025-02-17 10:00:00+00:00,29.976,52.0,7.4128532,Kolkata
2025-02-17 11:00:00+00:00,29.425999,55.0,6.6087217,Kolkata
2025-02-17 12:00:00+00:00,28.575998,62.0,4.8433046,Kolkata
2025-02-17 13:00:00+00:00,26.825998,71.0,4.6800003,Kolkata
2025-02-17 14:00:00+00:00,25.476,77.0,5.937272,Kolkata
2025-02-17 15:00:00+00:00,24.476,82.0,5.8048253,Kolkata
2025-02-17 16:00:00+00:00,23.675999,87.0,5.8048253,Kolkata
2025-02-17 17:00:00+00:00,23.075998,91.0,5.5887027,Kolkata
2025-02-17 18:00:00+00:00,22.976,91.0,4.379589,Kolkata
2025-02-17 19:00:00+00:00,22.675999,93.0,3.671294,Kolkata
2025-02-17 20:00:00+00:00,22.476,94.0,2.7416782,Kolkata
2025-02-17 21:00:00+00:00,22.325998,94.0,2.1897945,Kolkata
2025-02-17 22:00:00+00:00,22.126,95.0,0.8049845,Kolkata
2025-02-17 23:00:00+00:00,21.825998,96.0,3.219938,Kolkata
2025-02-18 00:00:00+00:00,22.425999,92.0,1.5273507,Kolkata
2025-02-18 01:00:00+00:00,22.226,93.0,2.52,Kolkata
2025-02-18 02:00:00+00:00,22.976,92.0,1.2979984,Kolkata
2025-02-18 03:00:00+00:00,25.075998,81.0,1.0182338,Kolkata
2025-02-18 04:00:00+00:00,26.776,72.0,4.8433046,Kolkata
2025-02-18 05:00:00+00:00,28.126,65.0,5.6233797,Kolkata
2025-02-18 06:00:00+00:00,29.126,60.0,4.5820518,Kolkata
2025-02-18 07:00:00+00:00,29.925999,55.0,5.6233797,Kolkata
2025-02-18 08:00:00+00:00,30.626,52.0,5.904439,Kolkata
2025-02-18 09:00:00+00:00,30.726,51.0,5.8048253,Kolkata
2025-02-18 10:00:00+00:00,30.476,50.0,5.154415,Kolkata
2025-02-18 11:00:00+00:00,29.726,53.0,4.6938257,Kolkata
2025-02-18 12:00:00+00:00,29.425999,58.0,2.1897945,Kolkata
2025-02-18 13:00:00+00:00,27.675999,68.0,1.835647,Kolkata
2025-02-18 14:00:00+00:00,26.126,76.0,4.198285,Kolkata
2025-02-18 15:00:00+00:00,25.276,82.0,5.00128,Kolkata
2025-02-18 16:00:00+00:00,24.626,85.0,4.379589,Kolkata
2025-02-18 17:00:00+00:00,24.026,89.0,3.9763298,Kolkata
2025-02-18 18:00:00+00:00,23.776,88.0,3.7585104,Kolkata
2025-02-18 19:00:00+00:00,23.276,91.0,4.0249224,Kolkata
2025-02-18 20:00:00+00:00,22.976,93.0,3.5455887,Kolkata
2025-02-18 21:00:00+00:00,22.726,94.0,2.2768397,Kolkata
2025-02-18 22:00:00+00:00,22.526,95.0,2.5959969,Kolkata
2025-02-18 23:00:00+00:00,22.376,96.0,2.5455842,Kolkata
2025-02-19 00:00:00+00:00,22.726,95.0,1.0182338,Kolkata
2025-02-19 01:00:00+00:00,22.675999,95.0,2.9024127,Kolkata
2025-02-19 02:00:00+00:00,23.575998,91.0,4.1046314,Kolkata
2025-02-19 03:00:00+00:00,24.925999,84.0,5.815978,Kolkata
2025-02-19 04:00:00+00:00,25.825998,76.0,2.52,Kolkata
2025-02-19 05:00:00+00:00,26.675999,73.0,1.484318,Kolkata
2025-02-19 06:00:00+00:00,27.876,66.0,0.71999997,Kolkata
2025-02-19 07:00:00+00:00,28.726,61.0,0.71999997,Kolkata
2025-02-19 08:00:00+00:00,29.325998,60.0,1.0182338,Kolkata
2025-02-19 09:00:00+00:00,29.675999,57.0,1.0182338,Kolkata
2025-02-19 10:00:00+00:00,28.425999,62.0,4.452954,Kolkata
2025-02-19 11:00:00+00:00,26.075998,71.0,3.6,Kolkata
2025-02-19 12:00:00+00:00,26.425999,74.0,5.4477882,Kolkata
2025-02-19 13:00:00+00:00,25.575998,78.0,3.396233,Kolkata
2025-02-19 14:00:00+00:00,24.825998,83.0,3.396233,Kolkata
2025-02-19 15:00:00+00:00,24.126,86.0,2.6208394,Kolkata
2025-02-19 16:00:00+00:00,23.425999,88.0,2.5959969,Kolkata
2025-02-19 17:00:00+00:00,22.825998,89.0,4.1046314,Kolkata
2025-02-19 18:00:00+00:00,22.726,90.0,3.4152596,Kolkata
2025-02-19 19:00:00+00:00,22.526,91.0,2.1897945,Kolkata
2025-02-19 20:00:00+00:00,22.476,91.0,1.8,Kolkata
2025-02-19 21:00:00+00:00,22.175999,90.0,3.8939953,Kolkata
2025-02-19 22:00:00+00:00,22.075998,89.0,1.835647,Kolkata
2025-02-19 23:00:00+00:00,21.976,90.0,1.8,Kolkata
2025-02-20 00:00:00+00:00,22.425999,91.0,1.8,Kolkata
2025-02-20 01:00:00+00:00,22.376,92.0,0.5091169,Kolkata
2025-02-20 02:00:00+00:00,23.226,90.0,2.16,Kolkata
2025-02-20 03:00:00+00:00,24.925999,84.0,4.6938257,Kolkata
2025-02-20 04:00:00+00:00,25.825998,79.0,3.2599385,Kolkata
2025-02-20 05:00:00+00:00,27.026,72.0,2.9024127,Kolkata
2025-02-20 06:00:00+00:00,26.976,71.0,2.52,Kolkata
2025-02-20 07:00:00+00:00,27.476,71.0,5.04,Kolkata
2025-02-20 08:00:00+00:00,28.075998,66.0,3.319036,Kolkata
2025-02-20 09:00:00+00:00,28.376,61.0,4.3349743,Kolkata
2025-02-20 10:00:00+00:00,28.276,61.0,5.00128,Kolkata
2025-02-20 11:00:00+00:00,27.675999,64.0,6.28713,Kolkata
2025-02-20 12:00:00+00:00,24.626,83.0,5.0528407,Kolkata
2025-02-20 13:00:00+00:00,23.925999,89.0,4.73506,Kolkata
2025-02-20 14:00:00+00:00,23.376,93.0,2.5455842,Kolkata
2025-02-20 15:00:00+00:00,23.026,95.0,1.1384199,Kolkata
2025-02-20 16:00:00+00:00,22.726,96.0,1.08,Kolkata
2025-02-20 17:00:00+00:00,22.425999,98.0,1.4399999,Kolkata
2025-02-20 18:00:00+00:00,21.476,98.0,1.0182338,Kolkata
2025-02-20 19:00:00+00:00,21.126,100.0,1.1384199,Kolkata
2025-02-20 20:00:00+00:00,20.825998,100.0,1.1384199,Kolkata
2025-02-20 21:00:00+00:00,20.726,100.0,1.484318,Kolkata
2025-02-20 22:00:00+00:00,20.726,100.0,2.6208394,Kolkata
2025-02-20 23:00:00+00:00,20.675999,100.0,2.4149535,Kolkata
2025-02-21 00:00:00+00:00,19.976,99.0,1.484318,Kolkata
2025-02-21 01:00:00+00:00,19.925999,100.0,1.609969,Kolkata
2025-02-21 02:00:00+00:00,20.825998,95.0,2.3051248,Kolkata
2025-02-21 03:00:00+00:00,22.626,89.0,2.4149535,Kolkata
2025-02-21 04:00:00+00:00,25.175999,75.0,0.8049845,Kolkata
2025-02-21 05:00:00+00:00,26.675999,69.0,5.00128,Kolkata
2025-02-21 06:00:00+00:00,27.626,61.0,4.1046314,Kolkata
2025-02-21 07:00:00+00:00,28.675999,57.0,4.379589,Kolkata
2025-02-21 08:00:00+00:00,29.425999,54.0,4.452954,Kolkata
2025-02-21 09:00:00+00:00,29.675999,53.0,5.0142193,Kolkata
2025-02-21 10:00:00+00:00,29.476,54.0,4.829907,Kolkata
2025-02-21 11:00:00+00:00,28.976,54.0,4.6938257,Kolkata
2025-02-21 12:00:00+00:00,27.776,68.0,2.2768397,Kolkata
2025-02-21 13:00:00+00:00,25.925999,78.0,3.96,Kolkata
2025-02-21 14:00:00+00:00,24.876,83.0,3.9763298,Kolkata
2025-02-21 15:00:00+00:00,24.075998,85.0,3.8773184,Kolkata
2025-02-21 16:00:00+00:00,23.175999,90.0,4.8965297,Kolkata
2025-02-21 17:00:00+00:00,22.526,94.0,4.829907,Kolkata
2025-02-21 18:00:00+00:00,21.976,95.0,3.5455887,Kolkata
2025-02-21 19:00:00+00:00,21.575998,95.0,3.8773184,Kolkata
2025-02-21 20:00:00+00:00,21.276,96.0,3.319036,Kolkata
2025-02-21 21:00:00+00:00,21.026,97.0,3.2399998,Kolkata
2025-02-21 22:00:00+00:00,20.726,98.0,2.9024127,Kolkata
2025-02-21 23:00:00+00:00,20.526,98.0,3.2599385,Kolkata
2025-02-22 00:00:00+00:00,20.526,97.0,0.8049845,Kolkata
2025-02-22 01:00:00+00:00,20.476,97.0,1.484318,Kolkata
2025-02-22 02:00:00+00:00,21.925999,93.0,0.35999998,Kolkata
2025-02-22 03:00:00+00:00,24.276,84.0,1.484318,Kolkata
2025-02-22 04:00:00+00:00,26.325998,77.0,4.73506,Kolkata
2025-02-22 05:00:00+00:00,28.026,68.0,8.647496,Kolkata
2025-02-22 06:00:00+00:00,28.675999,66.0,4.6938257,Kolkata
2025-02-22 07:00:00+00:00,29.376,61.0,3.319036,Kolkata
2025-02-22 08:00:00+00:00,28.575998,63.0,6.151683,Kolkata
2025-02-22 09:00:00+00:00,28.276,65.0,6.696387,Kolkata
2025-02-22 10:00:00+00:00,27.126,72.0,6.489992,Kolkata
2025-02-22 11:00:00+00:00,26.026,76.0,4.8433046,Kolkata
2025-02-22 12:00:00+00:00,25.675999,75.0,2.5959969,Kolkata
2025-02-22 13:00:00+00:00,24.925999,80.0,3.2399998,Kolkata
2025-02-22 14:00:00+00:00,24.675999,83.0,3.2599385,Kolkata
2025-02-22 15:00:00+00:00,23.026,88.0,10.233123,Kolkata
2025-02-22 16:00:00+00:00,22.726,87.0,0.71999997,Kolkata
2025-02-22 17:00:00+00:00,22.376,89.0,6.696387,Kolkata
2025-02-22 18:00:00+00:00,22.626,86.0,1.1384199,Kolkata
2025-02-22 19:00:00+00:00,22.376,87.0,1.9386592,Kolkata
2025-02-22 20:00:00+00:00,22.126,89.0,0.5091169,Kolkata
2025-02-22 21:00:00+00:00,21.876,89.0,1.2979984,Kolkata
2025-02-22 22:00:00+00:00,21.626,91.0,1.484318,Kolkata
2025-02-22 23:00:00+00:00,21.675999,91.0,1.8,Kolkata
2025-02-23 00:00:00+00:00,22.175999,92.0,1.1384199,Kolkata
2025-02-23 01:00:00+00:00,21.376,92.0,7.771331,Kolkata
2025-02-23 02:00:00+00:00,21.575998,90.0,6.151683,Kolkata
2025-02-23 03:00:00+00:00,23.075998,84.0,0.35999998,Kolkata
2025-02-23 04:00:00+00:00,25.126,77.0,6.1305785,Kolkata
2025-02-23 05:00:00+00:00,26.126,70.0,9.021574,Kolkata
2025-02-23 06:00:00+00:00,29.175999,60.0,6.849467,Kolkata
2025-02-23 07:00:00+00:00,24.776,70.0,9.227524,Kolkata
2025-02-23 08:00:00+00:00,26.575998,65.0,2.5959969,Kolkata
2025-02-23 09:00:00+00:00,27.976,60.0,2.4149535,Kolkata
2025-02-23 10:00:00+00:00,28.325998,58.0,2.9024127,Kolkata
2025-02-23 11:00:00+00:00,27.976,59.0,3.319036,Kolkata
2025-02-23 12:00:00+00:00,27.626,60.0,1.9386592,Kolkata
2025-02-23 13:00:00+00:00,26.226,71.0,1.835647,Kolkata
2025-02-23 14:00:00+00:00,25.276,78.0,1.9386592,Kolkata
2025-02-23 15:00:00+00:00,24.526,83.0,1.484318,Kolkata
2025-02-23 16:00:00+00:00,23.626,86.0,1.5273507,Kolkata
2025-02-23 17:00:00+00:00,23.026,89.0,1.835647,Kolkata
2025-02-23 18:00:00+00:00,22.776,90.0,0.8049845,Kolkata
2025-02-23 19:00:00+00:00,22.626,89.0,3.0547013,Kolkata
2025-02-23 20:00:00+00:00,22.175999,89.0,3.5455887,Kolkata
2025-02-23 21:00:00+00:00,21.575998,91.0,5.0528407,Kolkata
2025-02-23 22:00:00+00:00,21.226,91.0,6.12,Kolkata
2025-02-23 23:00:00+00:00,20.825998,91.0,4.6102495,Kolkata
2025-02-24 00:00:00+00:00,20.526,93.0,5.3999996,Kolkata
2025-02-24 01:00:00+00:00,20.526,92.0,3.9763298,Kolkata
2025-02-24 02:00:00+00:00,21.825998,85.0,3.563818,Kolkata
2025-02-24 03:00:00+00:00,23.876,75.0,2.0364676,Kolkata
2025-02-24 04:00:00+00:00,26.276,65.0,3.0547013,Kolkata
2025-02-24 05:00:00+00:00,28.126,58.0,4.198285,Kolkata
2025-02-24 06:00:00+00:00,29.026,54.0,1.1384199,Kolkata
2025-02-24 07:00:00+00:00,30.126,48.0,1.8,Kolkata
2025-02-24 08:00:00+00:00,30.626,45.0,3.7585104,Kolkata
2025-02-24 09:00:00+00:00,30.976,42.0,5.00128,Kolkata
2025-02-24 10:00:00+00:00,30.626,42.0,6.28713,Kolkata
2025-02-24 11:00:00+00:00,30.126,42.0,6.2145634,Kolkata
2025-02-24 12:00:00+00:00,28.626,57.0,2.5455842,Kolkata
2025-02-24 13:00:00+00:00,26.726,69.0,3.096837,Kolkata
2025-02-24 14:00:00+00:00,25.626,75.0,2.968636,Kolkata
2025-02-24 15:00:00+00:00,24.626,81.0,2.968636,Kolkata
2025-02-24 16:00:00+00:00,23.575998,86.0,2.7416782,Kolkata
2025-02-24 17:00:00+00:00,22.925999,89.0,3.219938,Kolkata
2025-02-24 18:00:00+00:00,22.526,91.0,3.563818,Kolkata
2025-02-24 19:00:00+00:00,22.325998,90.0,4.1046314,Kolkata
2025-02-24 20:00:00+00:00,22.175999,87.0,4.0249224,Kolkata
2025-02-24 21:00:00+00:00,22.126,86.0,1.9386592,Kolkata
2025-02-24 22:00:00+00:00,21.526,91.0,4.8433046,Kolkata
2025-02-24 23:00:00+00:00,21.476,92.0,4.802999,Kolkata
2025-02-25 00:00:00+00:00,21.376,88.0,2.9024127,Kolkata
2025-02-25 01:00:00+00:00,21.476,87.0,2.0364676,Kolkata
2025-02-25 02:00:00+00:00,22.575998,81.0,2.968636,Kolkata
2025-02-25 03:00:00+00:00,24.726,72.0,3.219938,Kolkata
2025-02-25 04:00:00+00:00,26.776,63.0,2.8799999,Kolkata
2025-02-25 05:00:00+00:00,28.376,55.0,2.5455842,Kolkata
2025-02-25 06:00:00+00:00,29.226,49.0,5.00128,Kolkata
2025-02-25 07:00:00+00:00,29.825998,45.0,6.0347,Kolkata
2025-02-25 08:00:00+00:00,30.376,43.0,7.2805495,Kolkata
2025-02-25 09:00:00+00:00,30.476,43.0,7.5599995,Kolkata
2025-02-25 10:00:00+00:00,30.276,42.0,7.5685663,Kolkata
2025-02-25 11:00:00+00:00,29.726,44.0,7.69592,Kolkata
2025-02-25 12:00:00+00:00,28.325998,57.0,3.8939953,Kolkata
2025-02-25 13:00:00+00:00,26.876,64.0,3.219938,Kolkata
2025-02-25 14:00:00+00:00,25.776,70.0,3.9763298,Kolkata
2025-02-25 15:00:00+00:00,24.675999,75.0,4.896529,Kolkata
2025-02-25 16:00:00+00:00,23.925999,76.0,4.829907,Kolkata
2025-02-25 17:00:00+00:00,23.325998,77.0,4.8965297,Kolkata
2025-02-25 18:00:00+00:00,23.376,77.0,4.072935,Kolkata
2025-02-25 19:00:00+00:00,22.825998,79.0,4.8433046,Kolkata
2025-02-25 20:00:00+00:00,22.325998,80.0,5.1165614,Kolkata
2025-02-25 21:00:00+00:00,21.876,82.0,5.0911684,Kolkata
2025-02-25 22:00:00+00:00,21.626,83.0,4.8965297,Kolkata
2025-02-25 23:00:00+00:00,21.325998,83.0,4.829907,Kolkata
2025-02-26 00:00:00+00:00,21.075998,85.0,4.1046314,Kolkata
2025-02-26 01:00:00+00:00,20.976,85.0,4.452954,Kolkata
2025-02-26 02:00:00+00:00,22.226,80.0,5.2416787,Kolkata
2025-02-26 03:00:00+00:00,24.276,71.0,6.638072,Kolkata
2025-02-26 04:00:00+00:00,26.425999,63.0,6.924738,Kolkata
2025-02-26 05:00:00+00:00,28.276,54.0,6.8399997,Kolkata
2025-02-26 06:00:00+00:00,28.976,48.0,1.1384199,Kolkata
2025-02-26 07:00:00+00:00,29.675999,43.0,3.319036,Kolkata
2025-02-26 08:00:00+00:00,30.175999,41.0,5.692099,Kolkata
2025-02-26 09:00:00+00:00,30.226,40.0,6.1094027,Kolkata
2025-02-26 10:00:00+00:00,29.825998,40.0,6.1305785,Kolkata
2025-02-26 11:00:00+00:00,29.325998,41.0,6.193674,Kolkata
2025-02-26 12:00:00+00:00,28.276,51.0,4.198285,Kolkata
2025-02-26 13:00:00+00:00,26.376,61.0,4.73506,Kolkata
2025-02-26 14:00:00+00:00,25.325998,66.0,4.0249224,Kolkata
2025-02-26 15:00:00+00:00,24.726,68.0,3.8268526,Kolkata
2025-02-26 16:00:00+00:00,23.976,70.0,3.563818,Kolkata
2025-02-26 17:00:00+00:00,23.376,72.0,3.396233,Kolkata
2025-02-26 18:00:00+00:00,22.626,76.0,2.1897945,Kolkata
2025-02-26 19:00:00+00:00,22.075998,78.0,1.8,Kolkata
2025-02-26 20:00:00+00:00,21.476,81.0,0.5091169,Kolkata
2025-02-26 21:00:00+00:00,21.075998,82.0,1.484318,Kolkata
2025-02-26 22:00:00+00:00,21.026,82.0,2.968636,Kolkata
2025-02-26 23:00:00+00:00,20.776,83.0,2.6208394,Kolkata
2025-02-27 00:00:00+00:00,20.776,81.0,1.4399999,Kolkata
2025-02-27 01:00:00+00:00,20.626,82.0,2.6208394,Kolkata
2025-02-27 02:00:00+00:00,21.876,78.0,3.5455887,Kolkata
2025-02-27 03:00:00+00:00,23.976,71.0,3.8268526,Kolkata
2025-02-27 04:00:00+00:00,26.276,61.0,4.0249224,Kolkata
2025-02-27 05:00:00+00:00,28.175999,52.0,3.2399998,Kolkata
2025-02-27 06:00:00+00:00,29.376,46.0,2.0991426,Kolkata
2025-02-27 07:00:00+00:00,30.126,43.0,6.162207,Kolkata
2025-02-27 08:00:00+00:00,30.425999,42.0,7.6367526,Kolkata
2025-02-27 09:00:00+00:00,30.425999,43.0,7.8625183,Kolkata
2025-02-27 10:00:00+00:00,30.276,43.0,6.830519,Kolkata
2025-02-27 11:00:00+00:00,30.026,43.0,4.73506,Kolkata
2025-02-27 12:00:00+00:00,29.226,51.0,1.8,Kolkata
2025-02-27 13:00:00+00:00,28.276,55.0,1.1384199,Kolkata
2025-02-27 14:00:00+00:00,27.126,60.0,1.4399999,Kolkata
2025-02-27 15:00:00+00:00,25.726,69.0,3.0758414,Kolkata
2025-02-27 16:00:00+00:00,24.526,79.0,3.319036,Kolkata
2025-02-27 17:00:00+00:00,24.026,82.0,2.5959969,Kolkata
2025-02-27 18:00:00+00:00,23.726,89.0,2.4149535,Kolkata
2025-02-27 19:00:00+00:00,23.325998,91.0,2.5455842,Kolkata
2025-02-27 20:00:00+00:00,23.075998,92.0,2.968636,Kolkata
2025-02-27 21:00:00+00:00,22.925999,94.0,3.0758414,Kolkata
2025-02-27 22:00:00+00:00,22.825998,95.0,3.219938,Kolkata
2025-02-27 23:00:00+00:00,22.726,95.0,2.5455842,Kolkata
2025-02-28 00:00:00+00:00,22.626,92.0,1.835647,Kolkata
2025-02-28 01:00:00+00:00,22.726,92.0,1.4399999,Kolkata
2025-02-28 02:00:00+00:00,23.976,88.0,1.484318,Kolkata
2025-02-28 03:00:00+00:00,26.075998,79.0,2.9024127,Kolkata
2025-02-28 04:00:00+00:00,27.876,69.0,5.634891,Kolkata
2025-02-28 05:00:00+00:00,29.325998,61.0,7.491114,Kolkata
2025-02-28 06:00:00+00:00,30.325998,53.0,5.634891,Kolkata
2025-02-28 07:00:00+00:00,31.126,49.0,5.506941,Kolkata
2025-02-28 08:00:00+00:00,31.776,45.0,4.1046314,Kolkata
2025-02-28 09:00:00+00:00,31.925999,44.0,4.0249224,Kolkata
2025-02-28 10:00:00+00:00,31.675999,45.0,3.7585104,Kolkata
2025-02-28 11:00:00+00:00,31.126,46.0,4.1046314,Kolkata
2025-02-28 12:00:00+00:00,30.126,53.0,3.4152596,Kolkata
2025-02-28 13:00:00+00:00,28.526,64.0,3.5455887,Kolkata
2025-02-28 14:00:00+00:00,26.976,72.0,4.198285,Kolkata
2025-02-28 15:00:00+00:00,25.626,80.0,4.510787,Kolkata
2025-02-28 16:00:00+00:00,24.726,85.0,4.1046314,Kolkata
2025-02-28 17:00:00+00:00,24.126,88.0,3.563818,Kolkata
2025-02-28 18:00:00+00:00,23.526,91.0,2.9024127,Kolkata
2025-02-28 19:00:00+00:00,23.026,92.0,4.3349743,Kolkata
2025-02-28 20:00:00+00:00,22.726,93.0,3.8939953,Kolkata
2025-02-28 21:00:00+00:00,22.476,94.0,3.0547013,Kolkata
2025-02-28 22:00:00+00:00,22.226,94.0,3.319036,Kolkata
2025-02-28 23:00:00+00:00,21.976,94.0,3.6,Kolkata
2025-03-01 00:00:00+00:00,22.325998,94.0,3.6,Kolkata
2025-03-01 01:00:00+00:00,22.276,94.0,3.396233,Kolkata
2025-03-01 02:00:00+00:00,23.825998,90.0,4.1046314,Kolkata
2025-03-01 03:00:00+00:00,26.226,81.0,6.151683,Kolkata
2025-03-01 04:00:00+00:00,28.575998,69.0,8.854829,Kolkata
2025-03-01 05:00:00+00:00,30.526,61.0,9.504273,Kolkata
2025-03-01 06:00:00+00:00,32.176003,51.0,7.9036193,Kolkata
2025-03-01 07:00:00+00:00,33.076,47.0,8.0899935,Kolkata
2025-03-01 08:00:00+00:00,33.626,46.0,7.9036193,Kolkata
2025-03-01 09:00:00+00:00,33.676003,45.0,7.729527,Kolkata
2025-03-01 10:00:00+00:00,33.276,46.0,7.754637,Kolkata
2025-03-01 11:00:00+00:00,32.476,48.0,6.489992,Kolkata
2025-03-01 12:00:00+00:00,30.925999,58.0,5.1544156,Kolkata
2025-03-01 13:00:00+00:00,29.026,66.0,6.12,Kolkata
2025-03-01 14:00:00+00:00,27.675999,71.0,6.0347,Kolkata
2025-03-01 15:00:00+00:00,26.575998,77.0,7.172949,Kolkata
2025-03-01 16:00:00+00:00,25.726,82.0,7.6367526,Kolkata
2025-03-01 17:00:00+00:00,25.026,87.0,7.5170207,Kolkata
2025-03-01 18:00:00+00:00,24.726,87.0,5.4477882,Kolkata
2025-03-01 19:00:00+00:00,24.376,91.0,5.771239,Kolkata
2025-03-01 20:00:00+00:00,24.126,92.0,5.7599998,Kolkata
2025-03-01 21:00:00+00:00,23.876,93.0,6.162207,Kolkata
2025-03-01 22:00:00+00:00,23.675999,93.0,6.162207,Kolkata
2025-03-01 23:00:00+00:00,23.476,93.0,6.162207,Kolkata
2025-03-02 00:00:00+00:00,23.325998,87.0,4.896529,Kolkata
2025-03-02 01:00:00+00:00,23.325998,86.0,4.6800003,Kolkata
2025-03-02 02:00:00+00:00,24.876,74.0,4.8965297,Kolkata
2025-03-02 03:00:00+00:00,27.175999,59.0,6.830519,Kolkata
2025-03-02 04:00:00+00:00,29.425999,50.0,6.379216,Kolkata
2025-03-02 05:00:00+00:00,31.526,48.0,5.815978,Kolkata
2025-03-02 06:00:00+00:00,32.026,50.0,2.9024127,Kolkata
2025-03-02 07:00:00+00:00,33.376,44.0,4.8433046,Kolkata
2025-03-02 08:00:00+00:00,34.126,40.0,6.4096174,Kolkata
2025-03-02 09:00:00+00:00,34.276,39.0,7.491114,Kolkata
2025-03-02 10:00:00+00:00,33.926003,40.0,8.209263,Kolkata
2025-03-02 11:00:00+00:00,33.076,44.0,6.830519,Kolkata
2025-03-02 12:00:00+00:00,31.776,55.0,2.5959969,Kolkata
2025-03-02 13:00:00+00:00,29.575998,71.0,5.0911684,Kolkata
2025-03-02 14:00:00+00:00,28.175999,74.0,6.519877,Kolkata
2025-03-02 15:00:00+00:00,27.026,76.0,6.489992,Kolkata
2025-03-02 16:00:00+00:00,26.026,82.0,7.2359104,Kolkata
2025-03-02 17:00:00+00:00,25.425999,85.0,5.4119864,Kolkata
2025-03-02 18:00:00+00:00,25.425999,87.0,2.3051248,Kolkata
2025-03-02 19:00:00+00:00,25.276,88.0,5.0528407,Kolkata
2025-03-02 20:00:00+00:00,25.325998,88.0,0.8049845,Kolkata
2025-03-02 21:00:00+00:00,25.026,89.0,3.096837,Kolkata
2025-03-02 22:00:00+00:00,24.726,91.0,2.5959969,Kolkata
2025-03-02 23:00:00+00:00,24.526,92.0,2.6208394,Kolkata
2025-03-03 00:00:00+00:00,24.675999,90.0,2.2768397,Kolkata
2025-03-03 01:00:00+00:00,24.726,90.0,1.9386592,Kolkata
2025-03-03 02:00:00+00:00,25.726,85.0,2.5455842,Kolkata
2025-03-03 03:00:00+00:00,27.226,76.0,4.8433046,Kolkata
2025-03-03 04:00:00+00:00,28.776,67.0,6.4799995,Kolkata
2025-03-03 05:00:00+00:00,30.425999,50.0,7.6367526,Kolkata
2025-03-03 06:00:00+00:00,32.676003,30.0,6.763786,Kolkata
2025-03-03 07:00:00+00:00,33.526,29.0,6.297428,Kolkata
2025-03-03 08:00:00+00:00,34.076,29.0,4.8433046,Kolkata
2025-03-03 09:00:00+00:00,34.226,29.0,1.8,Kolkata
2025-03-03 10:00:00+00:00,34.026,29.0,1.484318,Kolkata
2025-03-03 11:00:00+00:00,33.526,31.0,3.6,Kolkata
2025-03-03 12:00:00+00:00,31.626,40.0,3.0547013,Kolkata
2025-03-03 13:00:00+00:00,29.575998,52.0,3.8268526,Kolkata
2025-03-03 14:00:00+00:00,28.226,58.0,4.1046314,Kolkata
2025-03-03 15:00:00+00:00,27.575998,60.0,3.563818,Kolkata
2025-03-03 16:00:00+00:00,26.776,62.0,4.379589,Kolkata
2025-03-03 17:00:00+00:00,25.376,80.0,5.0528407,Kolkata
2025-03-03 18:00:00+00:00,24.876,84.0,1.835647,Kolkata
2025-03-03 19:00:00+00:00,24.526,89.0,1.0182338,Kolkata
2025-03-03 20:00:00+00:00,24.276,89.0,2.1897945,Kolkata
2025-03-03 21:00:00+00:00,24.325998,86.0,1.835647,Kolkata
2025-03-03 22:00:00+00:00,24.226,83.0,3.4152596,Kolkata
2025-03-03 23:00:00+00:00,23.925999,75.0,5.4477882,Kolkata
2025-03-04 00:00:00+00:00,23.776,78.0,3.2599385,Kolkata
2025-03-04 01:00:00+00:00,23.575998,77.0,3.219938,Kolkata
2025-03-04 02:00:00+00:00,24.675999,73.0,3.7064266,Kolkata
2025-03-04 03:00:00+00:00,26.575998,60.0,5.1165614,Kolkata
2025-03-04 04:00:00+00:00,28.626,49.0,5.00128,Kolkata
2025-03-04 05:00:00+00:00,30.276,38.0,6.489992,Kolkata
2025-03-04 06:00:00+00:00,31.526,33.0,5.0142193,Kolkata
2025-03-04 07:00:00+00:00,32.326,32.0,6.3690495,Kolkata
2025-03-04 08:00:00+00:00,33.026,26.0,8.435069,Kolkata
2025-03-04 09:00:00+00:00,33.176003,22.0,10.182337,Kolkata
2025-03-04 10:00:00+00:00,32.676003,21.0,10.009036,Kolkata
2025-03-04 11:00:00+00:00,31.876,20.0,7.5942082,Kolkata
2025-03-04 12:00:00+00:00,30.876,26.0,4.0249224,Kolkata
2025-03-04 13:00:00+00:00,29.226,34.0,2.968636,Kolkata
2025-03-04 14:00:00+00:00,28.726,35.0,2.52,Kolkata
2025-03-04 15:00:00+00:00,27.226,39.0,3.7064266,Kolkata
2025-03-04 16:00:00+00:00,25.976,44.0,3.8268526,Kolkata
2025-03-04 17:00:00+00:00,24.976,48.0,3.563818,Kolkata
2025-03-04 18:00:00+00:00,23.476,69.0,3.0758414,Kolkata
2025-03-04 19:00:00+00:00,22.276,75.0,4.6800003,Kolkata
2025-03-04 20:00:00+00:00,21.626,82.0,5.1919937,Kolkata
2025-03-04 21:00:00+00:00,21.276,85.0,4.072935,Kolkata
2025-03-04 22:00:00+00:00,21.075998,89.0,4.1046314,Kolkata
2025-03-04 23:00:00+00:00,21.126,93.0,4.379589,Kolkata
2025-03-05 00:00:00+00:00,21.626,83.0,2.52,Kolkata
2025-03-05 01:00:00+00:00,21.726,84.0,2.1897945,Kolkata
2025-03-05 02:00:00+00:00,23.476,78.0,1.8,Kolkata
2025-03-05 03:00:00+00:00,26.175999,67.0,2.8799999,Kolkata
2025-03-05 04:00:00+00:00,28.876,56.0,3.2599385,Kolkata
2025-03-05 05:00:00+00:00,30.925999,44.0,3.9763298,Kolkata
2025-03-05 06:00:00+00:00,32.376,31.0,4.1046314,Kolkata
2025-03-05 07:00:00+00:00,32.976,29.0,4.379589,Kolkata
2025-03-05 08:00:00+00:00,33.276,29.0,4.5536795,Kolkata
2025-03-05 09:00:00+00:00,33.276,30.0,7.24486,Kolkata
2025-03-05 10:00:00+00:00,32.826,31.0,7.289445,Kolkata
2025-03-05 11:00:00+00:00,32.226,32.0,7.7879906,Kolkata
2025-03-05 12:00:00+00:00,30.276,39.0,4.6102495,Kolkata
2025-03-05 13:00:00+00:00,27.726,56.0,5.4833565,Kolkata
2025-03-05 14:00:00+00:00,26.425999,60.0,5.6920996,Kolkata
2025-03-05 15:00:00+00:00,25.276,67.0,5.5887027,Kolkata
2025-03-05 16:00:00+00:00,24.175999,77.0,5.3517847,Kolkata
2025-03-05 17:00:00+00:00,23.425999,81.0,4.510787,Kolkata
2025-03-05 18:00:00+00:00,23.425999,82.0,2.5455842,Kolkata
2025-03-05 19:00:00+00:00,22.976,87.0,1.0182338,Kolkata
2025-03-05 20:00:00+00:00,22.825998,87.0,4.3498964,Kolkata
2025-03-05 21:00:00+00:00,22.675999,87.0,4.2136917,Kolkata
2025-03-05 22:00:00+00:00,22.325998,69.0,9.3876505,Kolkata
2025-03-05 23:00:00+00:00,21.575998,48.0,8.905908,Kolkata
2025-03-06 00:00:00+00:00,21.175999,50.0,6.519877,Kolkata
2025-03-06 01:00:00+00:00,20.526,51.0,5.771239,Kolkata
2025-03-06 02:00:00+00:00,21.376,48.0,6.162207,Kolkata
2025-03-06 03:00:00+00:00,23.425999,41.0,6.87779,Kolkata
2025-03-06 04:00:00+00:00,25.675999,30.0,8.209263,Kolkata
2025-03-06 05:00:00+00:00,27.376,26.0,8.049845,Kolkata
2025-03-06 06:00:00+00:00,28.626,23.0,6.6087217,Kolkata
2025-03-06 07:00:00+00:00,29.726,22.0,6.4096174,Kolkata
2025-03-06 08:00:00+00:00,30.226,21.0,6.1094027,Kolkata
2025-03-06 09:00:00+00:00,30.425999,22.0,6.1094027,Kolkata
2025-03-06 10:00:00+00:00,30.126,22.0,5.6002855,Kolkata
2025-03-06 11:00:00+00:00,29.526,22.0,5.1165614,Kolkata
2025-03-06 12:00:00+00:00,28.226,25.0,4.1046314,Kolkata
2025-03-06 13:00:00+00:00,26.425999,31.0,4.39436,Kolkata
2025-03-06 14:00:00+00:00,24.726,36.0,5.0142193,Kolkata
2025-03-06 15:00:00+00:00,23.526,41.0,4.6938252,Kolkata
2025-03-06 16:00:00+00:00,22.526,45.0,4.379589,Kolkata
2025-03-06 17:00:00+00:00,21.776,47.0,4.3498964,Kolkata
2025-03-06 18:00:00+00:00,21.126,55.0,3.8939953,Kolkata
2025-03-06 19:00:00+00:00,20.675999,56.0,4.0249224,Kolkata
2025-03-06 20:00:00+00:00,20.226,57.0,3.8773184,Kolkata
2025-03-06 21:00:00+00:00,19.876,59.0,3.7585104,Kolkata
2025-03-06 22:00:00+00:00,19.526,61.0,3.4152596,Kolkata
2025-03-06 23:00:00+00:00,19.126,63.0,3.219938,Kolkata
2025-03-07 00:00:00+00:00,19.376,65.0,0.71999997,Kolkata
2025-03-07 01:00:00+00:00,19.425999,65.0,2.5959969,Kolkata
2025-03-07 02:00:00+00:00,20.825998,65.0,2.5455842,Kolkata
2025-03-07 03:00:00+00:00,22.976,59.0,1.8,Kolkata
2025-03-07 04:00:00+00:00,25.726,48.0,1.8,Kolkata
2025-03-07 05:00:00+00:00,27.776,38.0,4.379589,Kolkata
2025-03-07 06:00:00+00:00,29.876,29.0,5.315336,Kolkata
2025-03-07 07:00:00+00:00,30.675999,28.0,7.0911775,Kolkata
2025-03-07 08:00:00+00:00,31.126,27.0,7.9036193,Kolkata
2025-03-07 09:00:00+00:00,31.075998,27.0,8.587338,Kolkata
2025-03-07 10:00:00+00:00,30.675999,29.0,8.587338,Kolkata
2025-03-07 11:00:00+00:00,29.825998,34.0,7.2,Kolkata
2025-03-07 12:00:00+00:00,28.425999,41.0,4.6800003,Kolkata
2025-03-07 13:00:00+00:00,26.026,55.0,5.7599998,Kolkata
2025-03-07 14:00:00+00:00,24.425999,59.0,6.151683,Kolkata
2025-03-07 15:00:00+00:00,23.226,65.0,5.8603754,Kolkata
2025-03-07 16:00:00+00:00,22.276,71.0,5.4119864,Kolkata
2025-03-07 17:00:00+00:00,21.626,74.0,4.6938252,Kolkata
2025-03-07 18:00:00+00:00,21.026,78.0,4.1046314,Kolkata
2025-03-07 19:00:00+00:00,20.626,82.0,2.9024127,Kolkata
2025-03-07 20:00:00+00:00,20.476,85.0,1.609969,Kolkata
2025-03-07 21:00:00+00:00,20.325998,87.0,1.1384199,Kolkata
2025-03-07 22:00:00+00:00,20.075998,89.0,0.35999998,Kolkata
2025-03-07 23:00:00+00:00,20.075998,90.0,1.835647,Kolkata
2025-02-04 00:00:00+00:00,15.589499,75.0,2.9024127,Bangalore
2025-02-04 01:00:00+00:00,15.4895,74.0,2.9024127,Bangalore
2025-02-04 02:00:00+00:00,15.7395,75.0,3.219938,Bangalore
2025-02-04 03:00:00+00:00,18.0395,70.0,2.7416782,Bangalore
2025-02-04 04:00:00+00:00,21.7395,52.0,6.162207,Bangalore
2025-02-04 05:00:00+00:00,24.7895,37.0,10.08,Bangalore
2025-02-04 06:00:00+00:00,27.189499,28.0,9.605998,Bangalore
2025-02-04 07:00:00+00:00,28.7395,24.0,10.829959,Bangalore
2025-02-04 08:00:00+00:00,29.689499,21.0,11.384199,Bangalore
2025-02-04 09:00:00+00:00,30.0395,20.0,11.620809,Bangalore
2025-02-04 10:00:00+00:00,29.8895,22.0,11.525623,Bangalore
2025-02-04 11:00:00+00:00,29.2895,22.0,11.367109,Bangalore
2025-02-04 12:00:00+00:00,28.1395,22.0,9.47012,Bangalore
2025-02-04 13:00:00+00:00,25.6395,29.0,6.5693827,Bangalore
2025-02-04 14:00:00+00:00,23.5395,37.0,6.519877,Bangalore
2025-02-04 15:00:00+00:00,22.189499,43.0,6.519877,Bangalore
2025-02-04 16:00:00+00:00,20.8895,50.0,6.162207,Bangalore
2025-02-04 17:00:00+00:00,19.7395,57.0,5.8048253,Bangalore
2025-02-04 18:00:00+00:00,18.689499,64.0,5.4119864,Bangalore
2025-02-04 19:00:00+00:00,18.0395,69.0,5.04,Bangalore
2025-02-04 20:00:00+00:00,17.5895,72.0,4.6938252,Bangalore
2025-02-04 21:00:00+00:00,17.2395,74.0,4.379589,Bangalore
2025-02-04 22:00:00+00:00,16.939499,76.0,4.0249224,Bangalore
2025-02-04 23:00:00+00:00,16.7395,77.0,4.0249224,Bangalore
2025-02-05 00:00:00+00:00,16.189499,82.0,4.0249224,Bangalore
2025-02-05 01:00:00+00:00,16.0895,83.0,3.9763298,Bangalore
2025-02-05 02:00:00+00:00,16.439499,82.0,3.9763298,Bangalore
2025-02-05 03:00:00+00:00,19.189499,71.0,5.1544156,Bangalore
2025-02-05 04:00:00+00:00,22.2895,58.0,8.311245,Bangalore
2025-02-05 05:00:00+00:00,24.8395,47.0,12.661564,Bangalore
2025-02-05 06:00:00+00:00,26.9895,40.0,13.627795,Bangalore
2025-02-05 07:00:00+00:00,28.3395,35.0,13.627795,Bangalore
2025-02-05 08:00:00+00:00,29.2395,32.0,13.910169,Bangalore
2025-02-05 09:00:00+00:00,29.6395,29.0,13.493999,Bangalore
2025-02-05 10:00:00+00:00,29.4895,26.0,13.493999,Bangalore
2025-02-05 11:00:00+00:00,28.7395,27.0,13.138765,Bangalore
2025-02-05 12:00:00+00:00,27.4895,31.0,10.538843,Bangalore
2025-02-05 13:00:00+00:00,25.439499,38.0,6.5693827,Bangalore
2025-02-05 14:00:00+00:00,23.5395,44.0,5.8048253,Bangalore
2025-02-05 15:00:00+00:00,22.2395,48.0,6.162207,Bangalore
2025-02-05 16:00:00+00:00,21.189499,54.0,6.5693827,Bangalore
2025-02-05 17:00:00+00:00,20.0895,61.0,5.8603754,Bangalore
2025-02-05 18:00:00+00:00,19.189499,67.0,5.3999996,Bangalore
2025-02-05 19:00:00+00:00,18.5395,71.0,5.3999996,Bangalore
2025-02-05 20:00:00+00:00,17.8395,75.0,5.04,Bangalore
2025-02-05 21:00:00+00:00,17.1395,79.0,4.6938252,Bangalore
2025-02-05 22:00:00+00:00,16.5895,82.0,4.73506,Bangalore
2025-02-05 23:00:00+00:00,16.0895,84.0,4.6938252,Bangalore
2025-02-06 00:00:00+00:00,15.8895,83.0,4.379589,Bangalore
2025-02-06 01:00:00+00:00,15.539499,82.0,4.1046314,Bangalore
2025-02-06 02:00:00+00:00,15.789499,79.0,3.8773184,Bangalore
2025-02-06 03:00:00+00:00,18.439499,67.0,4.896529,Bangalore
2025-02-06 04:00:00+00:00,21.7895,51.0,7.928178,Bangalore
2025-02-06 05:00:00+00:00,24.689499,37.0,10.239453,Bangalore
2025-02-06 06:00:00+00:00,27.4895,25.0,12.413476,Bangalore
2025-02-06 07:00:00+00:00,28.7895,21.0,14.241629,Bangalore
2025-02-06 08:00:00+00:00,29.4895,20.0,13.797913,Bangalore
2025-02-06 09:00:00+00:00,29.7895,21.0,13.627795,Bangalore
2025-02-06 10:00:00+00:00,29.6395,22.0,13.556282,Bangalore
2025-02-06 11:00:00+00:00,28.8895,23.0,13.493999,Bangalore
2025-02-06 12:00:00+00:00,27.3395,27.0,11.609651,Bangalore
2025-02-06 13:00:00+00:00,25.189499,35.0,7.9526596,Bangalore
2025-02-06 14:00:00+00:00,23.2895,42.0,6.849467,Bangalore
2025-02-06 15:00:00+00:00,21.9895,46.0,7.208994,Bangalore
2025-02-06 16:00:00+00:00,20.8895,53.0,7.208994,Bangalore
2025-02-06 17:00:00+00:00,19.7895,61.0,6.130579,Bangalore
2025-02-06 18:00:00+00:00,18.6395,71.0,5.04,Bangalore
2025-02-06 19:00:00+00:00,18.0895,76.0,4.6938252,Bangalore
2025-02-06 20:00:00+00:00,17.6395,79.0,4.3349743,Bangalore
2025-02-06 21:00:00+00:00,17.1395,82.0,4.379589,Bangalore
2025-02-06 22:00:00+00:00,16.689499,84.0,3.9763298,Bangalore
2025-02-06 23:00:00+00:00,16.3395,86.0,3.96,Bangalore
2025-02-07 00:00:00+00:00,16.1395,86.0,3.9763298,Bangalore
2025-02-07 01:00:00+00:00,15.789499,88.0,3.671294,Bangalore
2025-02-07 02:00:00+00:00,15.939499,87.0,3.671294,Bangalore
2025-02-07 03:00:00+00:00,18.439499,77.0,4.32,Bangalore
2025-02-07 04:00:00+00:00,21.5895,60.0,7.172949,Bangalore
2025-02-07 05:00:00+00:00,24.439499,40.0,10.829958,Bangalore
2025-02-07 06:00:00+00:00,27.189499,28.0,12.181625,Bangalore
2025-02-07 07:00:00+00:00,28.3395,24.0,12.641076,Bangalore
2025-02-07 08:00:00+00:00,29.189499,23.0,12.758432,Bangalore
2025-02-07 09:00:00+00:00,29.5395,22.0,12.144331,Bangalore
2025-02-07 10:00:00+00:00,29.5895,22.0,11.966953,Bangalore
2025-02-07 11:00:00+00:00,29.0395,20.0,12.287555,Bangalore
2025-02-07 12:00:00+00:00,27.3895,27.0,11.304229,Bangalore
2025-02-07 13:00:00+00:00,25.3895,33.0,7.5685663,Bangalore
2025-02-07 14:00:00+00:00,23.439499,38.0,6.4799995,Bangalore
2025-02-07 15:00:00+00:00,22.1395,43.0,6.849467,Bangalore
2025-02-07 16:00:00+00:00,21.0395,49.0,7.2359104,Bangalore
2025-02-07 17:00:00+00:00,20.0895,57.0,6.28713,Bangalore
2025-02-07 18:00:00+00:00,19.2395,64.0,5.8048253,Bangalore
2025-02-07 19:00:00+00:00,18.5395,69.0,5.4477882,Bangalore
2025-02-07 20:00:00+00:00,17.9895,73.0,5.0528407,Bangalore
2025-02-07 21:00:00+00:00,17.439499,77.0,4.6938252,Bangalore
2025-02-07 22:00:00+00:00,16.9895,79.0,4.6938252,Bangalore
2025-02-07 23:00:00+00:00,16.5895,81.0,4.3349743,Bangalore
2025-02-08 00:00:00+00:00,16.3895,82.0,3.96,Bangalore
2025-02-08 01:00:00+00:00,16.2895,80.0,3.671294,Bangalore
2025-02-08 02:00:00+00:00,16.5895,77.0,3.319036,Bangalore
2025-02-08 03:00:00+00:00,19.189499,66.0,3.6179552,Bangalore
2025-02-08 04:00:00+00:00,22.439499,50.0,7.342588,Bangalore
2025-02-08 05:00:00+00:00,24.9895,40.0,10.739833,Bangalore
2025-02-08 06:00:00+00:00,26.689499,36.0,13.138765,Bangalore
2025-02-08 07:00:00+00:00,27.9895,34.0,13.324863,Bangalore
2025-02-08 08:00:00+00:00,28.8895,32.0,14.154915,Bangalore
2025-02-08 09:00:00+00:00,29.189499,32.0,14.154915,Bangalore
2025-02-08 10:00:00+00:00,29.0895,32.0,14.05845,Bangalore
2025-02-08 11:00:00+00:00,28.4895,34.0,13.32,Bangalore
2025-02-08 12:00:00+00:00,27.2395,37.0,10.495713,Bangalore
2025-02-08 13:00:00+00:00,25.3395,44.0,7.172949,Bangalore
2025-02-08 14:00:00+00:00,23.6395,51.0,6.0347,Bangalore
2025-02-08 15:00:00+00:00,22.3895,56.0,6.489992,Bangalore
2025-02-08 16:00:00+00:00,21.4895,61.0,6.151683,Bangalore
2025-02-08 17:00:00+00:00,20.5395,66.0,5.5887027,Bangalore
2025-02-08 18:00:00+00:00,19.7395,72.0,5.4119864,Bangalore
2025-02-08 19:00:00+00:00,18.9895,76.0,5.0528407,Bangalore
2025-02-08 20:00:00+00:00,18.3395,80.0,5.0911684,Bangalore
2025-02-08 21:00:00+00:00,17.689499,85.0,4.379589,Bangalore
2025-02-08 22:00:00+00:00,17.2395,88.0,4.1046314,Bangalore
2025-02-08 23:00:00+00:00,16.8895,89.0,4.2136917,Bangalore
2025-02-09 00:00:00+00:00,16.6395,89.0,3.671294,Bangalore
2025-02-09 01:00:00+00:00,16.439499,87.0,3.319036,Bangalore
2025-02-09 02:00:00+00:00,16.7895,84.0,3.319036,Bangalore
2025-02-09 03:00:00+00:00,19.3895,73.0,3.9763298,Bangalore
2025-02-09 04:00:00+00:00,22.4895,59.0,7.2359104,Bangalore
2025-02-09 05:00:00+00:00,25.0895,48.0,11.212135,Bangalore
2025-02-09 06:00:00+00:00,26.9895,43.0,15.119999,Bangalore
2025-02-09 07:00:00+00:00,28.0895,38.0,16.215992,Bangalore
2025-02-09 08:00:00+00:00,28.689499,37.0,16.215992,Bangalore
2025-02-09 09:00:00+00:00,28.8395,35.0,15.84,Bangalore
2025-02-09 10:00:00+00:00,28.6395,35.0,14.759999,Bangalore
2025-02-09 11:00:00+00:00,27.8395,37.0,13.679999,Bangalore
2025-02-09 12:00:00+00:00,26.8395,40.0,11.901798,Bangalore
2025-02-09 13:00:00+00:00,25.0395,49.0,9.0645685,Bangalore
2025-02-09 14:00:00+00:00,23.3395,56.0,6.5693827,Bangalore
2025-02-09 15:00:00+00:00,22.0895,61.0,5.8048253,Bangalore
2025-02-09 16:00:00+00:00,21.0895,67.0,6.162207,Bangalore
2025-02-09 17:00:00+00:00,20.439499,71.0,6.28713,Bangalore
2025-02-09 18:00:00+00:00,19.5395,77.0,6.2145634,Bangalore
2025-02-09 19:00:00+00:00,18.8895,82.0,6.2145634,Bangalore
2025-02-09 20:00:00+00:00,18.2895,89.0,5.8048253,Bangalore
2025-02-09 21:00:00+00:00,17.5395,94.0,5.04,Bangalore
2025-02-09 22:00:00+00:00,17.189499,97.0,4.802999,Bangalore
2025-02-09 23:00:00+00:00,17.2895,97.0,5.5887027,Bangalore
2025-02-10 00:00:00+00:00,17.189499,95.0,6.162207,Bangalore
2025-02-10 01:00:00+00:00,16.9895,94.0,6.12,Bangalore
2025-02-10 02:00:00+00:00,17.0395,91.0,4.6938252,Bangalore
2025-02-10 03:00:00+00:00,18.5895,85.0,5.8048253,Bangalore
2025-02-10 04:00:00+00:00,20.8395,73.0,6.519877,Bangalore
2025-02-10 05:00:00+00:00,23.2395,56.0,8.669949,Bangalore
2025-02-10 06:00:00+00:00,25.4895,41.0,11.631956,Bangalore
2025-02-10 07:00:00+00:00,26.7395,35.0,12.43434,Bangalore
2025-02-10 08:00:00+00:00,27.6395,32.0,13.1041975,Bangalore
2025-02-10 09:00:00+00:00,27.939499,34.0,13.441071,Bangalore
2025-02-10 10:00:00+00:00,27.8895,34.0,12.864649,Bangalore
2025-02-10 11:00:00+00:00,27.439499,35.0,11.726277,Bangalore
2025-02-10 12:00:00+00:00,26.3395,41.0,9.793058,Bangalore
2025-02-10 13:00:00+00:00,24.3395,50.0,6.5693827,Bangalore
2025-02-10 14:00:00+00:00,22.689499,60.0,5.771239,Bangalore
2025-02-10 15:00:00+00:00,21.5395,66.0,5.8048253,Bangalore
2025-02-10 16:00:00+00:00,20.3395,71.0,5.4477882,Bangalore
2025-02-10 17:00:00+00:00,19.3895,76.0,4.73506,Bangalore
2025-02-10 18:00:00+00:00,19.0395,76.0,4.379589,Bangalore
2025-02-10 19:00:00+00:00,18.3895,78.0,4.452954,Bangalore
2025-02-10 20:00:00+00:00,17.8395,80.0,4.452954,Bangalore
2025-02-10 21:00:00+00:00,17.2395,84.0,4.1046314,Bangalore
2025-02-10 22:00:00+00:00,16.689499,89.0,3.319036,Bangalore
2025-02-10 23:00:00+00:00,16.189499,92.0,2.9024127,Bangalore
2025-02-11 00:00:00+00:00,15.6895,93.0,3.319036,Bangalore
2025-02-11 01:00:00+00:00,15.339499,94.0,3.319036,Bangalore
2025-02-11 02:00:00+00:00,15.539499,94.0,2.968636,Bangalore
2025-02-11 03:00:00+00:00,17.7395,86.0,4.0249224,Bangalore
2025-02-11 04:00:00+00:00,20.4895,73.0,7.4128532,Bangalore
2025-02-11 05:00:00+00:00,23.0395,54.0,8.089993,Bangalore
2025-02-11 06:00:00+00:00,26.3395,33.0,9.422101,Bangalore
2025-02-11 07:00:00+00:00,27.9895,27.0,9.3876505,Bangalore
2025-02-11 08:00:00+00:00,29.0895,23.0,9.6932955,Bangalore
2025-02-11 09:00:00+00:00,29.7895,19.0,10.028439,Bangalore
2025-02-11 10:00:00+00:00,29.8395,19.0,10.028439,Bangalore
2025-02-11 11:00:00+00:00,29.3395,21.0,10.365251,Bangalore
2025-02-11 12:00:00+00:00,28.2895,25.0,9.793058,Bangalore
2025-02-11 13:00:00+00:00,26.189499,31.0,5.8048253,Bangalore
2025-02-11 14:00:00+00:00,23.9895,39.0,5.4119864,Bangalore
2025-02-11 15:00:00+00:00,22.3895,43.0,6.12,Bangalore
2025-02-11 16:00:00+00:00,21.1395,47.0,6.489992,Bangalore
2025-02-11 17:00:00+00:00,19.8395,56.0,5.771239,Bangalore
2025-02-11 18:00:00+00:00,18.7395,65.0,5.1544156,Bangalore
2025-02-11 19:00:00+00:00,17.9895,70.0,4.452954,Bangalore
2025-02-11 20:00:00+00:00,17.3895,74.0,4.0249224,Bangalore
2025-02-11 21:00:00+00:00,16.8895,77.0,3.319036,Bangalore
2025-02-11 22:00:00+00:00,16.5395,79.0,3.4152596,Bangalore
2025-02-11 23:00:00+00:00,16.189499,81.0,3.0758414,Bangalore
2025-02-12 00:00:00+00:00,15.6395,84.0,3.096837,Bangalore
2025-02-12 01:00:00+00:00,15.289499,85.0,3.096837,Bangalore
2025-02-12 02:00:00+00:00,15.4395,85.0,3.0547013,Bangalore
2025-02-12 03:00:00+00:00,17.939499,77.0,2.4149535,Bangalore
2025-02-12 04:00:00+00:00,21.6395,57.0,5.2416787,Bangalore
2025-02-12 05:00:00+00:00,25.0895,36.0,9.0,Bangalore
2025-02-12 06:00:00+00:00,28.0395,25.0,11.503113,Bangalore
2025-02-12 07:00:00+00:00,29.8395,18.0,13.1041975,Bangalore
2025-02-12 08:00:00+00:00,30.8395,14.0,13.527572,Bangalore
2025-02-12 09:00:00+00:00,31.189499,15.0,13.202726,Bangalore
2025-02-12 10:00:00+00:00,31.189499,15.0,12.397806,Bangalore
2025-02-12 11:00:00+00:00,30.689499,14.0,11.770403,Bangalore
2025-02-12 12:00:00+00:00,29.7895,17.0,8.766573,Bangalore
2025-02-12 13:00:00+00:00,27.189499,24.0,5.0142193,Bangalore
2025-02-12 14:00:00+00:00,24.5395,32.0,4.896529,Bangalore
2025-02-12 15:00:00+00:00,22.5395,39.0,5.0911684,Bangalore
2025-02-12 16:00:00+00:00,21.1395,46.0,5.0911684,Bangalore
2025-02-12 17:00:00+00:00,19.939499,53.0,5.506941,Bangalore
2025-02-12 18:00:00+00:00,19.3395,55.0,5.1544156,Bangalore
2025-02-12 19:00:00+00:00,18.5395,61.0,4.379589,Bangalore
2025-02-12 20:00:00+00:00,17.939499,66.0,3.7585104,Bangalore
2025-02-12 21:00:00+00:00,17.4895,69.0,3.219938,Bangalore
2025-02-12 22:00:00+00:00,17.2395,70.0,2.9024127,Bangalore
2025-02-12 23:00:00+00:00,17.189499,70.0,2.5959969,Bangalore
2025-02-13 00:00:00+00:00,16.8395,74.0,3.219938,Bangalore
2025-02-13 01:00:00+00:00,16.9895,72.0,3.219938,Bangalore
2025-02-13 02:00:00+00:00,17.5395,69.0,2.9024127,Bangalore
2025-02-13 03:00:00+00:00,19.8395,63.0,2.2768397,Bangalore
2025-02-13 04:00:00+00:00,23.7395,45.0,5.506941,Bangalore
2025-02-13 05:00:00+00:00,26.7895,28.0,10.1376915,Bangalore
2025-02-13 06:00:00+00:00,28.939499,24.0,11.252519,Bangalore
2025-02-13 07:00:00+00:00,30.0395,25.0,13.441071,Bangalore
2025-02-13 08:00:00+00:00,30.7395,24.0,13.527572,Bangalore
2025-02-13 09:00:00+00:00,31.0395,23.0,13.049689,Bangalore
2025-02-13 10:00:00+00:00,30.9895,23.0,12.303366,Bangalore
2025-02-13 11:00:00+00:00,30.4895,24.0,11.384199,Bangalore
2025-02-13 12:00:00+00:00,29.5395,25.0,9.531505,Bangalore
2025-02-13 13:00:00+00:00,27.3395,31.0,5.7599998,Bangalore
2025-02-13 14:00:00+00:00,24.9895,38.0,5.8048253,Bangalore
2025-02-13 15:00:00+00:00,23.2895,43.0,6.519877,Bangalore
2025-02-13 16:00:00+00:00,21.939499,43.0,6.162207,Bangalore
2025-02-13 17:00:00+00:00,20.689499,45.0,5.8048253,Bangalore
2025-02-13 18:00:00+00:00,19.7895,53.0,5.0528407,Bangalore
2025-02-13 19:00:00+00:00,18.939499,55.0,5.0528407,Bangalore
2025-02-13 20:00:00+00:00,18.3895,57.0,4.379589,Bangalore
2025-02-13 21:00:00+00:00,18.0395,58.0,3.6179552,Bangalore
2025-02-13 22:00:00+00:00,18.0895,57.0,3.2599385,Bangalore
2025-02-13 23:00:00+00:00,18.1395,56.0,3.2599385,Bangalore
2025-02-14 00:00:00+00:00,17.3895,64.0,3.6179552,Bangalore
2025-02-14 01:00:00+00:00,17.4895,62.0,3.319036,Bangalore
2025-02-14 02:00:00+00:00,17.8395,61.0,3.2599385,Bangalore
2025-02-14 03:00:00+00:00,20.2895,57.0,2.8799999,Bangalore
2025-02-14 04:00:00+00:00,23.7895,41.0,6.489992,Bangalore
2025-02-14 05:00:00+00:00,26.5895,32.0,9.83268,Bangalore
2025-02-14 06:00:00+00:00,28.7395,28.0,10.739833,Bangalore
2025-02-14 07:00:00+00:00,29.8395,26.0,9.726665,Bangalore
2025-02-14 08:00:00+00:00,30.439499,26.0,9.227524,Bangalore
2025-02-14 09:00:00+00:00,30.5895,26.0,9.511088,Bangalore
2025-02-14 10:00:00+00:00,30.3395,27.0,8.854829,Bangalore
2025-02-14 11:00:00+00:00,29.7895,27.0,8.373386,Bangalore
2025-02-14 12:00:00+00:00,28.689499,31.0,6.638072,Bangalore
2025-02-14 13:00:00+00:00,26.439499,41.0,4.379589,Bangalore
2025-02-14 14:00:00+00:00,24.5895,48.0,4.2136917,Bangalore
2025-02-14 15:00:00+00:00,23.1395,53.0,4.802999,Bangalore
2025-02-14 16:00:00+00:00,21.9895,55.0,6.28713,Bangalore
2025-02-14 17:00:00+00:00,20.8895,57.0,6.28713,Bangalore
2025-02-14 18:00:00+00:00,20.3395,62.0,5.2416787,Bangalore
2025-02-14 19:00:00+00:00,19.4895,67.0,4.802999,Bangalore
2025-02-14 20:00:00+00:00,18.7395,71.0,4.6938252,Bangalore
2025-02-14 21:00:00+00:00,18.189499,74.0,4.3349743,Bangalore
2025-02-14 22:00:00+00:00,17.8395,77.0,3.2599385,Bangalore
2025-02-14 23:00:00+00:00,17.689499,78.0,2.9024127,Bangalore
2025-02-15 00:00:00+00:00,17.8895,74.0,2.52,Bangalore
2025-02-15 01:00:00+00:00,17.8895,74.0,2.1897945,Bangalore
2025-02-15 02:00:00+00:00,18.2895,73.0,2.0991426,Bangalore
2025-02-15 03:00:00+00:00,20.4895,68.0,1.484318,Bangalore
2025-02-15 04:00:00+00:00,23.3395,56.0,1.835647,Bangalore
2025-02-15 05:00:00+00:00,25.689499,44.0,1.8,Bangalore
2025-02-15 06:00:00+00:00,27.7395,39.0,2.1897945,Bangalore
2025-02-15 07:00:00+00:00,29.0895,35.0,5.8603754,Bangalore
2025-02-15 08:00:00+00:00,29.7895,34.0,10.195057,Bangalore
2025-02-15 09:00:00+00:00,29.9895,33.0,10.691453,Bangalore
2025-02-15 10:00:00+00:00,30.0395,32.0,10.739832,Bangalore
2025-02-15 11:00:00+00:00,29.6395,31.0,10.587918,Bangalore
2025-02-15 12:00:00+00:00,28.9895,32.0,9.085988,Bangalore
2025-02-15 13:00:00+00:00,27.189499,38.0,5.3517847,Bangalore
2025-02-15 14:00:00+00:00,25.2395,45.0,4.6102495,Bangalore
2025-02-15 15:00:00+00:00,23.8395,50.0,4.39436,Bangalore
2025-02-15 16:00:00+00:00,22.6395,54.0,4.6938252,Bangalore
2025-02-15 17:00:00+00:00,21.5895,58.0,4.68,Bangalore
2025-02-15 18:00:00+00:00,20.7395,62.0,4.68,Bangalore
2025-02-15 19:00:00+00:00,19.939499,64.0,4.68,Bangalore
2025-02-15 20:00:00+00:00,19.2895,68.0,5.0528407,Bangalore
2025-02-15 21:00:00+00:00,18.6395,71.0,4.68,Bangalore
2025-02-15 22:00:00+00:00,18.0895,76.0,3.96,Bangalore
2025-02-15 23:00:00+00:00,17.689499,81.0,3.6179552,Bangalore
2025-02-16 00:00:00+00:00,17.4895,79.0,4.3349743,Bangalore
2025-02-16 01:00:00+00:00,17.2395,81.0,3.9763298,Bangalore
2025-02-16 02:00:00+00:00,17.5395,82.0,3.2599385,Bangalore
2025-02-16 03:00:00+00:00,20.0395,73.0,4.1046314,Bangalore
2025-02-16 04:00:00+00:00,23.0895,62.0,6.792466,Bangalore
2025-02-16 05:00:00+00:00,25.7395,48.0,8.557102,Bangalore
2025-02-16 06:00:00+00:00,27.9895,38.0,11.165805,Bangalore
2025-02-16 07:00:00+00:00,29.2895,32.0,12.313893,Bangalore
2025-02-16 08:00:00+00:00,30.2395,28.0,13.527572,Bangalore
2025-02-16 09:00:00+00:00,30.6395,25.0,13.849477,Bangalore
2025-02-16 10:00:00+00:00,30.5895,25.0,13.217443,Bangalore
2025-02-16 11:00:00+00:00,30.189499,25.0,12.413477,Bangalore
2025-02-16 12:00:00+00:00,29.5895,25.0,9.339208,Bangalore
2025-02-16 13:00:00+00:00,27.6395,30.0,5.3517847,Bangalore
2025-02-16 14:00:00+00:00,25.439499,37.0,4.5536795,Bangalore
2025-02-16 15:00:00+00:00,23.689499,43.0,5.0142193,Bangalore
2025-02-16 16:00:00+00:00,22.439499,48.0,5.0528407,Bangalore
2025-02-16 17:00:00+00:00,21.4895,54.0,5.0528407,Bangalore
2025-02-16 18:00:00+00:00,20.189499,64.0,6.162207,Bangalore
2025-02-16 19:00:00+00:00,19.6395,68.0,6.519877,Bangalore
2025-02-16 20:00:00+00:00,18.9895,74.0,6.849467,Bangalore
2025-02-16 21:00:00+00:00,18.2895,80.0,6.130579,Bangalore
2025-02-16 22:00:00+00:00,17.6395,85.0,5.8048253,Bangalore
2025-02-16 23:00:00+00:00,17.1395,89.0,5.1544156,Bangalore
2025-02-17 00:00:00+00:00,17.0395,90.0,5.1544156,Bangalore
2025-02-17 01:00:00+00:00,16.7895,91.0,4.73506,Bangalore
2025-02-17 02:00:00+00:00,17.0895,89.0,4.5536795,Bangalore
2025-02-17 03:00:00+00:00,19.5895,78.0,5.8048253,Bangalore
2025-02-17 04:00:00+00:00,22.5895,63.0,8.891343,Bangalore
2025-02-17 05:00:00+00:00,25.439499,45.0,10.966713,Bangalore
2025-02-17 06:00:00+00:00,28.1395,32.0,12.979984,Bangalore
2025-02-17 07:00:00+00:00,29.439499,26.0,12.964998,Bangalore
2025-02-17 08:00:00+00:00,30.2895,25.0,13.202726,Bangalore
2025-02-17 09:00:00+00:00,30.689499,23.0,13.797913,Bangalore
2025-02-17 10:00:00+00:00,30.5895,23.0,13.1041975,Bangalore
2025-02-17 11:00:00+00:00,29.9895,24.0,12.313893,Bangalore
2025-02-17 12:00:00+00:00,28.689499,28.0,9.605998,Bangalore
2025-02-17 13:00:00+00:00,26.7395,34.0,6.5693827,Bangalore
2025-02-17 14:00:00+00:00,24.7895,40.0,6.28713,Bangalore
2025-02-17 15:00:00+00:00,23.5395,44.0,7.172949,Bangalore
2025-02-17 16:00:00+00:00,22.2395,51.0,8.766573,Bangalore
2025-02-17 17:00:00+00:00,21.189499,58.0,8.049845,Bangalore
2025-02-17 18:00:00+00:00,20.7395,62.0,6.9527545,Bangalore
2025-02-17 19:00:00+00:00,19.939499,69.0,5.1544156,Bangalore
2025-02-17 20:00:00+00:00,19.1395,75.0,4.68,Bangalore
2025-02-17 21:00:00+00:00,18.4895,79.0,4.3349743,Bangalore
2025-02-17 22:00:00+00:00,17.939499,82.0,3.9763298,Bangalore
2025-02-17 23:00:00+00:00,17.5395,85.0,3.319036,Bangalore
2025-02-18 00:00:00+00:00,17.189499,84.0,3.4152596,Bangalore
2025-02-18 01:00:00+00:00,16.8395,85.0,3.319036,Bangalore
2025-02-18 02:00:00+00:00,17.0895,84.0,3.2599385,Bangalore
2025-02-18 03:00:00+00:00,19.7395,73.0,3.96,Bangalore
2025-02-18 04:00:00+00:00,23.189499,55.0,6.830519,Bangalore
2025-02-18 05:00:00+00:00,26.2395,35.0,9.793058,Bangalore
2025-02-18 06:00:00+00:00,28.8395,24.0,9.605998,Bangalore
2025-02-18 07:00:00+00:00,30.0895,21.0,10.464798,Bangalore
2025-02-18 08:00:00+00:00,30.7895,21.0,10.853866,Bangalore
2025-02-18 09:00:00+00:00,31.1395,21.0,11.013882,Bangalore
2025-02-18 10:00:00+00:00,31.0895,20.0,10.739833,Bangalore
2025-02-18 11:00:00+00:00,30.5895,20.0,10.308831,Bangalore
2025-02-18 12:00:00+00:00,29.2895,22.0,9.0,Bangalore
2025-02-18 13:00:00+00:00,27.2395,26.0,6.379216,Bangalore
2025-02-18 14:00:00+00:00,25.1395,33.0,6.12,Bangalore
2025-02-18 15:00:00+00:00,23.8895,40.0,7.10031,Bangalore
2025-02-18 16:00:00+00:00,22.7395,46.0,8.707237,Bangalore
2025-02-18 17:00:00+00:00,21.5895,55.0,7.4128532,Bangalore
2025-02-18 18:00:00+00:00,20.9895,62.0,6.151683,Bangalore
2025-02-18 19:00:00+00:00,20.0895,69.0,5.5887027,Bangalore
2025-02-18 20:00:00+00:00,19.3395,75.0,4.73506,Bangalore
2025-02-18 21:00:00+00:00,18.689499,78.0,4.3349743,Bangalore
2025-02-18 22:00:00+00:00,18.2895,81.0,3.6179552,Bangalore
2025-02-18 23:00:00+00:00,17.9895,82.0,3.2599385,Bangalore
2025-02-19 00:00:00+00:00,17.939499,82.0,3.2599385,Bangalore
2025-02-19 01:00:00+00:00,17.7395,82.0,3.2399998,Bangalore
2025-02-19 02:00:00+00:00,18.1395,79.0,2.8799999,Bangalore
2025-02-19 03:00:00+00:00,20.689499,69.0,3.0758414,Bangalore
2025-02-19 04:00:00+00:00,24.1395,52.0,5.692099,Bangalore
2025-02-19 05:00:00+00:00,27.2895,38.0,7.2,Bangalore
2025-02-19 06:00:00+00:00,29.7395,29.0,9.422101,Bangalore
2025-02-19 07:00:00+00:00,30.8895,27.0,9.531505,Bangalore
2025-02-19 08:00:00+00:00,31.6395,26.0,10.028439,Bangalore
2025-02-19 09:00:00+00:00,31.989498,25.0,9.83268,Bangalore
2025-02-19 10:00:00+00:00,31.8895,24.0,9.504273,Bangalore
2025-02-19 11:00:00+00:00,31.3895,25.0,9.360001,Bangalore
2025-02-19 12:00:00+00:00,30.5395,26.0,7.5170207,Bangalore
2025-02-19 13:00:00+00:00,28.8895,32.0,5.04,Bangalore
2025-02-19 14:00:00+00:00,26.9895,38.0,4.5536795,Bangalore
2025-02-19 15:00:00+00:00,25.5895,42.0,5.506941,Bangalore
2025-02-19 16:00:00+00:00,24.2895,47.0,8.12197,Bangalore
2025-02-19 17:00:00+00:00,22.7895,55.0,8.089993,Bangalore
2025-02-19 18:00:00+00:00,22.0895,61.0,7.072878,Bangalore
2025-02-19 19:00:00+00:00,21.3395,68.0,6.638072,Bangalore
2025-02-19 20:00:00+00:00,20.6395,73.0,5.0142193,Bangalore
2025-02-19 21:00:00+00:00,19.8895,80.0,4.510787,Bangalore
2025-02-19 22:00:00+00:00,19.3895,85.0,3.7064266,Bangalore
2025-02-19 23:00:00+00:00,18.9895,89.0,3.6,Bangalore
2025-02-20 00:00:00+00:00,18.7395,87.0,3.5455887,Bangalore
2025-02-20 01:00:00+00:00,18.439499,89.0,3.219938,Bangalore
2025-02-20 02:00:00+00:00,18.7895,89.0,2.7416782,Bangalore
2025-02-20 03:00:00+00:00,21.1395,79.0,4.1046314,Bangalore
2025-02-20 04:00:00+00:00,24.0395,64.0,6.1305785,Bangalore
2025-02-20 05:00:00+00:00,26.7895,46.0,8.78872,Bangalore
2025-02-20 06:00:00+00:00,29.6395,33.0,10.308831,Bangalore
2025-02-20 07:00:00+00:00,31.0895,28.0,10.799999,Bangalore
2025-02-20 08:00:00+00:00,32.0395,24.0,10.661107,Bangalore
2025-02-20 09:00:00+00:00,32.4395,23.0,10.931203,Bangalore
2025-02-20 10:00:00+00:00,32.2895,23.0,10.739833,Bangalore
2025-02-20 11:00:00+00:00,31.7395,23.0,10.495713,Bangalore
2025-02-20 12:00:00+00:00,30.6395,25.0,9.72,Bangalore
2025-02-20 13:00:00+00:00,29.0395,29.0,8.654986,Bangalore
2025-02-20 14:00:00+00:00,27.189499,35.0,8.217153,Bangalore
2025-02-20 15:00:00+00:00,25.689499,41.0,10.931203,Bangalore
2025-02-20 16:00:00+00:00,24.189499,50.0,11.27553,Bangalore
2025-02-20 17:00:00+00:00,22.939499,57.0,9.793058,Bangalore
2025-02-20 18:00:00+00:00,21.8395,59.0,7.5685663,Bangalore
2025-02-20 19:00:00+00:00,21.1395,66.0,6.87779,Bangalore
2025-02-20 20:00:00+00:00,20.4895,72.0,5.506941,Bangalore
2025-02-20 21:00:00+00:00,19.7895,77.0,4.73506,Bangalore
2025-02-20 22:00:00+00:00,19.0895,83.0,4.379589,Bangalore
2025-02-20 23:00:00+00:00,18.5895,87.0,3.9763298,Bangalore
2025-02-21 00:00:00+00:00,18.5395,87.0,3.6179552,Bangalore
2025-02-21 01:00:00+00:00,18.1395,90.0,3.6,Bangalore
2025-02-21 02:00:00+00:00,18.4895,90.0,3.9763298,Bangalore
2025-02-21 03:00:00+00:00,20.7895,80.0,6.830519,Bangalore
2025-02-21 04:00:00+00:00,23.689499,65.0,8.557102,Bangalore
2025-02-21 05:00:00+00:00,26.7895,46.0,9.904906,Bangalore
2025-02-21 06:00:00+00:00,29.2895,33.0,10.8955765,Bangalore
2025-02-21 07:00:00+00:00,30.7895,28.0,11.542478,Bangalore
2025-02-21 08:00:00+00:00,31.7395,25.0,11.27553,Bangalore
2025-02-21 09:00:00+00:00,32.1395,23.0,11.753877,Bangalore
2025-02-21 10:00:00+00:00,31.8895,23.0,11.609651,Bangalore
2025-02-21 11:00:00+00:00,31.2395,23.0,10.948973,Bangalore
2025-02-21 12:00:00+00:00,30.5895,24.0,9.107359,Bangalore
2025-02-21 13:00:00+00:00,29.0895,28.0,7.2359104,Bangalore
2025-02-21 14:00:00+00:00,27.2395,34.0,7.342588,Bangalore
2025-02-21 15:00:00+00:00,25.689499,44.0,10.483357,Bangalore
2025-02-21 16:00:00+00:00,24.2895,55.0,13.202726,Bangalore
2025-02-21 17:00:00+00:00,23.0395,63.0,11.252519,Bangalore
2025-02-21 18:00:00+00:00,22.0395,69.0,9.779817,Bangalore
2025-02-21 19:00:00+00:00,21.2395,74.0,9.0645685,Bangalore
2025-02-21 20:00:00+00:00,20.5395,79.0,7.6367526,Bangalore
2025-02-21 21:00:00+00:00,19.8895,83.0,6.489992,Bangalore
2025-02-21 22:00:00+00:00,19.3895,86.0,5.0528407,Bangalore
2025-02-21 23:00:00+00:00,18.7895,90.0,3.96,Bangalore
2025-02-22 00:00:00+00:00,18.3895,92.0,3.6179552,Bangalore
2025-02-22 01:00:00+00:00,17.9895,94.0,3.6179552,Bangalore
2025-02-22 02:00:00+00:00,18.2395,93.0,3.6179552,Bangalore
2025-02-22 03:00:00+00:00,20.3395,84.0,6.0347,Bangalore
2025-02-22 04:00:00+00:00,23.2895,66.0,7.42159,Bangalore
2025-02-22 05:00:00+00:00,26.4895,46.0,10.182337,Bangalore
2025-02-22 06:00:00+00:00,28.5395,37.0,11.542478,Bangalore
2025-02-22 07:00:00+00:00,30.189499,28.0,12.224107,Bangalore
2025-02-22 08:00:00+00:00,31.0395,26.0,12.24,Bangalore
2025-02-22 09:00:00+00:00,31.2895,26.0,12.096214,Bangalore
2025-02-22 10:00:00+00:00,31.0395,26.0,11.457958,Bangalore
2025-02-22 11:00:00+00:00,30.5395,25.0,11.212135,Bangalore
2025-02-22 12:00:00+00:00,29.8895,26.0,9.931042,Bangalore
2025-02-22 13:00:00+00:00,28.3895,29.0,7.2,Bangalore
2025-02-22 14:00:00+00:00,26.7395,33.0,6.489992,Bangalore
2025-02-22 15:00:00+00:00,25.2895,37.0,5.00128,Bangalore
2025-02-22 16:00:00+00:00,24.0395,41.0,6.489992,Bangalore
2025-02-22 17:00:00+00:00,22.939499,50.0,6.638072,Bangalore
2025-02-22 18:00:00+00:00,21.9895,59.0,5.8603754,Bangalore
2025-02-22 19:00:00+00:00,21.1395,68.0,5.4477882,Bangalore
2025-02-22 20:00:00+00:00,20.439499,76.0,4.802999,Bangalore
2025-02-22 21:00:00+00:00,19.8395,82.0,4.452954,Bangalore
2025-02-22 22:00:00+00:00,19.3395,86.0,4.1046314,Bangalore
2025-02-22 23:00:00+00:00,18.939499,89.0,3.5455887,Bangalore
2025-02-23 00:00:00+00:00,18.7395,89.0,3.319036,Bangalore
2025-02-23 01:00:00+00:00,18.4895,90.0,2.52,Bangalore
2025-02-23 02:00:00+00:00,18.8395,89.0,2.16,Bangalore
2025-02-23 03:00:00+00:00,21.3395,78.0,3.5455887,Bangalore
2025-02-23 04:00:00+00:00,24.439499,58.0,6.12,Bangalore
2025-02-23 05:00:00+00:00,27.439499,39.0,9.422101,Bangalore
2025-02-23 06:00:00+00:00,29.689499,30.0,12.303366,Bangalore
2025-02-23 07:00:00+00:00,30.7895,26.0,14.77755,Bangalore
2025-02-23 08:00:00+00:00,31.3895,22.0,16.055355,Bangalore
2025-02-23 09:00:00+00:00,31.5395,20.0,16.548256,Bangalore
2025-02-23 10:00:00+00:00,31.3395,19.0,16.039202,Bangalore
2025-02-23 11:00:00+00:00,30.5395,19.0,15.281989,Bangalore
2025-02-23 12:00:00+00:00,29.189499,21.0,12.261157,Bangalore
2025-02-23 13:00:00+00:00,27.6395,25.0,8.39657,Bangalore
2025-02-23 14:00:00+00:00,25.6395,31.0,8.39657,Bangalore
2025-02-23 15:00:00+00:00,24.439499,31.0,7.0911775,Bangalore
2025-02-23 16:00:00+00:00,23.2395,35.0,7.2359104,Bangalore
2025-02-23 17:00:00+00:00,22.0895,38.0,7.208994,Bangalore
2025-02-23 18:00:00+00:00,21.1395,42.0,7.6367526,Bangalore
2025-02-23 19:00:00+00:00,20.3895,57.0,6.8399997,Bangalore
2025-02-23 20:00:00+00:00,19.689499,69.0,6.130579,Bangalore
2025-02-23 21:00:00+00:00,19.0395,77.0,5.3999996,Bangalore
2025-02-23 22:00:00+00:00,18.4895,82.0,5.0528407,Bangalore
2025-02-23 23:00:00+00:00,17.9895,83.0,4.6938252,Bangalore
2025-02-24 00:00:00+00:00,17.689499,81.0,4.73506,Bangalore
2025-02-24 01:00:00+00:00,17.3895,80.0,4.73506,Bangalore
2025-02-24 02:00:00+00:00,17.7895,76.0,4.802999,Bangalore
2025-02-24 03:00:00+00:00,20.5395,62.0,6.849467,Bangalore
2025-02-24 04:00:00+00:00,23.7895,47.0,10.446206,Bangalore
2025-02-24 05:00:00+00:00,26.7395,33.0,14.440443,Bangalore
2025-02-24 06:00:00+00:00,28.5895,23.0,17.31746,Bangalore
2025-02-24 07:00:00+00:00,29.5895,21.0,16.904673,Bangalore
2025-02-24 08:00:00+00:00,30.2395,19.0,16.1198,Bangalore
2025-02-24 09:00:00+00:00,30.439499,20.0,15.141414,Bangalore
2025-02-24 10:00:00+00:00,30.2895,20.0,14.494192,Bangalore
2025-02-24 11:00:00+00:00,29.5895,22.0,14.05845,Bangalore
2025-02-24 12:00:00+00:00,28.8395,23.0,10.661107,Bangalore
2025-02-24 13:00:00+00:00,27.0895,29.0,7.9526596,Bangalore
2025-02-24 14:00:00+00:00,25.4895,33.0,5.3999996,Bangalore
2025-02-24 15:00:00+00:00,24.0895,38.0,6.849467,Bangalore
2025-02-24 16:00:00+00:00,22.8895,45.0,6.849467,Bangalore
2025-02-24 17:00:00+00:00,21.7395,53.0,8.647496,Bangalore
2025-02-24 18:00:00+00:00,20.939499,62.0,9.746631,Bangalore
2025-02-24 19:00:00+00:00,20.0395,67.0,8.350138,Bangalore
2025-02-24 20:00:00+00:00,19.189499,71.0,7.6367526,Bangalore
2025-02-24 21:00:00+00:00,18.5395,73.0,6.519877,Bangalore
2025-02-24 22:00:00+00:00,17.8895,75.0,5.4119864,Bangalore
2025-02-24 23:00:00+00:00,17.189499,78.0,4.68,Bangalore
2025-02-25 00:00:00+00:00,16.6395,84.0,4.379589,Bangalore
2025-02-25 01:00:00+00:00,16.189499,83.0,4.379589,Bangalore
2025-02-25 02:00:00+00:00,16.689499,76.0,4.379589,Bangalore
2025-02-25 03:00:00+00:00,19.5395,60.0,6.849467,Bangalore
2025-02-25 04:00:00+00:00,22.939499,44.0,10.105681,Bangalore
2025-02-25 05:00:00+00:00,25.7395,31.0,13.75558,Bangalore
2025-02-25 06:00:00+00:00,27.189499,30.0,12.959999,Bangalore
2025-02-25 07:00:00+00:00,28.3895,28.0,12.964998,Bangalore
2025-02-25 08:00:00+00:00,29.2895,26.0,12.6462,Bangalore
2025-02-25 09:00:00+00:00,29.7395,27.0,12.261158,Bangalore
2025-02-25 10:00:00+00:00,29.689499,28.0,11.885453,Bangalore
2025-02-25 11:00:00+00:00,29.0395,30.0,11.879999,Bangalore
2025-02-25 12:00:00+00:00,28.0395,33.0,9.3669195,Bangalore
2025-02-25 13:00:00+00:00,26.0395,40.0,5.7599998,Bangalore
2025-02-25 14:00:00+00:00,24.189499,48.0,5.4477882,Bangalore
2025-02-25 15:00:00+00:00,22.939499,53.0,7.5685663,Bangalore
2025-02-25 16:00:00+00:00,21.7395,61.0,8.28,Bangalore
2025-02-25 17:00:00+00:00,20.8395,67.0,7.9932976,Bangalore
2025-02-25 18:00:00+00:00,20.5395,70.0,10.440001,Bangalore
2025-02-25 19:00:00+00:00,19.8395,76.0,9.3669195,Bangalore
2025-02-25 20:00:00+00:00,19.189499,77.0,7.9932976,Bangalore
2025-02-25 21:00:00+00:00,18.6395,76.0,7.42159,Bangalore
2025-02-25 22:00:00+00:00,18.1395,75.0,6.489992,Bangalore
2025-02-25 23:00:00+00:00,17.5395,76.0,6.151683,Bangalore
2025-02-26 00:00:00+00:00,17.3395,79.0,6.725354,Bangalore
2025-02-26 01:00:00+00:00,16.9895,77.0,6.379216,Bangalore
2025-02-26 02:00:00+00:00,17.4895,74.0,6.28713,Bangalore
2025-02-26 03:00:00+00:00,19.9895,63.0,8.557102,Bangalore
2025-02-26 04:00:00+00:00,22.9895,51.0,11.659777,Bangalore
2025-02-26 05:00:00+00:00,25.5895,42.0,14.869351,Bangalore
2025-02-26 06:00:00+00:00,27.7395,34.0,15.629972,Bangalore
2025-02-26 07:00:00+00:00,28.939499,31.0,15.39184,Bangalore
2025-02-26 08:00:00+00:00,29.8395,28.0,15.463244,Bangalore
2025-02-26 09:00:00+00:00,30.2395,26.0,15.111424,Bangalore
2025-02-26 10:00:00+00:00,30.0895,26.0,14.685176,Bangalore
2025-02-26 11:00:00+00:00,29.2395,31.0,14.264361,Bangalore
2025-02-26 12:00:00+00:00,27.689499,39.0,10.8955765,Bangalore
2025-02-26 13:00:00+00:00,25.7895,45.0,7.9526596,Bangalore
2025-02-26 14:00:00+00:00,24.0895,54.0,7.2359104,Bangalore
2025-02-26 15:00:00+00:00,22.8895,59.0,6.9899354,Bangalore
2025-02-26 16:00:00+00:00,21.9895,63.0,7.9932976,Bangalore
2025-02-26 17:00:00+00:00,20.939499,68.0,8.707238,Bangalore
2025-02-26 18:00:00+00:00,20.3895,72.0,10.08,Bangalore
2025-02-26 19:00:00+00:00,19.4895,77.0,9.3669195,Bangalore
2025-02-26 20:00:00+00:00,18.6395,84.0,8.4042845,Bangalore
2025-02-26 21:00:00+00:00,17.8895,86.0,7.8625183,Bangalore
2025-02-26 22:00:00+00:00,17.439499,86.0,7.172949,Bangalore
2025-02-26 23:00:00+00:00,16.8895,86.0,6.489992,Bangalore
2025-02-27 00:00:00+00:00,16.5395,85.0,5.815978,Bangalore
2025-02-27 01:00:00+00:00,16.0895,85.0,5.3517847,Bangalore
2025-02-27 02:00:00+00:00,16.5895,81.0,5.2416787,Bangalore
2025-02-27 03:00:00+00:00,19.3395,66.0,7.42159,Bangalore
2025-02-27 04:00:00+00:00,22.5895,51.0,11.090103,Bangalore
2025-02-27 05:00:00+00:00,25.2395,40.0,14.264361,Bangalore
2025-02-27 06:00:00+00:00,27.5895,33.0,15.629972,Bangalore
2025-02-27 07:00:00+00:00,28.7895,29.0,14.917212,Bangalore
2025-02-27 08:00:00+00:00,29.6395,28.0,14.685176,Bangalore
2025-02-27 09:00:00+00:00,29.9895,27.0,14.05845,Bangalore
2025-02-27 10:00:00+00:00,29.8895,27.0,13.358861,Bangalore
2025-02-27 11:00:00+00:00,29.2895,29.0,13.009903,Bangalore
2025-02-27 12:00:00+00:00,27.9895,32.0,11.570515,Bangalore
2025-02-27 13:00:00+00:00,26.0895,41.0,8.647496,Bangalore
2025-02-27 14:00:00+00:00,24.2895,49.0,6.4799995,Bangalore
2025-02-27 15:00:00+00:00,23.189499,52.0,6.12,Bangalore
2025-02-27 16:00:00+00:00,22.189499,58.0,6.12,Bangalore
2025-02-27 17:00:00+00:00,21.189499,64.0,6.162207,Bangalore
2025-02-27 18:00:00+00:00,21.0395,67.0,7.928178,Bangalore
2025-02-27 19:00:00+00:00,19.8895,76.0,8.311245,Bangalore
2025-02-27 20:00:00+00:00,18.939499,85.0,7.2805495,Bangalore
2025-02-27 21:00:00+00:00,18.2895,88.0,5.6920996,Bangalore
2025-02-27 22:00:00+00:00,17.5395,90.0,4.452954,Bangalore
2025-02-27 23:00:00+00:00,17.0395,90.0,3.8773184,Bangalore
2025-02-28 00:00:00+00:00,16.8895,88.0,3.5455887,Bangalore
2025-02-28 01:00:00+00:00,16.5395,86.0,3.396233,Bangalore
2025-02-28 02:00:00+00:00,16.9895,82.0,3.6,Bangalore
2025-02-28 03:00:00+00:00,19.6395,68.0,5.315336,Bangalore
2025-02-28 04:00:00+00:00,22.689499,51.0,9.904906,Bangalore
2025-02-28 05:00:00+00:00,25.2395,40.0,11.966954,Bangalore
2025-02-28 06:00:00+00:00,27.2395,38.0,11.367109,Bangalore
2025-02-28 07:00:00+00:00,28.5895,34.0,11.720751,Bangalore
2025-02-28 08:00:00+00:00,29.439499,32.0,11.367109,Bangalore
2025-02-28 09:00:00+00:00,29.7895,31.0,11.659777,Bangalore
2025-02-28 10:00:00+00:00,29.6395,31.0,11.609651,Bangalore
2025-02-28 11:00:00+00:00,29.0895,33.0,11.570515,Bangalore
2025-02-28 12:00:00+00:00,28.439499,34.0,10.08,Bangalore
2025-02-28 13:00:00+00:00,26.6395,39.0,7.2,Bangalore
2025-02-28 14:00:00+00:00,24.7395,47.0,5.771239,Bangalore
2025-02-28 15:00:00+00:00,23.439499,53.0,6.162207,Bangalore
2025-02-28 16:00:00+00:00,22.4895,58.0,7.208994,Bangalore
2025-02-28 17:00:00+00:00,21.6395,64.0,8.287822,Bangalore
2025-02-28 18:00:00+00:00,20.8895,74.0,9.726665,Bangalore
2025-02-28 19:00:00+00:00,20.0895,83.0,9.779817,Bangalore
2025-02-28 20:00:00+00:00,19.2895,89.0,8.4042845,Bangalore
2025-02-28 21:00:00+00:00,18.689499,94.0,7.42159,Bangalore
2025-02-28 22:00:00+00:00,18.2395,95.0,6.5693827,Bangalore
2025-02-28 23:00:00+00:00,17.7395,95.0,6.4799995,Bangalore
2025-03-01 00:00:00+00:00,18.3395,95.0,7.2359104,Bangalore
2025-03-01 01:00:00+00:00,18.1395,96.0,7.208994,Bangalore
2025-03-01 02:00:00+00:00,18.8895,93.0,7.928178,Bangalore
2025-03-01 03:00:00+00:00,20.7895,81.0,11.177405,Bangalore
2025-03-01 04:00:00+00:00,22.8895,72.0,11.503113,Bangalore
2025-03-01 05:00:00+00:00,24.8895,63.0,11.770403,Bangalore
2025-03-01 06:00:00+00:00,27.1395,54.0,9.346143,Bangalore
2025-03-01 07:00:00+00:00,28.6395,47.0,9.885262,Bangalore
2025-03-01 08:00:00+00:00,29.189499,44.0,10.1376915,Bangalore
2025-03-01 09:00:00+00:00,29.439499,43.0,9.726665,Bangalore
2025-03-01 10:00:00+00:00,29.3895,43.0,9.605998,Bangalore
2025-03-01 11:00:00+00:00,29.0895,42.0,9.83268,Bangalore
2025-03-01 12:00:00+00:00,27.9895,46.0,7.628263,Bangalore
2025-03-01 13:00:00+00:00,26.4895,53.0,5.315336,Bangalore
2025-03-01 14:00:00+00:00,24.8395,62.0,4.198285,Bangalore
2025-03-01 15:00:00+00:00,23.9895,66.0,4.0249224,Bangalore
2025-03-01 16:00:00+00:00,23.2895,70.0,4.379589,Bangalore
2025-03-01 17:00:00+00:00,22.7395,72.0,4.6938252,Bangalore
2025-03-01 18:00:00+00:00,22.5895,74.0,5.4477882,Bangalore
2025-03-01 19:00:00+00:00,21.939499,81.0,6.924738,Bangalore
2025-03-01 20:00:00+00:00,20.9895,91.0,6.924738,Bangalore
2025-03-01 21:00:00+00:00,20.4895,97.0,6.849467,Bangalore
2025-03-01 22:00:00+00:00,20.4895,97.0,7.5599995,Bangalore
2025-03-01 23:00:00+00:00,20.3395,95.0,7.928178,Bangalore
2025-03-02 00:00:00+00:00,20.3395,92.0,9.0645685,Bangalore
2025-03-02 01:00:00+00:00,20.1395,91.0,9.028754,Bangalore
2025-03-02 02:00:00+00:00,20.2895,89.0,9.746631,Bangalore
2025-03-02 03:00:00+00:00,21.1395,83.0,10.661107,Bangalore
2025-03-02 04:00:00+00:00,22.689499,75.0,10.137692,Bangalore
2025-03-02 05:00:00+00:00,24.6395,67.0,9.028754,Bangalore
2025-03-02 06:00:00+00:00,26.6395,61.0,6.2145634,Bangalore
2025-03-02 07:00:00+00:00,28.1395,49.0,6.162207,Bangalore
2025-03-02 08:00:00+00:00,29.189499,42.0,6.151683,Bangalore
2025-03-02 09:00:00+00:00,29.7395,38.0,5.95906,Bangalore
2025-03-02 10:00:00+00:00,29.7895,38.0,6.6087217,Bangalore
2025-03-02 11:00:00+00:00,29.3395,39.0,6.989936,Bangalore
2025-03-02 12:00:00+00:00,28.939499,39.0,6.489992,Bangalore
2025-03-02 13:00:00+00:00,27.4895,44.0,4.6938257,Bangalore
2025-03-02 14:00:00+00:00,26.0395,52.0,3.7064266,Bangalore
2025-03-02 15:00:00+00:00,25.0395,56.0,3.396233,Bangalore
2025-03-02 16:00:00+00:00,24.3395,59.0,2.8116899,Bangalore
2025-03-02 17:00:00+00:00,23.939499,61.0,2.6208394,Bangalore
2025-03-02 18:00:00+00:00,23.0395,67.0,3.319036,Bangalore
2025-03-02 19:00:00+00:00,22.2895,70.0,4.32,Bangalore
2025-03-02 20:00:00+00:00,21.4895,74.0,4.802999,Bangalore
2025-03-02 21:00:00+00:00,20.8895,79.0,4.896529,Bangalore
2025-03-02 22:00:00+00:00,20.3395,85.0,4.452954,Bangalore
2025-03-02 23:00:00+00:00,19.8895,90.0,3.671294,Bangalore
2025-03-03 00:00:00+00:00,19.7895,91.0,3.9763298,Bangalore
2025-03-03 01:00:00+00:00,19.439499,94.0,3.2599385,Bangalore
2025-03-03 02:00:00+00:00,19.689499,95.0,2.9024127,Bangalore
2025-03-03 03:00:00+00:00,21.5895,88.0,4.452954,Bangalore
2025-03-03 04:00:00+00:00,24.2395,75.0,4.6938257,Bangalore
2025-03-03 05:00:00+00:00,27.0395,57.0,2.9024127,Bangalore
2025-03-03 06:00:00+00:00,29.6395,39.0,9.021574,Bangalore
2025-03-03 07:00:00+00:00,30.7895,36.0,13.584932,Bangalore
2025-03-03 08:00:00+00:00,31.5395,32.0,15.696165,Bangalore
2025-03-03 09:00:00+00:00,31.7395,30.0,16.595179,Bangalore
2025-03-03 10:00:00+00:00,31.3895,29.0,15.782622,Bangalore
2025-03-03 11:00:00+00:00,30.6395,31.0,14.512064,Bangalore
2025-03-03 12:00:00+00:00,29.8395,30.0,11.246759,Bangalore
2025-03-03 13:00:00+00:00,28.3395,34.0,7.491114,Bangalore
2025-03-03 14:00:00+00:00,26.439499,38.0,5.634891,Bangalore
2025-03-03 15:00:00+00:00,24.939499,41.0,4.802999,Bangalore
2025-03-03 16:00:00+00:00,23.9895,45.0,4.452954,Bangalore
2025-03-03 17:00:00+00:00,22.7895,49.0,6.87779,Bangalore
2025-03-03 18:00:00+00:00,22.1395,56.0,6.162207,Bangalore
2025-03-03 19:00:00+00:00,21.4895,64.0,5.0528407,Bangalore
2025-03-03 20:00:00+00:00,21.1395,69.0,4.379589,Bangalore
2025-03-03 21:00:00+00:00,20.689499,72.0,4.32,Bangalore
2025-03-03 22:00:00+00:00,20.3395,74.0,3.9763298,Bangalore
2025-03-03 23:00:00+00:00,20.0895,74.0,3.6179552,Bangalore
2025-03-04 00:00:00+00:00,19.9895,77.0,3.2599385,Bangalore
2025-03-04 01:00:00+00:00,19.8395,77.0,3.319036,Bangalore
2025-03-04 02:00:00+00:00,20.2395,76.0,3.319036,Bangalore
2025-03-04 03:00:00+00:00,22.7895,65.0,3.9763298,Bangalore
2025-03-04 04:00:00+00:00,26.1395,48.0,7.208994,Bangalore
2025-03-04 05:00:00+00:00,28.8395,31.0,12.287555,Bangalore
2025-03-04 06:00:00+00:00,30.4895,27.0,15.937878,Bangalore
2025-03-04 07:00:00+00:00,31.2895,24.0,17.87718,Bangalore
2025-03-04 08:00:00+00:00,31.4895,26.0,17.399586,Bangalore
2025-03-04 09:00:00+00:00,31.8895,25.0,15.978484,Bangalore
2025-03-04 10:00:00+00:00,31.8395,26.0,14.587776,Bangalore
2025-03-04 11:00:00+00:00,31.2395,27.0,13.138765,Bangalore
2025-03-04 12:00:00+00:00,30.439499,27.0,12.324414,Bangalore
2025-03-04 13:00:00+00:00,28.8895,32.0,8.28,Bangalore
2025-03-04 14:00:00+00:00,27.189499,39.0,5.506941,Bangalore
2025-03-04 15:00:00+00:00,25.939499,43.0,7.5170207,Bangalore
2025-03-04 16:00:00+00:00,24.439499,47.0,7.628263,Bangalore
2025-03-04 17:00:00+00:00,23.439499,52.0,6.9527545,Bangalore
2025-03-04 18:00:00+00:00,22.4895,55.0,5.4119864,Bangalore
2025-03-04 19:00:00+00:00,21.5395,59.0,5.0528407,Bangalore
2025-03-04 20:00:00+00:00,20.8895,62.0,4.452954,Bangalore
2025-03-04 21:00:00+00:00,20.5395,64.0,3.8773184,Bangalore
2025-03-04 22:00:00+00:00,20.3395,65.0,3.2599385,Bangalore
2025-03-04 23:00:00+00:00,20.2895,65.0,2.9024127,Bangalore
2025-03-05 00:00:00+00:00,19.8395,67.0,3.2399998,Bangalore
2025-03-05 01:00:00+00:00,19.7895,66.0,3.2399998,Bangalore
2025-03-05 02:00:00+00:00,20.2395,65.0,2.8799999,Bangalore
2025-03-05 03:00:00+00:00,22.939499,56.0,3.0758414,Bangalore
2025-03-05 04:00:00+00:00,26.2895,40.0,6.638072,Bangalore
2025-03-05 05:00:00+00:00,28.9895,29.0,11.019764,Bangalore
2025-03-05 06:00:00+00:00,30.5395,28.0,10.137692,Bangalore
2025-03-05 07:00:00+00:00,31.5395,27.0,10.440001,Bangalore
2025-03-05 08:00:00+00:00,32.0895,26.0,10.966713,Bangalore
2025-03-05 09:00:00+00:00,32.3395,25.0,11.923557,Bangalore
2025-03-05 10:00:00+00:00,32.1395,25.0,11.119281,Bangalore
2025-03-05 11:00:00+00:00,31.5895,26.0,10.00256,Bangalore
2025-03-05 12:00:00+00:00,30.8395,26.0,7.968939,Bangalore
2025-03-05 13:00:00+00:00,29.3395,31.0,4.3349743,Bangalore
2025-03-05 14:00:00+00:00,27.7895,37.0,3.319036,Bangalore
2025-03-05 15:00:00+00:00,26.5395,40.0,3.4152596,Bangalore
2025-03-05 16:00:00+00:00,25.3895,42.0,4.379589,Bangalore
2025-03-05 17:00:00+00:00,24.3895,45.0,5.634891,Bangalore
2025-03-05 18:00:00+00:00,23.4895,50.0,4.829907,Bangalore
2025-03-05 19:00:00+00:00,22.5895,56.0,4.5536795,Bangalore
2025-03-05 20:00:00+00:00,22.0895,60.0,4.73506,Bangalore
2025-03-05 21:00:00+00:00,21.9895,61.0,5.3999996,Bangalore
2025-03-05 22:00:00+00:00,21.8895,61.0,4.3349743,Bangalore
2025-03-05 23:00:00+00:00,21.8895,64.0,1.0182338,Bangalore
2025-03-06 00:00:00+00:00,22.0895,60.0,2.0991426,Bangalore
2025-03-06 01:00:00+00:00,21.8395,59.0,3.0758414,Bangalore
2025-03-06 02:00:00+00:00,21.9895,59.0,3.5455887,Bangalore
2025-03-06 03:00:00+00:00,23.9895,53.0,4.6938252,Bangalore
2025-03-06 04:00:00+00:00,25.8895,55.0,5.634891,Bangalore
2025-03-06 05:00:00+00:00,28.0895,50.0,6.9153743,Bangalore
2025-03-06 06:00:00+00:00,29.939499,39.0,0.71999997,Bangalore
2025-03-06 07:00:00+00:00,31.2895,31.0,6.489992,Bangalore
2025-03-06 08:00:00+00:00,31.7895,28.0,8.669949,Bangalore
2025-03-06 09:00:00+00:00,32.2395,27.0,8.913181,Bangalore
2025-03-06 10:00:00+00:00,32.2895,26.0,8.714677,Bangalore
2025-03-06 11:00:00+00:00,32.0895,25.0,9.290511,Bangalore
2025-03-06 12:00:00+00:00,31.189499,27.0,8.217153,Bangalore
2025-03-06 13:00:00+00:00,29.5895,30.0,5.692099,Bangalore
2025-03-06 14:00:00+00:00,27.4895,38.0,4.8433046,Bangalore
2025-03-06 15:00:00+00:00,25.9895,42.0,4.6938257,Bangalore
2025-03-06 16:00:00+00:00,24.8895,45.0,4.510787,Bangalore
2025-03-06 17:00:00+00:00,23.8895,48.0,4.39436,Bangalore
2025-03-06 18:00:00+00:00,23.0895,48.0,4.3349743,Bangalore
2025-03-06 19:00:00+00:00,22.2895,48.0,4.3498964,Bangalore
2025-03-06 20:00:00+00:00,21.2395,51.0,4.6938252,Bangalore
2025-03-06 21:00:00+00:00,20.3395,56.0,4.379589,Bangalore
2025-03-06 22:00:00+00:00,19.7895,60.0,4.2136917,Bangalore
2025-03-06 23:00:00+00:00,19.3895,65.0,4.0249224,Bangalore
2025-03-07 00:00:00+00:00,18.9895,67.0,3.8939953,Bangalore
2025-03-07 01:00:00+00:00,18.6395,70.0,3.219938,Bangalore
2025-03-07 02:00:00+00:00,19.1395,69.0,2.968636,Bangalore
2025-03-07 03:00:00+00:00,21.939499,61.0,3.5455887,Bangalore
2025-03-07 04:00:00+00:00,24.939499,53.0,6.1094027,Bangalore
2025-03-07 05:00:00+00:00,27.6395,41.0,6.1094027,Bangalore
2025-03-07 06:00:00+00:00,29.939499,28.0,3.319036,Bangalore
2025-03-07 07:00:00+00:00,31.2395,22.0,5.5887027,Bangalore
2025-03-07 08:00:00+00:00,32.1895,19.0,7.771331,Bangalore
2025-03-07 09:00:00+00:00,32.5895,18.0,8.12197,Bangalore
2025-03-07 10:00:00+00:00,32.5895,18.0,8.209263,Bangalore
2025-03-07 11:00:00+00:00,32.1395,18.0,8.089993,Bangalore
2025-03-07 12:00:00+00:00,31.2395,18.0,7.4128532,Bangalore
2025-03-07 13:00:00+00:00,29.2395,23.0,4.8433046,Bangalore
2025-03-07 14:00:00+00:00,26.7895,29.0,4.6102495,Bangalore
2025-03-07 15:00:00+00:00,25.0895,33.0,4.8433046,Bangalore
2025-03-07 16:00:00+00:00,23.8395,35.0,4.6102495,Bangalore
2025-03-07 17:00:00+00:00,22.8395,36.0,4.3349743,Bangalore
2025-03-07 18:00:00+00:00,21.7395,37.0,5.0528407,Bangalore
2025-03-07 19:00:00+00:00,20.7395,44.0,6.489992,Bangalore
2025-03-07 20:00:00+00:00,19.4895,56.0,5.4119864,Bangalore
2025-03-07 21:00:00+00:00,18.7395,64.0,5.0528407,Bangalore
2025-03-07 22:00:00+00:00,18.2895,67.0,4.6102495,Bangalore
2025-03-07 23:00:00+00:00,18.1395,69.0,4.072935,Bangalore
2025-02-04 00:00:00+00:00,17.682499,76.0,2.5959969,Hyderabad
2025-02-04 01:00:00+00:00,17.5325,75.0,2.5959969,Hyderabad
2025-02-04 02:00:00+00:00,17.9825,73.0,2.6208394,Hyderabad
2025-02-04 03:00:00+00:00,20.9825,61.0,1.9386592,Hyderabad
2025-02-04 04:00:00+00:00,25.5325,46.0,2.8116899,Hyderabad
2025-02-04 05:00:00+00:00,29.182499,36.0,4.73506,Hyderabad
2025-02-04 06:00:00+00:00,31.7825,28.0,7.5685663,Hyderabad
2025-02-04 07:00:00+00:00,32.8825,26.0,7.928177,Hyderabad
2025-02-04 08:00:00+00:00,33.482502,25.0,7.653705,Hyderabad
2025-02-04 09:00:00+00:00,33.682503,26.0,7.42159,Hyderabad
2025-02-04 10:00:00+00:00,33.2825,27.0,7.145796,Hyderabad
2025-02-04 11:00:00+00:00,32.6325,29.0,7.127636,Hyderabad
2025-02-04 12:00:00+00:00,32.1325,30.0,5.6002855,Hyderabad
2025-02-04 13:00:00+00:00,30.182499,36.0,5.00128,Hyderabad
2025-02-04 14:00:00+00:00,28.3825,42.0,5.815978,Hyderabad
2025-02-04 15:00:00+00:00,26.9825,48.0,6.439876,Hyderabad
2025-02-04 16:00:00+00:00,25.7325,52.0,5.634891,Hyderabad
2025-02-04 17:00:00+00:00,24.5325,56.0,4.198285,Hyderabad
2025-02-04 18:00:00+00:00,23.9825,60.0,2.4149535,Hyderabad
2025-02-04 19:00:00+00:00,23.432499,61.0,1.9386592,Hyderabad
2025-02-04 20:00:00+00:00,22.932499,63.0,2.0991426,Hyderabad
2025-02-04 21:00:00+00:00,22.3825,65.0,1.9386592,Hyderabad
2025-02-04 22:00:00+00:00,21.8825,67.0,1.5273507,Hyderabad
2025-02-04 23:00:00+00:00,21.4825,68.0,1.5273507,Hyderabad
2025-02-05 00:00:00+00:00,20.4825,72.0,1.8,Hyderabad
2025-02-05 01:00:00+00:00,20.2325,72.0,2.0991426,Hyderabad
2025-02-05 02:00:00+00:00,20.5325,70.0,2.6208394,Hyderabad
2025-02-05 03:00:00+00:00,23.182499,61.0,1.9386592,Hyderabad
2025-02-05 04:00:00+00:00,26.7825,47.0,4.3349743,Hyderabad
2025-02-05 05:00:00+00:00,29.582499,38.0,4.896529,Hyderabad
2025-02-05 06:00:00+00:00,31.7325,29.0,4.379589,Hyderabad
2025-02-05 07:00:00+00:00,32.932503,27.0,3.4152596,Hyderabad
2025-02-05 08:00:00+00:00,33.5825,25.0,2.4149535,Hyderabad
2025-02-05 09:00:00+00:00,33.732502,24.0,2.6208394,Hyderabad
2025-02-05 10:00:00+00:00,33.682503,24.0,3.9763298,Hyderabad
2025-02-05 11:00:00+00:00,33.3325,24.0,5.771239,Hyderabad
2025-02-05 12:00:00+00:00,32.8325,25.0,5.04,Hyderabad
2025-02-05 13:00:00+00:00,30.7325,29.0,5.4119864,Hyderabad
2025-02-05 14:00:00+00:00,28.9825,32.0,6.87779,Hyderabad
2025-02-05 15:00:00+00:00,27.682499,36.0,6.9527545,Hyderabad
2025-02-05 16:00:00+00:00,26.5325,39.0,6.792466,Hyderabad
2025-02-05 17:00:00+00:00,25.432499,42.0,4.8965297,Hyderabad
2025-02-05 18:00:00+00:00,24.182499,51.0,3.4152596,Hyderabad
2025-02-05 19:00:00+00:00,23.7325,55.0,2.52,Hyderabad
2025-02-05 20:00:00+00:00,23.2825,58.0,0.8049845,Hyderabad
2025-02-05 21:00:00+00:00,22.7825,61.0,1.08,Hyderabad
2025-02-05 22:00:00+00:00,22.2325,63.0,1.609969,Hyderabad
2025-02-05 23:00:00+00:00,21.682499,66.0,2.3051248,Hyderabad
2025-02-06 00:00:00+00:00,20.332499,74.0,1.8,Hyderabad
2025-02-06 01:00:00+00:00,19.8825,74.0,2.0364676,Hyderabad
2025-02-06 02:00:00+00:00,20.0325,73.0,2.3051248,Hyderabad
2025-02-06 03:00:00+00:00,23.1325,61.0,1.8,Hyderabad
2025-02-06 04:00:00+00:00,26.7825,46.0,5.3517847,Hyderabad
2025-02-06 05:00:00+00:00,29.582499,39.0,8.78872,Hyderabad
2025-02-06 06:00:00+00:00,31.6325,32.0,8.39657,Hyderabad
2025-02-06 07:00:00+00:00,32.732502,28.0,8.435069,Hyderabad
2025-02-06 08:00:00+00:00,33.1325,27.0,8.699793,Hyderabad
2025-02-06 09:00:00+00:00,33.3325,26.0,8.905908,Hyderabad
2025-02-06 10:00:00+00:00,32.932503,27.0,9.114471,Hyderabad
2025-02-06 11:00:00+00:00,32.2825,28.0,9.779817,Hyderabad
2025-02-06 12:00:00+00:00,31.182499,32.0,8.759178,Hyderabad
2025-02-06 13:00:00+00:00,29.0325,38.0,7.208994,Hyderabad
2025-02-06 14:00:00+00:00,27.332499,44.0,6.924738,Hyderabad
2025-02-06 15:00:00+00:00,26.082499,48.0,6.489992,Hyderabad
2025-02-06 16:00:00+00:00,25.0325,53.0,5.315336,Hyderabad
2025-02-06 17:00:00+00:00,24.0325,59.0,4.2136917,Hyderabad
2025-02-06 18:00:00+00:00,23.6325,61.0,3.8773184,Hyderabad
2025-02-06 19:00:00+00:00,23.182499,63.0,2.968636,Hyderabad
2025-02-06 20:00:00+00:00,23.0325,65.0,2.0364676,Hyderabad
2025-02-06 21:00:00+00:00,22.832499,65.0,1.835647,Hyderabad
2025-02-06 22:00:00+00:00,22.6325,66.0,1.835647,Hyderabad
2025-02-06 23:00:00+00:00,22.432499,66.0,0.71999997,Hyderabad
2025-02-07 00:00:00+00:00,21.9825,69.0,1.08,Hyderabad
2025-02-07 01:00:00+00:00,21.5325,71.0,0.5091169,Hyderabad
2025-02-07 02:00:00+00:00,21.4825,72.0,1.2979984,Hyderabad
2025-02-07 03:00:00+00:00,24.0325,63.0,1.8,Hyderabad
2025-02-07 04:00:00+00:00,26.7825,53.0,4.6102495,Hyderabad
2025-02-07 05:00:00+00:00,28.832499,45.0,4.2136917,Hyderabad
2025-02-07 06:00:00+00:00,30.7325,40.0,4.452954,Hyderabad
2025-02-07 07:00:00+00:00,31.5325,36.0,5.0911684,Hyderabad
2025-02-07 08:00:00+00:00,32.0825,34.0,5.0911684,Hyderabad
2025-02-07 09:00:00+00:00,32.2825,32.0,4.3349743,Hyderabad
2025-02-07 10:00:00+00:00,32.2825,31.0,3.319036,Hyderabad
2025-02-07 11:00:00+00:00,32.0325,32.0,4.39436,Hyderabad
2025-02-07 12:00:00+00:00,31.1325,35.0,5.634891,Hyderabad
2025-02-07 13:00:00+00:00,28.8825,44.0,4.6800003,Hyderabad
2025-02-07 14:00:00+00:00,27.2825,51.0,4.73506,Hyderabad
2025-02-07 15:00:00+00:00,26.2325,55.0,5.1544156,Hyderabad
2025-02-07 16:00:00+00:00,25.432499,58.0,4.896529,Hyderabad
2025-02-07 17:00:00+00:00,24.682499,62.0,3.5455887,Hyderabad
2025-02-07 18:00:00+00:00,24.5325,63.0,3.319036,Hyderabad
2025-02-07 19:00:00+00:00,24.2825,64.0,2.3051248,Hyderabad
2025-02-07 20:00:00+00:00,24.2825,65.0,1.835647,Hyderabad
2025-02-07 21:00:00+00:00,24.0325,65.0,2.0991426,Hyderabad
2025-02-07 22:00:00+00:00,23.7325,65.0,1.8,Hyderabad
2025-02-07 23:00:00+00:00,23.432499,65.0,1.1384199,Hyderabad
2025-02-08 00:00:00+00:00,23.0325,67.0,1.2979984,Hyderabad
2025-02-08 01:00:00+00:00,22.8825,67.0,3.563818,Hyderabad
2025-02-08 02:00:00+00:00,23.0325,67.0,3.7064266,Hyderabad
2025-02-08 03:00:00+00:00,24.7825,62.0,3.319036,Hyderabad
2025-02-08 04:00:00+00:00,27.2325,53.0,7.2805495,Hyderabad
2025-02-08 05:00:00+00:00,29.0325,48.0,8.311245,Hyderabad
2025-02-08 06:00:00+00:00,30.8825,41.0,5.4119864,Hyderabad
2025-02-08 07:00:00+00:00,31.7325,37.0,6.2145634,Hyderabad
2025-02-08 08:00:00+00:00,32.5825,33.0,6.439876,Hyderabad
2025-02-08 09:00:00+00:00,32.8825,30.0,7.127636,Hyderabad
2025-02-08 10:00:00+00:00,32.7825,29.0,7.386582,Hyderabad
2025-02-08 11:00:00+00:00,32.232502,30.0,7.127636,Hyderabad
2025-02-08 12:00:00+00:00,31.182499,34.0,7.729527,Hyderabad
2025-02-08 13:00:00+00:00,29.0325,43.0,5.506941,Hyderabad
2025-02-08 14:00:00+00:00,27.332499,50.0,5.3999996,Hyderabad
2025-02-08 15:00:00+00:00,26.082499,55.0,5.506941,Hyderabad
2025-02-08 16:00:00+00:00,24.932499,61.0,4.73506,Hyderabad
2025-02-08 17:00:00+00:00,23.932499,66.0,3.96,Hyderabad
2025-02-08 18:00:00+00:00,23.682499,66.0,3.6,Hyderabad
2025-02-08 19:00:00+00:00,23.332499,67.0,2.8799999,Hyderabad
2025-02-08 20:00:00+00:00,23.2325,65.0,2.5455842,Hyderabad
2025-02-08 21:00:00+00:00,22.832499,64.0,2.2768397,Hyderabad
2025-02-08 22:00:00+00:00,22.682499,62.0,2.5455842,Hyderabad
2025-02-08 23:00:00+00:00,22.332499,60.0,3.9763298,Hyderabad
2025-02-09 00:00:00+00:00,21.082499,67.0,4.802999,Hyderabad
2025-02-09 01:00:00+00:00,20.7825,66.0,4.68,Hyderabad
2025-02-09 02:00:00+00:00,20.8825,66.0,4.452954,Hyderabad
2025-02-09 03:00:00+00:00,23.182499,60.0,4.1046314,Hyderabad
2025-02-09 04:00:00+00:00,25.9825,54.0,6.87779,Hyderabad
2025-02-09 05:00:00+00:00,28.432499,45.0,9.779817,Hyderabad
2025-02-09 06:00:00+00:00,30.5325,36.0,10.137692,Hyderabad
2025-02-09 07:00:00+00:00,31.5325,33.0,10.739833,Hyderabad
2025-02-09 08:00:00+00:00,32.1325,32.0,10.308831,Hyderabad
2025-02-09 09:00:00+00:00,32.232502,32.0,9.6932955,Hyderabad
2025-02-09 10:00:00+00:00,31.8825,34.0,8.766573,Hyderabad
2025-02-09 11:00:00+00:00,31.182499,36.0,8.225035,Hyderabad
2025-02-09 12:00:00+00:00,30.3825,39.0,7.342588,Hyderabad
2025-02-09 13:00:00+00:00,28.432499,47.0,5.4119864,Hyderabad
2025-02-09 14:00:00+00:00,26.8825,54.0,5.2416787,Hyderabad
2025-02-09 15:00:00+00:00,25.7325,60.0,5.815978,Hyderabad
2025-02-09 16:00:00+00:00,25.0325,64.0,5.95906,Hyderabad
2025-02-09 17:00:00+00:00,24.3825,67.0,5.154415,Hyderabad
2025-02-09 18:00:00+00:00,23.4825,71.0,4.198285,Hyderabad
2025-02-09 19:00:00+00:00,22.932499,74.0,3.8268526,Hyderabad
2025-02-09 20:00:00+00:00,22.432499,75.0,3.219938,Hyderabad
2025-02-09 21:00:00+00:00,22.0325,76.0,3.219938,Hyderabad
2025-02-09 22:00:00+00:00,21.3825,78.0,3.5455887,Hyderabad
2025-02-09 23:00:00+00:00,20.832499,81.0,2.6208394,Hyderabad
2025-02-10 00:00:00+00:00,20.5325,84.0,2.1897945,Hyderabad
2025-02-10 01:00:00+00:00,20.2825,86.0,2.0991426,Hyderabad
2025-02-10 02:00:00+00:00,20.332499,86.0,2.0364676,Hyderabad
2025-02-10 03:00:00+00:00,22.582499,77.0,2.0991426,Hyderabad
2025-02-10 04:00:00+00:00,25.432499,65.0,5.6233797,Hyderabad
2025-02-10 05:00:00+00:00,27.832499,55.0,7.145796,Hyderabad
2025-02-10 06:00:00+00:00,30.182499,44.0,5.991594,Hyderabad
2025-02-10 07:00:00+00:00,31.432499,37.0,6.379216,Hyderabad
2025-02-10 08:00:00+00:00,32.3825,32.0,6.8399997,Hyderabad
2025-02-10 09:00:00+00:00,32.432503,31.0,7.289444,Hyderabad
2025-02-10 10:00:00+00:00,32.0825,31.0,7.5685663,Hyderabad
2025-02-10 11:00:00+00:00,31.6325,32.0,7.289444,Hyderabad
2025-02-10 12:00:00+00:00,30.7325,36.0,6.2145634,Hyderabad
2025-02-10 13:00:00+00:00,28.682499,44.0,5.8603754,Hyderabad
2025-02-10 14:00:00+00:00,27.0325,50.0,6.439876,Hyderabad
2025-02-10 15:00:00+00:00,25.832499,53.0,6.1305785,Hyderabad
2025-02-10 16:00:00+00:00,24.7325,57.0,4.5820518,Hyderabad
2025-02-10 17:00:00+00:00,23.7325,61.0,3.8268526,Hyderabad
2025-02-10 18:00:00+00:00,23.332499,63.0,3.096837,Hyderabad
2025-02-10 19:00:00+00:00,23.0325,64.0,2.3051248,Hyderabad
2025-02-10 20:00:00+00:00,22.682499,66.0,2.1897945,Hyderabad
2025-02-10 21:00:00+00:00,22.2825,67.0,2.2768397,Hyderabad
2025-02-10 22:00:00+00:00,21.8825,69.0,1.484318,Hyderabad
2025-02-10 23:00:00+00:00,21.432499,72.0,1.4399999,Hyderabad
2025-02-11 00:00:00+00:00,21.332499,76.0,2.1897945,Hyderabad
2025-02-11 01:00:00+00:00,21.182499,77.0,2.1897945,Hyderabad
2025-02-11 02:00:00+00:00,21.432499,77.0,1.484318,Hyderabad
2025-02-11 03:00:00+00:00,23.3825,69.0,1.835647,Hyderabad
2025-02-11 04:00:00+00:00,26.1325,57.0,4.2136917,Hyderabad
2025-02-11 05:00:00+00:00,28.5325,46.0,6.439876,Hyderabad
2025-02-11 06:00:00+00:00,31.2325,38.0,4.198285,Hyderabad
2025-02-11 07:00:00+00:00,32.3825,33.0,3.396233,Hyderabad
2025-02-11 08:00:00+00:00,33.0825,30.0,2.52,Hyderabad
2025-02-11 09:00:00+00:00,33.3325,29.0,2.0364676,Hyderabad
2025-02-11 10:00:00+00:00,33.2825,28.0,2.5959969,Hyderabad
2025-02-11 11:00:00+00:00,32.932503,29.0,3.8268526,Hyderabad
2025-02-11 12:00:00+00:00,32.432503,31.0,3.4152596,Hyderabad
2025-02-11 13:00:00+00:00,29.832499,43.0,5.3999996,Hyderabad
2025-02-11 14:00:00+00:00,27.832499,51.0,6.924738,Hyderabad
2025-02-11 15:00:00+00:00,26.832499,53.0,4.8965297,Hyderabad
2025-02-11 16:00:00+00:00,25.682499,57.0,3.8268526,Hyderabad
2025-02-11 17:00:00+00:00,24.7825,60.0,3.319036,Hyderabad
2025-02-11 18:00:00+00:00,24.3825,61.0,3.219938,Hyderabad
2025-02-11 19:00:00+00:00,23.7825,63.0,2.9024127,Hyderabad
2025-02-11 20:00:00+00:00,23.332499,66.0,2.8799999,Hyderabad
2025-02-11 21:00:00+00:00,22.9825,67.0,2.52,Hyderabad
2025-02-11 22:00:00+00:00,22.682499,67.0,2.52,Hyderabad
2025-02-11 23:00:00+00:00,22.6325,67.0,2.5455842,Hyderabad
2025-02-12 00:00:00+00:00,22.5325,67.0,1.2979984,Hyderabad
2025-02-12 01:00:00+00:00,22.2325,67.0,1.835647,Hyderabad
2025-02-12 02:00:00+00:00,22.182499,68.0,1.5273507,Hyderabad
2025-02-12 03:00:00+00:00,24.1325,61.0,1.5273507,Hyderabad
2025-02-12 04:00:00+00:00,27.182499,50.0,2.7416782,Hyderabad
2025-02-12 05:00:00+00:00,29.7825,40.0,4.6938252,Hyderabad
2025-02-12 06:00:00+00:00,31.8825,34.0,3.396233,Hyderabad
2025-02-12 07:00:00+00:00,32.8825,32.0,3.6,Hyderabad
2025-02-12 08:00:00+00:00,33.6325,30.0,6.3690495,Hyderabad
2025-02-12 09:00:00+00:00,33.8825,29.0,7.42159,Hyderabad
2025-02-12 10:00:00+00:00,33.8325,29.0,7.9932966,Hyderabad
2025-02-12 11:00:00+00:00,33.3325,29.0,8.225035,Hyderabad
2025-02-12 12:00:00+00:00,33.0325,30.0,5.4119864,Hyderabad
2025-02-12 13:00:00+00:00,30.9825,39.0,3.319036,Hyderabad
2025-02-12 14:00:00+00:00,28.7325,47.0,5.0528407,Hyderabad
2025-02-12 15:00:00+00:00,27.332499,50.0,4.510787,Hyderabad
2025-02-12 16:00:00+00:00,26.4825,51.0,3.8268526,Hyderabad
2025-02-12 17:00:00+00:00,25.832499,53.0,2.3051248,Hyderabad
2025-02-12 18:00:00+00:00,24.9825,55.0,1.5273507,Hyderabad
2025-02-12 19:00:00+00:00,24.5325,55.0,0.5091169,Hyderabad
2025-02-12 20:00:00+00:00,23.932499,56.0,0.0,Hyderabad
2025-02-12 21:00:00+00:00,23.2825,57.0,1.1384199,Hyderabad
2025-02-12 22:00:00+00:00,22.582499,59.0,1.484318,Hyderabad
2025-02-12 23:00:00+00:00,21.8825,61.0,1.8,Hyderabad
2025-02-13 00:00:00+00:00,21.2825,68.0,2.2768397,Hyderabad
2025-02-13 01:00:00+00:00,20.682499,70.0,2.8799999,Hyderabad
2025-02-13 02:00:00+00:00,21.082499,69.0,3.319036,Hyderabad
2025-02-13 03:00:00+00:00,23.3825,62.0,3.0758414,Hyderabad
2025-02-13 04:00:00+00:00,26.9825,49.0,3.6,Hyderabad
2025-02-13 05:00:00+00:00,29.582499,39.0,2.5455842,Hyderabad
2025-02-13 06:00:00+00:00,31.582499,32.0,3.319036,Hyderabad
2025-02-13 07:00:00+00:00,32.682503,30.0,2.3051248,Hyderabad
2025-02-13 08:00:00+00:00,33.5325,27.0,3.319036,Hyderabad
2025-02-13 09:00:00+00:00,33.8825,25.0,4.802999,Hyderabad
2025-02-13 10:00:00+00:00,33.8825,24.0,5.991594,Hyderabad
2025-02-13 11:00:00+00:00,33.482502,23.0,6.8777895,Hyderabad
2025-02-13 12:00:00+00:00,32.7825,25.0,6.12,Hyderabad
2025-02-13 13:00:00+00:00,30.582499,32.0,4.0249224,Hyderabad
2025-02-13 14:00:00+00:00,28.5325,39.0,3.6179552,Hyderabad
2025-02-13 15:00:00+00:00,26.832499,46.0,4.0249224,Hyderabad
2025-02-13 16:00:00+00:00,24.832499,57.0,3.7585104,Hyderabad
2025-02-13 17:00:00+00:00,24.682499,59.0,1.8,Hyderabad
2025-02-13 18:00:00+00:00,23.932499,63.0,1.2979984,Hyderabad
2025-02-13 19:00:00+00:00,23.7825,62.0,2.52,Hyderabad
2025-02-13 20:00:00+00:00,22.8825,66.0,2.9024127,Hyderabad
2025-02-13 21:00:00+00:00,22.432499,67.0,2.968636,Hyderabad
2025-02-13 22:00:00+00:00,21.5325,72.0,3.2599385,Hyderabad
2025-02-13 23:00:00+00:00,20.8825,76.0,2.9024127,Hyderabad
2025-02-14 00:00:00+00:00,20.7325,78.0,2.1897945,Hyderabad
2025-02-14 01:00:00+00:00,20.582499,79.0,2.1897945,Hyderabad
2025-02-14 02:00:00+00:00,20.5325,80.0,1.835647,Hyderabad
2025-02-14 03:00:00+00:00,23.3825,70.0,1.609969,Hyderabad
2025-02-14 04:00:00+00:00,26.3825,54.0,7.2,Hyderabad
2025-02-14 05:00:00+00:00,28.432499,45.0,9.028754,Hyderabad
2025-02-14 06:00:00+00:00,30.332499,39.0,6.830519,Hyderabad
2025-02-14 07:00:00+00:00,31.2825,36.0,5.506941,Hyderabad
2025-02-14 08:00:00+00:00,32.0325,34.0,3.9763298,Hyderabad
2025-02-14 09:00:00+00:00,32.5325,32.0,2.1897945,Hyderabad
2025-02-14 10:00:00+00:00,32.5825,31.0,1.1384199,Hyderabad
2025-02-14 11:00:00+00:00,32.432503,31.0,2.9024127,Hyderabad
2025-02-14 12:00:00+00:00,32.1325,32.0,2.1897945,Hyderabad
2025-02-14 13:00:00+00:00,30.7325,37.0,2.3051248,Hyderabad
2025-02-14 14:00:00+00:00,28.4825,45.0,3.8773184,Hyderabad
2025-02-14 15:00:00+00:00,26.5325,54.0,3.7064266,Hyderabad
2025-02-14 16:00:00+00:00,25.6325,58.0,2.9024127,Hyderabad
2025-02-14 17:00:00+00:00,25.3825,58.0,2.3051248,Hyderabad
2025-02-14 18:00:00+00:00,24.182499,60.0,2.5959969,Hyderabad
2025-02-14 19:00:00+00:00,23.6325,61.0,2.5455842,Hyderabad
2025-02-14 20:00:00+00:00,22.7325,63.0,2.1897945,Hyderabad
2025-02-14 21:00:00+00:00,22.2325,64.0,1.609969,Hyderabad
2025-02-14 22:00:00+00:00,21.6325,65.0,1.5273507,Hyderabad
2025-02-14 23:00:00+00:00,21.082499,67.0,1.8,Hyderabad
2025-02-15 00:00:00+00:00,20.2825,66.0,1.609969,Hyderabad
2025-02-15 01:00:00+00:00,19.8825,67.0,1.2979984,Hyderabad
2025-02-15 02:00:00+00:00,19.8825,66.0,1.0182338,Hyderabad
2025-02-15 03:00:00+00:00,22.682499,58.0,0.0,Hyderabad
2025-02-15 04:00:00+00:00,26.2825,41.0,3.6179552,Hyderabad
2025-02-15 05:00:00+00:00,28.932499,34.0,5.7599998,Hyderabad
2025-02-15 06:00:00+00:00,31.2825,25.0,5.6002855,Hyderabad
2025-02-15 07:00:00+00:00,32.5825,23.0,6.6185193,Hyderabad
2025-02-15 08:00:00+00:00,33.5325,21.0,7.5170207,Hyderabad
2025-02-15 09:00:00+00:00,33.982502,19.0,7.8625183,Hyderabad
2025-02-15 10:00:00+00:00,33.982502,18.0,8.473393,Hyderabad
2025-02-15 11:00:00+00:00,33.482502,18.0,8.825508,Hyderabad
2025-02-15 12:00:00+00:00,32.7825,19.0,6.379216,Hyderabad
2025-02-15 13:00:00+00:00,30.682499,24.0,3.7064266,Hyderabad
2025-02-15 14:00:00+00:00,28.582499,30.0,3.6,Hyderabad
2025-02-15 15:00:00+00:00,26.682499,37.0,3.319036,Hyderabad
2025-02-15 16:00:00+00:00,25.582499,43.0,2.2768397,Hyderabad
2025-02-15 17:00:00+00:00,24.932499,44.0,1.1384199,Hyderabad
2025-02-15 18:00:00+00:00,23.7825,47.0,0.71999997,Hyderabad
2025-02-15 19:00:00+00:00,23.2825,47.0,0.5091169,Hyderabad
2025-02-15 20:00:00+00:00,22.6325,48.0,1.2979984,Hyderabad
2025-02-15 21:00:00+00:00,22.0325,49.0,1.1384199,Hyderabad
2025-02-15 22:00:00+00:00,21.4825,50.0,1.08,Hyderabad
2025-02-15 23:00:00+00:00,21.1325,50.0,1.0182338,Hyderabad
2025-02-16 00:00:00+00:00,20.582499,53.0,1.08,Hyderabad
2025-02-16 01:00:00+00:00,20.2825,53.0,0.5091169,Hyderabad
2025-02-16 02:00:00+00:00,20.4825,52.0,1.5273507,Hyderabad
2025-02-16 03:00:00+00:00,22.932499,46.0,0.8049845,Hyderabad
2025-02-16 04:00:00+00:00,26.8825,33.0,4.6938252,Hyderabad
2025-02-16 05:00:00+00:00,29.6325,26.0,7.208994,Hyderabad
2025-02-16 06:00:00+00:00,32.5325,20.0,6.830519,Hyderabad
2025-02-16 07:00:00+00:00,33.5325,18.0,6.9153743,Hyderabad
2025-02-16 08:00:00+00:00,34.232502,17.0,6.1305785,Hyderabad
2025-02-16 09:00:00+00:00,34.5325,17.0,4.829907,Hyderabad
2025-02-16 10:00:00+00:00,34.482502,17.0,4.802999,Hyderabad
2025-02-16 11:00:00+00:00,34.0325,18.0,5.506941,Hyderabad
2025-02-16 12:00:00+00:00,32.8825,21.0,6.489992,Hyderabad
2025-02-16 13:00:00+00:00,30.1325,28.0,6.130579,Hyderabad
2025-02-16 14:00:00+00:00,27.8825,33.0,5.771239,Hyderabad
2025-02-16 15:00:00+00:00,26.182499,38.0,4.5536795,Hyderabad
2025-02-16 16:00:00+00:00,25.082499,43.0,3.4152596,Hyderabad
2025-02-16 17:00:00+00:00,24.2325,46.0,2.9024127,Hyderabad
2025-02-16 18:00:00+00:00,23.2325,53.0,2.9024127,Hyderabad
2025-02-16 19:00:00+00:00,22.832499,55.0,2.4149535,Hyderabad
2025-02-16 20:00:00+00:00,22.5325,56.0,2.0991426,Hyderabad
2025-02-16 21:00:00+00:00,21.932499,57.0,3.2399998,Hyderabad
2025-02-16 22:00:00+00:00,21.3825,59.0,3.0758414,Hyderabad
2025-02-16 23:00:00+00:00,20.7325,62.0,2.8116899,Hyderabad
2025-02-17 00:00:00+00:00,20.182499,66.0,2.5959969,Hyderabad
2025-02-17 01:00:00+00:00,19.8825,67.0,1.5273507,Hyderabad
2025-02-17 02:00:00+00:00,20.1325,67.0,0.35999998,Hyderabad
2025-02-17 03:00:00+00:00,22.932499,60.0,0.5091169,Hyderabad
2025-02-17 04:00:00+00:00,26.4825,50.0,4.072935,Hyderabad
2025-02-17 05:00:00+00:00,29.4825,41.0,6.638072,Hyderabad
2025-02-17 06:00:00+00:00,32.432503,30.0,6.4096174,Hyderabad
2025-02-17 07:00:00+00:00,33.682503,25.0,5.1544156,Hyderabad
2025-02-17 08:00:00+00:00,34.482502,23.0,4.6800003,Hyderabad
2025-02-17 09:00:00+00:00,34.732502,22.0,4.6938257,Hyderabad
2025-02-17 10:00:00+00:00,34.732502,22.0,4.6800003,Hyderabad
2025-02-17 11:00:00+00:00,34.3325,22.0,5.2416787,Hyderabad
2025-02-17 12:00:00+00:00,33.432503,24.0,6.130579,Hyderabad
2025-02-17 13:00:00+00:00,30.7825,34.0,7.5685663,Hyderabad
2025-02-17 14:00:00+00:00,28.7825,40.0,7.342588,Hyderabad
2025-02-17 15:00:00+00:00,27.432499,43.0,5.154415,Hyderabad
2025-02-17 16:00:00+00:00,26.082499,48.0,4.0249224,Hyderabad
2025-02-17 17:00:00+00:00,25.1325,51.0,3.8939953,Hyderabad
2025-02-17 18:00:00+00:00,24.2825,56.0,4.072935,Hyderabad
2025-02-17 19:00:00+00:00,23.5325,60.0,3.8268526,Hyderabad
2025-02-17 20:00:00+00:00,22.8825,65.0,3.0547013,Hyderabad
2025-02-17 21:00:00+00:00,22.3825,68.0,2.2768397,Hyderabad
2025-02-17 22:00:00+00:00,22.0325,70.0,1.609969,Hyderabad
2025-02-17 23:00:00+00:00,21.7325,72.0,1.609969,Hyderabad
2025-02-18 00:00:00+00:00,20.8825,76.0,1.835647,Hyderabad
2025-02-18 01:00:00+00:00,20.5325,78.0,1.835647,Hyderabad
2025-02-18 02:00:00+00:00,20.5325,78.0,1.4399999,Hyderabad
2025-02-18 03:00:00+00:00,23.182499,68.0,1.484318,Hyderabad
2025-02-18 04:00:00+00:00,26.7825,54.0,3.671294,Hyderabad
2025-02-18 05:00:00+00:00,29.8825,43.0,5.1544156,Hyderabad
2025-02-18 06:00:00+00:00,32.3825,35.0,4.510787,Hyderabad
2025-02-18 07:00:00+00:00,33.6325,30.0,4.6938252,Hyderabad
2025-02-18 08:00:00+00:00,34.5325,27.0,4.829907,Hyderabad
2025-02-18 09:00:00+00:00,34.8325,25.0,4.8965297,Hyderabad
2025-02-18 10:00:00+00:00,34.7825,25.0,5.6002855,Hyderabad
2025-02-18 11:00:00+00:00,34.3825,25.0,5.904439,Hyderabad
2025-02-18 12:00:00+00:00,33.6325,26.0,4.6800003,Hyderabad
2025-02-18 13:00:00+00:00,31.932499,32.0,3.096837,Hyderabad
2025-02-18 14:00:00+00:00,29.2325,42.0,6.162207,Hyderabad
2025-02-18 15:00:00+00:00,28.1325,47.0,5.0528407,Hyderabad
2025-02-18 16:00:00+00:00,27.182499,48.0,4.072935,Hyderabad
2025-02-18 17:00:00+00:00,26.1325,52.0,3.6,Hyderabad
2025-02-18 18:00:00+00:00,25.932499,53.0,4.072935,Hyderabad
2025-02-18 19:00:00+00:00,25.0325,56.0,4.072935,Hyderabad
2025-02-18 20:00:00+00:00,24.182499,60.0,3.319036,Hyderabad
2025-02-18 21:00:00+00:00,23.582499,63.0,2.7416782,Hyderabad
2025-02-18 22:00:00+00:00,23.1325,65.0,2.52,Hyderabad
2025-02-18 23:00:00+00:00,22.4825,67.0,3.0758414,Hyderabad
2025-02-19 00:00:00+00:00,22.2825,67.0,2.8116899,Hyderabad
2025-02-19 01:00:00+00:00,22.0325,67.0,2.8116899,Hyderabad
2025-02-19 02:00:00+00:00,22.182499,67.0,2.3051248,Hyderabad
2025-02-19 03:00:00+00:00,24.5325,59.0,2.5959969,Hyderabad
2025-02-19 04:00:00+00:00,27.582499,50.0,5.692099,Hyderabad
2025-02-19 05:00:00+00:00,30.332499,43.0,6.1305785,Hyderabad
2025-02-19 06:00:00+00:00,32.6325,34.0,6.924738,Hyderabad
2025-02-19 07:00:00+00:00,33.682503,30.0,6.9527545,Hyderabad
2025-02-19 08:00:00+00:00,34.3825,27.0,7.24486,Hyderabad
2025-02-19 09:00:00+00:00,34.6325,26.0,8.0899935,Hyderabad
2025-02-19 10:00:00+00:00,34.432503,26.0,8.4963045,Hyderabad
2025-02-19 11:00:00+00:00,34.0325,26.0,8.161764,Hyderabad
2025-02-19 12:00:00+00:00,33.432503,28.0,5.8603754,Hyderabad
2025-02-19 13:00:00+00:00,31.932499,35.0,1.8,Hyderabad
2025-02-19 14:00:00+00:00,31.2325,36.0,4.829907,Hyderabad
2025-02-19 15:00:00+00:00,28.432499,53.0,4.3349743,Hyderabad
2025-02-19 16:00:00+00:00,28.0325,56.0,2.1897945,Hyderabad
2025-02-19 17:00:00+00:00,27.2325,56.0,4.3349743,Hyderabad
2025-02-19 18:00:00+00:00,26.4825,59.0,5.1165614,Hyderabad
2025-02-19 19:00:00+00:00,25.7825,62.0,4.8433046,Hyderabad
2025-02-19 20:00:00+00:00,25.0325,66.0,3.6,Hyderabad
2025-02-19 21:00:00+00:00,24.4825,69.0,2.5455842,Hyderabad
2025-02-19 22:00:00+00:00,23.832499,73.0,2.6208394,Hyderabad
2025-02-19 23:00:00+00:00,23.182499,77.0,2.8799999,Hyderabad
2025-02-20 00:00:00+00:00,22.682499,79.0,2.9024127,Hyderabad
2025-02-20 01:00:00+00:00,22.1325,82.0,2.9024127,Hyderabad
2025-02-20 02:00:00+00:00,22.082499,83.0,2.5455842,Hyderabad
2025-02-20 03:00:00+00:00,24.332499,71.0,3.2599385,Hyderabad
2025-02-20 04:00:00+00:00,27.082499,57.0,4.510787,Hyderabad
2025-02-20 05:00:00+00:00,29.7825,49.0,4.8965297,Hyderabad
2025-02-20 06:00:00+00:00,32.0325,40.0,0.5091169,Hyderabad
2025-02-20 07:00:00+00:00,32.8825,34.0,4.5820518,Hyderabad
2025-02-20 08:00:00+00:00,32.982502,34.0,5.1919937,Hyderabad
2025-02-20 09:00:00+00:00,32.932503,36.0,5.634891,Hyderabad
2025-02-20 10:00:00+00:00,32.5825,37.0,7.69592,Hyderabad
2025-02-20 11:00:00+00:00,31.5325,39.0,6.849467,Hyderabad
2025-02-20 12:00:00+00:00,30.8825,40.0,4.3349743,Hyderabad
2025-02-20 13:00:00+00:00,29.5325,46.0,4.0249224,Hyderabad
2025-02-20 14:00:00+00:00,28.1325,52.0,4.1046314,Hyderabad
2025-02-20 15:00:00+00:00,27.0325,56.0,4.2136917,Hyderabad
2025-02-20 16:00:00+00:00,26.182499,58.0,4.452954,Hyderabad
2025-02-20 17:00:00+00:00,25.332499,62.0,4.802999,Hyderabad
2025-02-20 18:00:00+00:00,24.8825,69.0,4.896529,Hyderabad
2025-02-20 19:00:00+00:00,24.3825,74.0,4.3498964,Hyderabad
2025-02-20 20:00:00+00:00,23.7325,78.0,3.6,Hyderabad
2025-02-20 21:00:00+00:00,23.2825,80.0,2.8116899,Hyderabad
2025-02-20 22:00:00+00:00,22.8825,80.0,2.9024127,Hyderabad
2025-02-20 23:00:00+00:00,22.6325,81.0,2.5455842,Hyderabad
2025-02-21 00:00:00+00:00,22.7825,80.0,2.6208394,Hyderabad
2025-02-21 01:00:00+00:00,22.0325,83.0,2.9024127,Hyderabad
2025-02-21 02:00:00+00:00,22.0325,84.0,2.8116899,Hyderabad
2025-02-21 03:00:00+00:00,24.0325,74.0,4.1046314,Hyderabad
2025-02-21 04:00:00+00:00,26.6325,58.0,4.32,Hyderabad
2025-02-21 05:00:00+00:00,29.3825,47.0,4.6938252,Hyderabad
2025-02-21 06:00:00+00:00,31.582499,41.0,5.8048253,Hyderabad
2025-02-21 07:00:00+00:00,32.6325,36.0,8.0899935,Hyderabad
2025-02-21 08:00:00+00:00,32.982502,33.0,8.4963045,Hyderabad
2025-02-21 09:00:00+00:00,33.182503,31.0,8.217153,Hyderabad
2025-02-21 10:00:00+00:00,32.982502,31.0,8.473393,Hyderabad
2025-02-21 11:00:00+00:00,32.2825,31.0,8.287822,Hyderabad
2025-02-21 12:00:00+00:00,31.0325,36.0,8.557102,Hyderabad
2025-02-21 13:00:00+00:00,29.2825,45.0,7.42159,Hyderabad
2025-02-21 14:00:00+00:00,27.9825,51.0,4.6938257,Hyderabad
2025-02-21 15:00:00+00:00,26.8825,56.0,3.4152596,Hyderabad
2025-02-21 16:00:00+00:00,26.0325,59.0,3.0758414,Hyderabad
2025-02-21 17:00:00+00:00,25.3825,62.0,2.8116899,Hyderabad
2025-02-21 18:00:00+00:00,24.682499,66.0,3.319036,Hyderabad
2025-02-21 19:00:00+00:00,24.182499,69.0,3.319036,Hyderabad
2025-02-21 20:00:00+00:00,23.7325,71.0,3.0758414,Hyderabad
2025-02-21 21:00:00+00:00,23.1325,74.0,3.6179552,Hyderabad
2025-02-21 22:00:00+00:00,22.6325,76.0,3.319036,Hyderabad
2025-02-21 23:00:00+00:00,22.432499,77.0,2.5959969,Hyderabad
2025-02-22 00:00:00+00:00,22.082499,79.0,1.484318,Hyderabad
2025-02-22 01:00:00+00:00,22.182499,77.0,1.0182338,Hyderabad
2025-02-22 02:00:00+00:00,22.2325,78.0,2.0364676,Hyderabad
2025-02-22 03:00:00+00:00,24.432499,69.0,1.1384199,Hyderabad
2025-02-22 04:00:00+00:00,27.2825,54.0,2.8116899,Hyderabad
2025-02-22 05:00:00+00:00,29.7825,43.0,4.3349743,Hyderabad
2025-02-22 06:00:00+00:00,31.682499,34.0,1.484318,Hyderabad
2025-02-22 07:00:00+00:00,32.5825,31.0,1.5273507,Hyderabad
2025-02-22 08:00:00+00:00,33.3825,28.0,3.6,Hyderabad
2025-02-22 09:00:00+00:00,33.8825,26.0,7.9932966,Hyderabad
2025-02-22 10:00:00+00:00,33.682503,26.0,9.983106,Hyderabad
2025-02-22 11:00:00+00:00,33.1325,27.0,9.504273,Hyderabad
2025-02-22 12:00:00+00:00,32.7825,27.0,8.049845,Hyderabad
2025-02-22 13:00:00+00:00,31.082499,33.0,3.5455887,Hyderabad
2025-02-22 14:00:00+00:00,29.0325,42.0,3.671294,Hyderabad
2025-02-22 15:00:00+00:00,26.932499,54.0,3.9763298,Hyderabad
2025-02-22 16:00:00+00:00,26.0325,59.0,3.319036,Hyderabad
2025-02-22 17:00:00+00:00,25.432499,60.0,3.219938,Hyderabad
2025-02-22 18:00:00+00:00,24.832499,63.0,3.319036,Hyderabad
2025-02-22 19:00:00+00:00,24.182499,64.0,3.0547013,Hyderabad
2025-02-22 20:00:00+00:00,24.082499,65.0,2.0991426,Hyderabad
2025-02-22 21:00:00+00:00,23.7825,65.0,1.08,Hyderabad
2025-02-22 22:00:00+00:00,23.3825,65.0,1.5273507,Hyderabad
2025-02-22 23:00:00+00:00,22.7325,67.0,2.5959969,Hyderabad
2025-02-23 00:00:00+00:00,21.832499,74.0,1.0182338,Hyderabad
2025-02-23 01:00:00+00:00,21.432499,75.0,0.5091169,Hyderabad
2025-02-23 02:00:00+00:00,21.7825,74.0,0.35999998,Hyderabad
2025-02-23 03:00:00+00:00,24.2825,64.0,1.8,Hyderabad
2025-02-23 04:00:00+00:00,27.432499,53.0,5.634891,Hyderabad
2025-02-23 05:00:00+00:00,29.7325,44.0,8.311245,Hyderabad
2025-02-23 06:00:00+00:00,31.9825,32.0,6.2145634,Hyderabad
2025-02-23 07:00:00+00:00,32.8825,27.0,8.049845,Hyderabad
2025-02-23 08:00:00+00:00,33.5325,23.0,10.495713,Hyderabad
2025-02-23 09:00:00+00:00,33.5325,21.0,10.1376915,Hyderabad
2025-02-23 10:00:00+00:00,33.1325,22.0,10.805999,Hyderabad
2025-02-23 11:00:00+00:00,32.5825,23.0,9.007196,Hyderabad
2025-02-23 12:00:00+00:00,32.1325,25.0,5.5887027,Hyderabad
2025-02-23 13:00:00+00:00,30.432499,32.0,3.319036,Hyderabad
2025-02-23 14:00:00+00:00,28.4825,40.0,4.2136917,Hyderabad
2025-02-23 15:00:00+00:00,26.8825,47.0,3.9763298,Hyderabad
2025-02-23 16:00:00+00:00,25.8825,50.0,3.7585104,Hyderabad
2025-02-23 17:00:00+00:00,24.832499,52.0,4.3349743,Hyderabad
2025-02-23 18:00:00+00:00,23.8825,54.0,4.3349743,Hyderabad
2025-02-23 19:00:00+00:00,23.2325,55.0,3.6,Hyderabad
2025-02-23 20:00:00+00:00,23.2325,54.0,2.2768397,Hyderabad
2025-02-23 21:00:00+00:00,22.832499,53.0,2.4149535,Hyderabad
2025-02-23 22:00:00+00:00,22.8825,50.0,2.9024127,Hyderabad
2025-02-23 23:00:00+00:00,22.582499,49.0,2.9024127,Hyderabad
2025-02-24 00:00:00+00:00,21.932499,50.0,4.829907,Hyderabad
2025-02-24 01:00:00+00:00,20.432499,53.0,4.452954,Hyderabad
2025-02-24 02:00:00+00:00,20.3825,53.0,3.9763298,Hyderabad
2025-02-24 03:00:00+00:00,23.2325,46.0,5.0528407,Hyderabad
2025-02-24 04:00:00+00:00,26.332499,43.0,8.473393,Hyderabad
2025-02-24 05:00:00+00:00,28.832499,41.0,11.631956,Hyderabad
2025-02-24 06:00:00+00:00,31.432499,30.0,9.6932955,Hyderabad
2025-02-24 07:00:00+00:00,32.3825,26.0,8.647496,Hyderabad
2025-02-24 08:00:00+00:00,33.0325,24.0,6.6185193,Hyderabad
2025-02-24 09:00:00+00:00,33.182503,23.0,6.792466,Hyderabad
2025-02-24 10:00:00+00:00,32.8825,24.0,7.5942082,Hyderabad
2025-02-24 11:00:00+00:00,32.1325,25.0,8.854829,Hyderabad
2025-02-24 12:00:00+00:00,31.2325,29.0,8.654986,Hyderabad
2025-02-24 13:00:00+00:00,29.1325,35.0,7.5942073,Hyderabad
2025-02-24 14:00:00+00:00,27.3825,41.0,6.4799995,Hyderabad
2025-02-24 15:00:00+00:00,26.082499,44.0,5.3999996,Hyderabad
2025-02-24 16:00:00+00:00,25.082499,47.0,4.3349743,Hyderabad
2025-02-24 17:00:00+00:00,24.182499,50.0,4.6800003,Hyderabad
2025-02-24 18:00:00+00:00,23.9825,51.0,3.8773184,Hyderabad
2025-02-24 19:00:00+00:00,23.082499,56.0,4.3349743,Hyderabad
2025-02-24 20:00:00+00:00,22.5325,58.0,4.0249224,Hyderabad
2025-02-24 21:00:00+00:00,21.6325,60.0,3.96,Hyderabad
2025-02-24 22:00:00+00:00,21.182499,64.0,2.0991426,Hyderabad
2025-02-24 23:00:00+00:00,20.2325,67.0,4.0249224,Hyderabad
2025-02-25 00:00:00+00:00,19.6325,71.0,3.219938,Hyderabad
2025-02-25 01:00:00+00:00,19.082499,75.0,2.7416782,Hyderabad
2025-02-25 02:00:00+00:00,19.2825,76.0,2.16,Hyderabad
2025-02-25 03:00:00+00:00,21.7825,66.0,2.6208394,Hyderabad
2025-02-25 04:00:00+00:00,24.8825,54.0,5.315336,Hyderabad
2025-02-25 05:00:00+00:00,27.5325,47.0,7.289445,Hyderabad
2025-02-25 06:00:00+00:00,30.0325,38.0,8.209263,Hyderabad
2025-02-25 07:00:00+00:00,31.2325,31.0,9.227524,Hyderabad
2025-02-25 08:00:00+00:00,31.9825,28.0,9.0645685,Hyderabad
2025-02-25 09:00:00+00:00,32.1325,27.0,9.007196,Hyderabad
2025-02-25 10:00:00+00:00,31.8825,26.0,9.346143,Hyderabad
2025-02-25 11:00:00+00:00,31.182499,28.0,9.6932955,Hyderabad
2025-02-25 12:00:00+00:00,30.3825,32.0,8.4042845,Hyderabad
2025-02-25 13:00:00+00:00,28.5325,38.0,6.519877,Hyderabad
2025-02-25 14:00:00+00:00,26.932499,45.0,5.3999996,Hyderabad
2025-02-25 15:00:00+00:00,25.7825,50.0,5.506941,Hyderabad
2025-02-25 16:00:00+00:00,25.0325,52.0,5.3517847,Hyderabad
2025-02-25 17:00:00+00:00,24.5325,53.0,4.452954,Hyderabad
2025-02-25 18:00:00+00:00,24.082499,55.0,3.7585104,Hyderabad
2025-02-25 19:00:00+00:00,23.5325,57.0,3.6,Hyderabad
2025-02-25 20:00:00+00:00,23.0325,58.0,3.319036,Hyderabad
2025-02-25 21:00:00+00:00,22.832499,59.0,2.5959969,Hyderabad
2025-02-25 22:00:00+00:00,22.582499,59.0,3.0758414,Hyderabad
2025-02-25 23:00:00+00:00,21.9825,60.0,2.5455842,Hyderabad
2025-02-26 00:00:00+00:00,20.8825,68.0,2.0364676,Hyderabad
2025-02-26 01:00:00+00:00,20.5325,69.0,3.6,Hyderabad
2025-02-26 02:00:00+00:00,21.0325,68.0,3.4152596,Hyderabad
2025-02-26 03:00:00+00:00,23.2825,62.0,3.7585104,Hyderabad
2025-02-26 04:00:00+00:00,26.0325,53.0,6.9899354,Hyderabad
2025-02-26 05:00:00+00:00,28.4825,42.0,8.089993,Hyderabad
2025-02-26 06:00:00+00:00,30.582499,37.0,7.208994,Hyderabad
2025-02-26 07:00:00+00:00,31.5325,34.0,9.178235,Hyderabad
2025-02-26 08:00:00+00:00,31.932499,32.0,9.9571085,Hyderabad
2025-02-26 09:00:00+00:00,31.832499,33.0,9.885262,Hyderabad
2025-02-26 10:00:00+00:00,31.582499,33.0,9.605998,Hyderabad
2025-02-26 11:00:00+00:00,31.182499,33.0,9.255571,Hyderabad
2025-02-26 12:00:00+00:00,30.432499,36.0,8.759178,Hyderabad
2025-02-26 13:00:00+00:00,28.432499,44.0,7.5599995,Hyderabad
2025-02-26 14:00:00+00:00,26.7825,53.0,5.8603754,Hyderabad
2025-02-26 15:00:00+00:00,25.582499,58.0,4.6800003,Hyderabad
2025-02-26 16:00:00+00:00,24.6325,61.0,4.198285,Hyderabad
2025-02-26 17:00:00+00:00,23.932499,64.0,3.6,Hyderabad
2025-02-26 18:00:00+00:00,23.7325,64.0,2.8116899,Hyderabad
2025-02-26 19:00:00+00:00,23.332499,65.0,1.609969,Hyderabad
2025-02-26 20:00:00+00:00,23.1325,64.0,0.8049845,Hyderabad
2025-02-26 21:00:00+00:00,22.582499,65.0,1.2979984,Hyderabad
2025-02-26 22:00:00+00:00,22.182499,66.0,2.1897945,Hyderabad
2025-02-26 23:00:00+00:00,21.9825,66.0,3.5455887,Hyderabad
2025-02-27 00:00:00+00:00,21.932499,67.0,4.0249224,Hyderabad
2025-02-27 01:00:00+00:00,20.6325,74.0,3.2599385,Hyderabad
2025-02-27 02:00:00+00:00,20.5325,77.0,2.6208394,Hyderabad
2025-02-27 03:00:00+00:00,22.8825,67.0,3.9763298,Hyderabad
2025-02-27 04:00:00+00:00,25.4825,55.0,5.506941,Hyderabad
2025-02-27 05:00:00+00:00,27.832499,47.0,5.2416787,Hyderabad
2025-02-27 06:00:00+00:00,30.432499,40.0,4.510787,Hyderabad
2025-02-27 07:00:00+00:00,31.682499,35.0,7.5685663,Hyderabad
2025-02-27 08:00:00+00:00,32.3825,32.0,9.227524,Hyderabad
2025-02-27 09:00:00+00:00,32.5825,30.0,9.904906,Hyderabad
2025-02-27 10:00:00+00:00,32.2825,31.0,10.390226,Hyderabad
2025-02-27 11:00:00+00:00,31.6325,33.0,9.885262,Hyderabad
2025-02-27 12:00:00+00:00,30.5325,38.0,8.28,Hyderabad
2025-02-27 13:00:00+00:00,28.432499,46.0,6.638072,Hyderabad
2025-02-27 14:00:00+00:00,26.5325,55.0,5.3517847,Hyderabad
2025-02-27 15:00:00+00:00,25.2825,60.0,5.1919937,Hyderabad
2025-02-27 16:00:00+00:00,24.332499,63.0,4.8433046,Hyderabad
2025-02-27 17:00:00+00:00,23.582499,66.0,4.3349743,Hyderabad
2025-02-27 18:00:00+00:00,23.3825,67.0,3.319036,Hyderabad
2025-02-27 19:00:00+00:00,22.932499,69.0,3.319036,Hyderabad
2025-02-27 20:00:00+00:00,22.5325,70.0,3.0547013,Hyderabad
2025-02-27 21:00:00+00:00,22.2325,71.0,2.5959969,Hyderabad
2025-02-27 22:00:00+00:00,21.4825,74.0,3.8939953,Hyderabad
2025-02-27 23:00:00+00:00,20.832499,77.0,3.396233,Hyderabad
2025-02-28 00:00:00+00:00,20.8825,78.0,3.0547013,Hyderabad
2025-02-28 01:00:00+00:00,20.7325,79.0,2.5959969,Hyderabad
2025-02-28 02:00:00+00:00,20.8825,79.0,2.2768397,Hyderabad
2025-02-28 03:00:00+00:00,23.082499,71.0,3.0758414,Hyderabad
2025-02-28 04:00:00+00:00,25.7825,59.0,6.489992,Hyderabad
2025-02-28 05:00:00+00:00,28.1325,50.0,8.435069,Hyderabad
2025-02-28 06:00:00+00:00,30.2325,43.0,6.696387,Hyderabad
2025-02-28 07:00:00+00:00,31.4825,38.0,7.9036193,Hyderabad
2025-02-28 08:00:00+00:00,32.232502,35.0,8.854829,Hyderabad
2025-02-28 09:00:00+00:00,32.432503,34.0,8.891344,Hyderabad
2025-02-28 10:00:00+00:00,32.2825,34.0,8.905908,Hyderabad
2025-02-28 11:00:00+00:00,31.6325,36.0,8.759178,Hyderabad
2025-02-28 12:00:00+00:00,30.9825,37.0,7.6367526,Hyderabad
2025-02-28 13:00:00+00:00,29.0325,44.0,6.849467,Hyderabad
2025-02-28 14:00:00+00:00,27.2825,53.0,6.130579,Hyderabad
2025-02-28 15:00:00+00:00,26.0325,58.0,5.4477882,Hyderabad
2025-02-28 16:00:00+00:00,25.082499,62.0,5.3517847,Hyderabad
2025-02-28 17:00:00+00:00,24.2325,65.0,4.6938257,Hyderabad
2025-02-28 18:00:00+00:00,23.7825,66.0,4.39436,Hyderabad
2025-02-28 19:00:00+00:00,23.2325,67.0,4.3349743,Hyderabad
2025-02-28 20:00:00+00:00,22.682499,69.0,4.3349743,Hyderabad
2025-02-28 21:00:00+00:00,22.1325,72.0,4.072935,Hyderabad
2025-02-28 22:00:00+00:00,21.6325,76.0,3.8268526,Hyderabad
2025-02-28 23:00:00+00:00,21.1325,80.0,3.6,Hyderabad
2025-03-01 00:00:00+00:00,20.5325,81.0,3.219938,Hyderabad
2025-03-01 01:00:00+00:00,20.432499,79.0,2.7416782,Hyderabad
2025-03-01 02:00:00+00:00,20.7325,76.0,2.2768397,Hyderabad
2025-03-01 03:00:00+00:00,23.0325,63.0,3.219938,Hyderabad
2025-03-01 04:00:00+00:00,25.9825,46.0,7.2,Hyderabad
2025-03-01 05:00:00+00:00,28.332499,38.0,8.209263,Hyderabad
2025-03-01 06:00:00+00:00,30.582499,38.0,6.193674,Hyderabad
2025-03-01 07:00:00+00:00,31.832499,33.0,6.297428,Hyderabad
2025-03-01 08:00:00+00:00,32.6325,31.0,7.172949,Hyderabad
2025-03-01 09:00:00+00:00,32.8325,30.0,7.771331,Hyderabad
2025-03-01 10:00:00+00:00,32.682503,29.0,8.4042845,Hyderabad
2025-03-01 11:00:00+00:00,32.0325,30.0,8.707238,Hyderabad
2025-03-01 12:00:00+00:00,31.432499,31.0,7.5170207,Hyderabad
2025-03-01 13:00:00+00:00,29.182499,36.0,6.5693827,Hyderabad
2025-03-01 14:00:00+00:00,27.2325,43.0,5.8603754,Hyderabad
2025-03-01 15:00:00+00:00,25.832499,48.0,5.1544156,Hyderabad
2025-03-01 16:00:00+00:00,24.832499,52.0,4.452954,Hyderabad
2025-03-01 17:00:00+00:00,24.082499,54.0,4.1046314,Hyderabad
2025-03-01 18:00:00+00:00,23.4825,58.0,3.563818,Hyderabad
2025-03-01 19:00:00+00:00,23.1325,59.0,2.9024127,Hyderabad
2025-03-01 20:00:00+00:00,22.7325,60.0,2.9024127,Hyderabad
2025-03-01 21:00:00+00:00,22.082499,62.0,2.968636,Hyderabad
2025-03-01 22:00:00+00:00,21.5325,64.0,2.6208394,Hyderabad
2025-03-01 23:00:00+00:00,20.9825,67.0,1.835647,Hyderabad
2025-03-02 00:00:00+00:00,20.332499,77.0,1.8,Hyderabad
2025-03-02 01:00:00+00:00,20.082499,80.0,2.3051248,Hyderabad
2025-03-02 02:00:00+00:00,20.6325,80.0,2.0991426,Hyderabad
2025-03-02 03:00:00+00:00,23.6325,71.0,2.0991426,Hyderabad
2025-03-02 04:00:00+00:00,27.0325,58.0,4.8965297,Hyderabad
2025-03-02 05:00:00+00:00,29.7825,45.0,6.1305785,Hyderabad
2025-03-02 06:00:00+00:00,32.0825,35.0,4.6938257,Hyderabad
2025-03-02 07:00:00+00:00,33.432503,28.0,4.3349743,Hyderabad
2025-03-02 08:00:00+00:00,34.182503,25.0,6.379216,Hyderabad
2025-03-02 09:00:00+00:00,34.232502,24.0,7.628263,Hyderabad
2025-03-02 10:00:00+00:00,33.932503,24.0,7.754637,Hyderabad
2025-03-02 11:00:00+00:00,33.1325,25.0,8.089993,Hyderabad
2025-03-02 12:00:00+00:00,32.2825,27.0,6.849467,Hyderabad
2025-03-02 13:00:00+00:00,29.4825,37.0,5.6920996,Hyderabad
2025-03-02 14:00:00+00:00,27.332499,45.0,4.6938257,Hyderabad
2025-03-02 15:00:00+00:00,26.082499,49.0,4.3349743,Hyderabad
2025-03-02 16:00:00+00:00,25.3825,51.0,3.5455887,Hyderabad
2025-03-02 17:00:00+00:00,25.2325,51.0,2.5455842,Hyderabad
2025-03-02 18:00:00+00:00,24.582499,53.0,1.2979984,Hyderabad
2025-03-02 19:00:00+00:00,24.332499,53.0,2.5455842,Hyderabad
2025-03-02 20:00:00+00:00,24.0325,53.0,2.52,Hyderabad
2025-03-02 21:00:00+00:00,23.832499,53.0,1.8,Hyderabad
2025-03-02 22:00:00+00:00,23.7325,53.0,2.3051248,Hyderabad
2025-03-02 23:00:00+00:00,23.5325,53.0,2.0991426,Hyderabad
2025-03-03 00:00:00+00:00,22.832499,57.0,2.4149535,Hyderabad
2025-03-03 01:00:00+00:00,23.0325,55.0,1.835647,Hyderabad
2025-03-03 02:00:00+00:00,23.6325,53.0,1.2979984,Hyderabad
2025-03-03 03:00:00+00:00,25.2325,56.0,1.08,Hyderabad
2025-03-03 04:00:00+00:00,28.582499,43.0,3.096837,Hyderabad
2025-03-03 05:00:00+00:00,31.3825,36.0,3.563818,Hyderabad
2025-03-03 06:00:00+00:00,33.482502,30.0,2.3051248,Hyderabad
2025-03-03 07:00:00+00:00,34.6325,29.0,3.0547013,Hyderabad
2025-03-03 08:00:00+00:00,35.3825,26.0,4.379589,Hyderabad
2025-03-03 09:00:00+00:00,35.182503,25.0,6.924738,Hyderabad
2025-03-03 10:00:00+00:00,34.8325,25.0,8.311245,Hyderabad
2025-03-03 11:00:00+00:00,33.932503,27.0,8.766573,Hyderabad
2025-03-03 12:00:00+00:00,33.5325,29.0,5.154415,Hyderabad
2025-03-03 13:00:00+00:00,30.832499,42.0,3.319036,Hyderabad
2025-03-03 14:00:00+00:00,28.2825,54.0,3.8939953,Hyderabad
2025-03-03 15:00:00+00:00,26.832499,61.0,3.5455887,Hyderabad
2025-03-03 16:00:00+00:00,26.7325,59.0,1.08,Hyderabad
2025-03-03 17:00:00+00:00,26.3825,60.0,2.9024127,Hyderabad
2025-03-03 18:00:00+00:00,25.2325,63.0,0.35999998,Hyderabad
2025-03-03 19:00:00+00:00,24.432499,64.0,1.835647,Hyderabad
2025-03-03 20:00:00+00:00,23.8825,65.0,1.2979984,Hyderabad
2025-03-03 21:00:00+00:00,23.332499,66.0,1.835647,Hyderabad
2025-03-03 22:00:00+00:00,22.6325,68.0,3.219938,Hyderabad
2025-03-03 23:00:00+00:00,22.182499,70.0,3.5455887,Hyderabad
2025-03-04 00:00:00+00:00,21.6325,73.0,2.5455842,Hyderabad
2025-03-04 01:00:00+00:00,20.9825,76.0,2.16,Hyderabad
2025-03-04 02:00:00+00:00,21.2325,76.0,2.1897945,Hyderabad
2025-03-04 03:00:00+00:00,24.5325,67.0,1.4399999,Hyderabad
2025-03-04 04:00:00+00:00,28.3825,52.0,0.8049845,Hyderabad
2025-03-04 05:00:00+00:00,31.332499,41.0,1.609969,Hyderabad
2025-03-04 06:00:00+00:00,34.1325,31.0,2.5455842,Hyderabad
2025-03-04 07:00:00+00:00,35.2825,27.0,2.16,Hyderabad
2025-03-04 08:00:00+00:00,36.232502,24.0,3.8268526,Hyderabad
2025-03-04 09:00:00+00:00,36.3825,22.0,7.289445,Hyderabad
2025-03-04 10:00:00+00:00,35.8325,23.0,9.028754,Hyderabad
2025-03-04 11:00:00+00:00,34.8825,24.0,9.255571,Hyderabad
2025-03-04 12:00:00+00:00,34.0825,25.0,6.849467,Hyderabad
2025-03-04 13:00:00+00:00,31.682499,33.0,3.6179552,Hyderabad
2025-03-04 14:00:00+00:00,30.682499,37.0,2.5455842,Hyderabad
2025-03-04 15:00:00+00:00,29.432499,41.0,2.3051248,Hyderabad
2025-03-04 16:00:00+00:00,28.682499,43.0,1.4399999,Hyderabad
2025-03-04 17:00:00+00:00,27.932499,47.0,2.4149535,Hyderabad
2025-03-04 18:00:00+00:00,26.7825,48.0,0.71999997,Hyderabad
2025-03-04 19:00:00+00:00,25.832499,51.0,2.16,Hyderabad
2025-03-04 20:00:00+00:00,24.932499,54.0,2.3051248,Hyderabad
2025-03-04 21:00:00+00:00,24.332499,56.0,3.396233,Hyderabad
2025-03-04 22:00:00+00:00,23.682499,58.0,4.6102495,Hyderabad
2025-03-04 23:00:00+00:00,22.7325,61.0,5.3517847,Hyderabad
2025-03-05 00:00:00+00:00,21.3825,66.0,4.510787,Hyderabad
2025-03-05 01:00:00+00:00,21.182499,62.0,5.1165614,Hyderabad
2025-03-05 02:00:00+00:00,22.2325,57.0,5.0911684,Hyderabad
2025-03-05 03:00:00+00:00,24.932499,47.0,6.638072,Hyderabad
2025-03-05 04:00:00+00:00,27.7825,39.0,8.78872,Hyderabad
2025-03-05 05:00:00+00:00,30.0325,33.0,11.592894,Hyderabad
2025-03-05 06:00:00+00:00,32.0825,30.0,10.009036,Hyderabad
2025-03-05 07:00:00+00:00,33.3325,27.0,10.009036,Hyderabad
2025-03-05 08:00:00+00:00,34.182503,25.0,9.085988,Hyderabad
2025-03-05 09:00:00+00:00,34.5825,24.0,8.707237,Hyderabad
2025-03-05 10:00:00+00:00,34.5825,23.0,7.771331,Hyderabad
2025-03-05 11:00:00+00:00,34.1325,23.0,7.928178,Hyderabad
2025-03-05 12:00:00+00:00,33.482502,24.0,6.162207,Hyderabad
2025-03-05 13:00:00+00:00,31.182499,31.0,3.96,Hyderabad
2025-03-05 14:00:00+00:00,29.182499,37.0,3.671294,Hyderabad
2025-03-05 15:00:00+00:00,27.7825,39.0,3.671294,Hyderabad
2025-03-05 16:00:00+00:00,26.1325,39.0,4.510787,Hyderabad
2025-03-05 17:00:00+00:00,24.9825,44.0,3.6,Hyderabad
2025-03-05 18:00:00+00:00,24.3825,45.0,2.16,Hyderabad
2025-03-05 19:00:00+00:00,23.6325,47.0,1.1384199,Hyderabad
2025-03-05 20:00:00+00:00,22.832499,49.0,1.8,Hyderabad
2025-03-05 21:00:00+00:00,22.682499,48.0,4.3349743,Hyderabad
2025-03-05 22:00:00+00:00,21.6325,48.0,4.6102495,Hyderabad
2025-03-05 23:00:00+00:00,20.6325,47.0,4.1046314,Hyderabad
2025-03-06 00:00:00+00:00,19.7825,48.0,3.096837,Hyderabad
2025-03-06 01:00:00+00:00,19.3825,46.0,3.0547013,Hyderabad
2025-03-06 02:00:00+00:00,19.832499,44.0,3.396233,Hyderabad
2025-03-06 03:00:00+00:00,22.582499,39.0,3.7585104,Hyderabad
2025-03-06 04:00:00+00:00,26.0325,29.0,7.9932976,Hyderabad
2025-03-06 05:00:00+00:00,28.7825,21.0,9.504273,Hyderabad
2025-03-06 06:00:00+00:00,31.3825,18.0,8.049845,Hyderabad
2025-03-06 07:00:00+00:00,32.7825,17.0,7.8625183,Hyderabad
2025-03-06 08:00:00+00:00,34.0325,14.0,7.928178,Hyderabad
2025-03-06 09:00:00+00:00,34.5825,12.0,8.049845,Hyderabad
2025-03-06 10:00:00+00:00,34.5825,11.0,7.771331,Hyderabad
2025-03-06 11:00:00+00:00,34.0825,11.0,6.9899354,Hyderabad
2025-03-06 12:00:00+00:00,33.3325,11.0,4.73506,Hyderabad
2025-03-06 13:00:00+00:00,30.7825,16.0,3.6,Hyderabad
2025-03-06 14:00:00+00:00,28.3825,21.0,4.0249224,Hyderabad
2025-03-06 15:00:00+00:00,26.8825,26.0,3.0547013,Hyderabad
2025-03-06 16:00:00+00:00,25.4825,31.0,3.319036,Hyderabad
2025-03-06 17:00:00+00:00,23.4825,40.0,2.1897945,Hyderabad
2025-03-06 18:00:00+00:00,21.682499,46.0,1.8,Hyderabad
2025-03-06 19:00:00+00:00,21.0325,49.0,2.1897945,Hyderabad
2025-03-06 20:00:00+00:00,20.332499,50.0,1.1384199,Hyderabad
2025-03-06 21:00:00+00:00,19.582499,51.0,1.08,Hyderabad
2025-03-06 22:00:00+00:00,18.7325,53.0,1.2979984,Hyderabad
2025-03-06 23:00:00+00:00,18.0325,55.0,1.609969,Hyderabad
2025-03-07 00:00:00+00:00,17.082499,61.0,2.0991426,Hyderabad
2025-03-07 01:00:00+00:00,16.5325,62.0,2.6208394,Hyderabad
2025-03-07 02:00:00+00:00,17.182499,61.0,2.9024127,Hyderabad
2025-03-07 03:00:00+00:00,21.9825,51.0,0.71999997,Hyderabad
2025-03-07 04:00:00+00:00,27.082499,31.0,3.0547013,Hyderabad
2025-03-07 05:00:00+00:00,30.182499,21.0,8.0899935,Hyderabad
2025-03-07 06:00:00+00:00,32.232502,18.0,7.928177,Hyderabad
2025-03-07 07:00:00+00:00,33.2825,16.0,8.161764,Hyderabad
2025-03-07 08:00:00+00:00,34.232502,15.0,7.8954163,Hyderabad
2025-03-07 09:00:00+00:00,34.682503,15.0,7.653705,Hyderabad
2025-03-07 10:00:00+00:00,34.682503,15.0,7.42159,Hyderabad
2025-03-07 11:00:00+00:00,34.182503,16.0,7.127636,Hyderabad
2025-03-07 12:00:00+00:00,33.1325,16.0,6.489992,Hyderabad
2025-03-07 13:00:00+00:00,30.4825,21.0,4.73506,Hyderabad
2025-03-07 14:00:00+00:00,27.432499,28.0,4.6938252,Hyderabad
2025-03-07 15:00:00+00:00,25.582499,34.0,4.32,Hyderabad
2025-03-07 16:00:00+00:00,24.7325,38.0,2.9024127,Hyderabad
2025-03-07 17:00:00+00:00,23.9825,39.0,0.35999998,Hyderabad
2025-03-07 18:00:00+00:00,23.182499,41.0,2.1897945,Hyderabad
2025-03-07 19:00:00+00:00,22.082499,43.0,2.1897945,Hyderabad
2025-03-07 20:00:00+00:00,21.0325,45.0,2.2768397,Hyderabad
2025-03-07 21:00:00+00:00,20.182499,47.0,2.5959969,Hyderabad
2025-03-07 22:00:00+00:00,19.7325,48.0,2.8116899,Hyderabad
2025-03-07 23:00:00+00:00,19.582499,48.0,2.8116899,Hyderabad
2025-02-04 00:00:00+00:00,20.3,100.0,3.2399998,Chennai
2025-02-04 01:00:00+00:00,19.8,100.0,3.2599385,Chennai
2025-02-04 02:00:00+00:00,19.45,100.0,2.8799999,Chennai
2025-02-04 03:00:00+00:00,21.35,93.0,2.5455842,Chennai
2025-02-04 04:00:00+00:00,25.5,76.0,3.671294,Chennai
2025-02-04 05:00:00+00:00,28.55,60.0,0.71999997,Chennai
2025-02-04 06:00:00+00:00,31.2,47.0,1.9386592,Chennai
2025-02-04 07:00:00+00:00,32.45,42.0,4.896529,Chennai
2025-02-04 08:00:00+00:00,32.9,40.0,7.2359104,Chennai
2025-02-04 09:00:00+00:00,32.45,42.0,9.0,Chennai
2025-02-04 10:00:00+00:00,31.45,44.0,9.3876505,Chennai
2025-02-04 11:00:00+00:00,30.1,50.0,9.028754,Chennai
2025-02-04 12:00:00+00:00,29.5,53.0,7.2359104,Chennai
2025-02-04 13:00:00+00:00,27.5,67.0,6.130579,Chennai
2025-02-04 14:00:00+00:00,26.45,79.0,4.32,Chennai
2025-02-04 15:00:00+00:00,25.75,85.0,3.2599385,Chennai
2025-02-04 16:00:00+00:00,25.35,87.0,2.8799999,Chennai
2025-02-04 17:00:00+00:00,25.05,89.0,2.5455842,Chennai
2025-02-04 18:00:00+00:00,25.05,90.0,1.8,Chennai
2025-02-04 19:00:00+00:00,24.65,91.0,1.484318,Chennai
2025-02-04 20:00:00+00:00,24.45,91.0,0.35999998,Chennai
2025-02-04 21:00:00+00:00,24.05,92.0,1.1384199,Chennai
2025-02-04 22:00:00+00:00,23.35,96.0,2.1897945,Chennai
2025-02-04 23:00:00+00:00,22.45,100.0,2.9024127,Chennai
2025-02-05 00:00:00+00:00,21.8,99.0,2.9024127,Chennai
2025-02-05 01:00:00+00:00,21.55,99.0,2.9024127,Chennai
2025-02-05 02:00:00+00:00,22.2,94.0,3.6179552,Chennai
2025-02-05 03:00:00+00:00,24.8,81.0,4.0249224,Chennai
2025-02-05 04:00:00+00:00,27.4,71.0,3.396233,Chennai
2025-02-05 05:00:00+00:00,29.5,60.0,3.319036,Chennai
2025-02-05 06:00:00+00:00,31.4,51.0,3.7064266,Chennai
2025-02-05 07:00:00+00:00,32.1,49.0,7.628263,Chennai
2025-02-05 08:00:00+00:00,31.85,49.0,10.495713,Chennai
2025-02-05 09:00:00+00:00,31.3,49.0,10.365251,Chennai
2025-02-05 10:00:00+00:00,30.55,52.0,10.24578,Chennai
2025-02-05 11:00:00+00:00,29.3,60.0,9.904906,Chennai
2025-02-05 12:00:00+00:00,29.0,60.0,7.8625183,Chennai
2025-02-05 13:00:00+00:00,27.6,66.0,6.28713,Chennai
2025-02-05 14:00:00+00:00,26.85,71.0,3.9763298,Chennai
2025-02-05 15:00:00+00:00,26.3,75.0,2.968636,Chennai
2025-02-05 16:00:00+00:00,26.0,77.0,2.4149535,Chennai
2025-02-05 17:00:00+00:00,25.75,79.0,2.0364676,Chennai
2025-02-05 18:00:00+00:00,25.4,83.0,1.8,Chennai
2025-02-05 19:00:00+00:00,25.1,85.0,1.9386592,Chennai
2025-02-05 20:00:00+00:00,24.9,86.0,1.835647,Chennai
2025-02-05 21:00:00+00:00,24.6,87.0,2.0991426,Chennai
2025-02-05 22:00:00+00:00,24.2,88.0,2.3051248,Chennai
2025-02-05 23:00:00+00:00,23.9,89.0,1.8,Chennai
2025-02-06 00:00:00+00:00,23.45,88.0,1.1384199,Chennai
2025-02-06 01:00:00+00:00,23.35,88.0,1.0182338,Chennai
2025-02-06 02:00:00+00:00,23.55,86.0,1.5273507,Chennai
2025-02-06 03:00:00+00:00,25.75,75.0,1.1384199,Chennai
2025-02-06 04:00:00+00:00,28.3,62.0,3.671294,Chennai
2025-02-06 05:00:00+00:00,29.6,56.0,6.9899354,Chennai
2025-02-06 06:00:00+00:00,30.25,54.0,6.130579,Chennai
2025-02-06 07:00:00+00:00,31.0,51.0,7.208994,Chennai
2025-02-06 08:00:00+00:00,31.45,47.0,7.928178,Chennai
2025-02-06 09:00:00+00:00,31.4,47.0,8.287822,Chennai
2025-02-06 10:00:00+00:00,30.75,51.0,9.028754,Chennai
2025-02-06 11:00:00+00:00,29.5,58.0,9.028754,Chennai
2025-02-06 12:00:00+00:00,28.5,64.0,7.5685663,Chennai
2025-02-06 13:00:00+00:00,26.95,71.0,6.4799995,Chennai
2025-02-06 14:00:00+00:00,26.0,78.0,4.68,Chennai
2025-02-06 15:00:00+00:00,25.35,82.0,3.6,Chennai
2025-02-06 16:00:00+00:00,25.0,84.0,2.9024127,Chennai
2025-02-06 17:00:00+00:00,24.75,86.0,2.5455842,Chennai
2025-02-06 18:00:00+00:00,24.7,87.0,1.8,Chennai
2025-02-06 19:00:00+00:00,24.35,88.0,1.2979984,Chennai
2025-02-06 20:00:00+00:00,23.95,89.0,0.8049845,Chennai
2025-02-06 21:00:00+00:00,23.4,91.0,1.0182338,Chennai
2025-02-06 22:00:00+00:00,22.9,94.0,1.08,Chennai
2025-02-06 23:00:00+00:00,22.35,96.0,1.9386592,Chennai
2025-02-07 00:00:00+00:00,22.2,97.0,2.7416782,Chennai
2025-02-07 01:00:00+00:00,21.6,99.0,2.9024127,Chennai
2025-02-07 02:00:00+00:00,21.7,99.0,3.671294,Chennai
2025-02-07 03:00:00+00:00,23.9,87.0,3.2599385,Chennai
2025-02-07 04:00:00+00:00,26.45,75.0,1.8,Chennai
2025-02-07 05:00:00+00:00,28.9,61.0,2.6208394,Chennai
2025-02-07 06:00:00+00:00,30.65,56.0,2.9024127,Chennai
2025-02-07 07:00:00+00:00,31.8,49.0,6.162207,Chennai
2025-02-07 08:00:00+00:00,32.1,47.0,8.759178,Chennai
2025-02-07 09:00:00+00:00,31.5,48.0,9.885262,Chennai
2025-02-07 10:00:00+00:00,30.65,51.0,9.422101,Chennai
2025-02-07 11:00:00+00:00,29.55,56.0,9.028754,Chennai
2025-02-07 12:00:00+00:00,28.9,62.0,6.8399997,Chennai
2025-02-07 13:00:00+00:00,27.1,72.0,6.130579,Chennai
2025-02-07 14:00:00+00:00,26.25,79.0,4.73506,Chennai
2025-02-07 15:00:00+00:00,25.6,83.0,3.4152596,Chennai
2025-02-07 16:00:00+00:00,25.25,84.0,2.6208394,Chennai
2025-02-07 17:00:00+00:00,25.05,85.0,1.9386592,Chennai
2025-02-07 18:00:00+00:00,24.7,89.0,1.484318,Chennai
2025-02-07 19:00:00+00:00,24.6,89.0,0.71999997,Chennai
2025-02-07 20:00:00+00:00,24.2,90.0,0.5091169,Chennai
2025-02-07 21:00:00+00:00,23.55,93.0,1.2979984,Chennai
2025-02-07 22:00:00+00:00,22.85,97.0,1.484318,Chennai
2025-02-07 23:00:00+00:00,22.25,100.0,2.2768397,Chennai
2025-02-08 00:00:00+00:00,22.5,99.0,2.1897945,Chennai
2025-02-08 01:00:00+00:00,22.4,100.0,2.9024127,Chennai
2025-02-08 02:00:00+00:00,22.3,99.0,3.4152596,Chennai
2025-02-08 03:00:00+00:00,24.45,88.0,4.5536795,Chennai
2025-02-08 04:00:00+00:00,27.15,75.0,2.0991426,Chennai
2025-02-08 05:00:00+00:00,29.25,63.0,3.0547013,Chennai
2025-02-08 06:00:00+00:00,30.8,55.0,4.6938257,Chennai
2025-02-08 07:00:00+00:00,31.55,51.0,7.628263,Chennai
2025-02-08 08:00:00+00:00,31.75,50.0,9.178235,Chennai
2025-02-08 09:00:00+00:00,31.4,50.0,9.779817,Chennai
2025-02-08 10:00:00+00:00,30.6,54.0,9.746631,Chennai
2025-02-08 11:00:00+00:00,29.6,57.0,9.028754,Chennai
2025-02-08 12:00:00+00:00,28.75,62.0,7.208994,Chennai
2025-02-08 13:00:00+00:00,27.4,69.0,5.771239,Chennai
2025-02-08 14:00:00+00:00,26.7,75.0,4.3349743,Chennai
2025-02-08 15:00:00+00:00,26.05,80.0,3.2599385,Chennai
2025-02-08 16:00:00+00:00,25.6,84.0,2.6208394,Chennai
2025-02-08 17:00:00+00:00,25.3,86.0,2.5959969,Chennai
2025-02-08 18:00:00+00:00,25.4,85.0,2.6208394,Chennai
2025-02-08 19:00:00+00:00,25.3,86.0,1.9386592,Chennai
2025-02-08 20:00:00+00:00,25.2,86.0,0.8049845,Chennai
2025-02-08 21:00:00+00:00,24.9,86.0,1.1384199,Chennai
2025-02-08 22:00:00+00:00,24.1,90.0,2.16,Chennai
2025-02-08 23:00:00+00:00,23.6,92.0,2.4149535,Chennai
2025-02-09 00:00:00+00:00,23.25,92.0,2.0364676,Chennai
2025-02-09 01:00:00+00:00,22.65,94.0,2.9024127,Chennai
2025-02-09 02:00:00+00:00,22.9,92.0,3.671294,Chennai
2025-02-09 03:00:00+00:00,25.2,81.0,3.7064266,Chennai
2025-02-09 04:00:00+00:00,27.65,70.0,1.8,Chennai
2025-02-09 05:00:00+00:00,29.65,59.0,7.172949,Chennai
2025-02-09 06:00:00+00:00,30.75,55.0,8.557102,Chennai
2025-02-09 07:00:00+00:00,31.2,54.0,9.531505,Chennai
2025-02-09 08:00:00+00:00,31.45,52.0,9.885262,Chennai
2025-02-09 09:00:00+00:00,31.3,53.0,9.9571085,Chennai
2025-02-09 10:00:00+00:00,30.75,54.0,10.041354,Chennai
2025-02-09 11:00:00+00:00,29.8,58.0,10.137692,Chennai
2025-02-09 12:00:00+00:00,29.05,64.0,8.654986,Chennai
2025-02-09 13:00:00+00:00,27.85,67.0,7.289444,Chennai
2025-02-09 14:00:00+00:00,27.2,72.0,5.4833565,Chennai
2025-02-09 15:00:00+00:00,26.65,76.0,4.510787,Chennai
2025-02-09 16:00:00+00:00,26.15,79.0,3.6,Chennai
2025-02-09 17:00:00+00:00,25.8,80.0,3.319036,Chennai
2025-02-09 18:00:00+00:00,25.6,83.0,3.096837,Chennai
2025-02-09 19:00:00+00:00,25.3,84.0,2.9024127,Chennai
2025-02-09 20:00:00+00:00,25.25,82.0,2.5959969,Chennai
2025-02-09 21:00:00+00:00,25.2,80.0,2.3051248,Chennai
2025-02-09 22:00:00+00:00,25.05,79.0,2.4149535,Chennai
2025-02-09 23:00:00+00:00,24.85,80.0,2.1897945,Chennai
2025-02-10 00:00:00+00:00,24.1,88.0,1.4399999,Chennai
2025-02-10 01:00:00+00:00,24.0,87.0,1.1384199,Chennai
2025-02-10 02:00:00+00:00,24.6,85.0,0.71999997,Chennai
2025-02-10 03:00:00+00:00,26.75,71.0,3.319036,Chennai
2025-02-10 04:00:00+00:00,28.7,54.0,7.92,Chennai
2025-02-10 05:00:00+00:00,29.7,48.0,9.007196,Chennai
2025-02-10 06:00:00+00:00,30.2,48.0,8.28,Chennai
2025-02-10 07:00:00+00:00,30.7,47.0,8.669949,Chennai
2025-02-10 08:00:00+00:00,30.9,47.0,9.114471,Chennai
2025-02-10 09:00:00+00:00,30.6,48.0,9.346143,Chennai
2025-02-10 10:00:00+00:00,30.0,49.0,9.227524,Chennai
2025-02-10 11:00:00+00:00,29.25,49.0,8.707237,Chennai
2025-02-10 12:00:00+00:00,28.75,52.0,8.714677,Chennai
2025-02-10 13:00:00+00:00,27.05,60.0,6.638072,Chennai
2025-02-10 14:00:00+00:00,25.85,70.0,4.8433046,Chennai
2025-02-10 15:00:00+00:00,25.15,75.0,4.1046314,Chennai
2025-02-10 16:00:00+00:00,24.75,77.0,3.219938,Chennai
2025-02-10 17:00:00+00:00,24.45,77.0,2.6208394,Chennai
2025-02-10 18:00:00+00:00,24.55,77.0,3.0547013,Chennai
2025-02-10 19:00:00+00:00,24.35,77.0,2.8116899,Chennai
2025-02-10 20:00:00+00:00,23.95,79.0,2.2768397,Chennai
2025-02-10 21:00:00+00:00,23.75,79.0,2.16,Chennai
2025-02-10 22:00:00+00:00,23.35,81.0,2.2768397,Chennai
2025-02-10 23:00:00+00:00,23.05,83.0,2.0991426,Chennai
2025-02-11 00:00:00+00:00,23.1,83.0,0.5091169,Chennai
2025-02-11 01:00:00+00:00,22.9,83.0,0.8049845,Chennai
2025-02-11 02:00:00+00:00,23.25,83.0,1.8,Chennai
2025-02-11 03:00:00+00:00,25.65,71.0,1.484318,Chennai
2025-02-11 04:00:00+00:00,28.15,57.0,1.609969,Chennai
2025-02-11 05:00:00+00:00,29.6,52.0,2.968636,Chennai
2025-02-11 06:00:00+00:00,30.75,50.0,2.968636,Chennai
2025-02-11 07:00:00+00:00,31.85,47.0,4.0249224,Chennai
2025-02-11 08:00:00+00:00,32.3,46.0,5.506941,Chennai
2025-02-11 09:00:00+00:00,32.15,47.0,7.6367526,Chennai
2025-02-11 10:00:00+00:00,31.15,50.0,9.3669195,Chennai
2025-02-11 11:00:00+00:00,29.45,54.0,9.726665,Chennai
2025-02-11 12:00:00+00:00,28.25,62.0,8.557102,Chennai
2025-02-11 13:00:00+00:00,26.6,66.0,6.638072,Chennai
2025-02-11 14:00:00+00:00,25.6,74.0,4.452954,Chennai
2025-02-11 15:00:00+00:00,24.85,79.0,3.6179552,Chennai
2025-02-11 16:00:00+00:00,24.35,82.0,3.2599385,Chennai
2025-02-11 17:00:00+00:00,24.05,83.0,2.4149535,Chennai
2025-02-11 18:00:00+00:00,24.1,84.0,3.0758414,Chennai
2025-02-11 19:00:00+00:00,23.8,85.0,1.8,Chennai
2025-02-11 20:00:00+00:00,23.55,85.0,0.71999997,Chennai
2025-02-11 21:00:00+00:00,23.15,86.0,0.8049845,Chennai
2025-02-11 22:00:00+00:00,22.5,89.0,1.1384199,Chennai
2025-02-11 23:00:00+00:00,21.75,92.0,1.8,Chennai
2025-02-12 00:00:00+00:00,21.65,92.0,3.2599385,Chennai
2025-02-12 01:00:00+00:00,20.95,95.0,3.671294,Chennai
2025-02-12 02:00:00+00:00,21.6,90.0,3.671294,Chennai
2025-02-12 03:00:00+00:00,24.5,76.0,4.0249224,Chennai
2025-02-12 04:00:00+00:00,27.2,63.0,2.6208394,Chennai
2025-02-12 05:00:00+00:00,28.8,56.0,0.8049845,Chennai
2025-02-12 06:00:00+00:00,30.6,51.0,1.8,Chennai
2025-02-12 07:00:00+00:00,31.85,49.0,3.8939953,Chennai
2025-02-12 08:00:00+00:00,32.5,49.0,5.6920996,Chennai
2025-02-12 09:00:00+00:00,32.15,49.0,8.287822,Chennai
2025-02-12 10:00:00+00:00,30.95,51.0,9.422101,Chennai
2025-02-12 11:00:00+00:00,29.35,55.0,9.114471,Chennai
2025-02-12 12:00:00+00:00,28.45,62.0,6.9899354,Chennai
2025-02-12 13:00:00+00:00,26.65,70.0,5.5887027,Chennai
2025-02-12 14:00:00+00:00,25.4,79.0,4.1046314,Chennai
2025-02-12 15:00:00+00:00,24.6,85.0,3.2599385,Chennai
2025-02-12 16:00:00+00:00,24.2,89.0,2.5455842,Chennai
2025-02-12 17:00:00+00:00,23.8,90.0,2.1897945,Chennai
2025-02-12 18:00:00+00:00,23.6,89.0,1.484318,Chennai
2025-02-12 19:00:00+00:00,23.15,91.0,0.0,Chennai
2025-02-12 20:00:00+00:00,22.5,93.0,1.4399999,Chennai
2025-02-12 21:00:00+00:00,21.6,97.0,2.16,Chennai
2025-02-12 22:00:00+00:00,20.75,100.0,3.2599385,Chennai
2025-02-12 23:00:00+00:00,20.7,100.0,3.6179552,Chennai
2025-02-13 00:00:00+00:00,20.55,100.0,2.9024127,Chennai
2025-02-13 01:00:00+00:00,20.25,100.0,3.6179552,Chennai
2025-02-13 02:00:00+00:00,20.0,100.0,3.319036,Chennai
2025-02-13 03:00:00+00:00,22.6,88.0,3.5455887,Chennai
2025-02-13 04:00:00+00:00,25.95,74.0,4.3349743,Chennai
2025-02-13 05:00:00+00:00,28.45,62.0,5.0911684,Chennai
2025-02-13 06:00:00+00:00,30.4,53.0,4.0249224,Chennai
2025-02-13 07:00:00+00:00,31.9,47.0,5.3517847,Chennai
2025-02-13 08:00:00+00:00,32.35,46.0,7.491114,Chennai
2025-02-13 09:00:00+00:00,32.15,44.0,8.39657,Chennai
2025-02-13 10:00:00+00:00,31.55,43.0,8.373386,Chennai
2025-02-13 11:00:00+00:00,30.45,45.0,8.049845,Chennai
2025-02-13 12:00:00+00:00,29.25,53.0,6.792466,Chennai
2025-02-13 13:00:00+00:00,27.25,65.0,5.692099,Chennai
2025-02-13 14:00:00+00:00,25.95,76.0,4.1046314,Chennai
2025-02-13 15:00:00+00:00,25.0,84.0,3.096837,Chennai
2025-02-13 16:00:00+00:00,24.5,87.0,2.3051248,Chennai
2025-02-13 17:00:00+00:00,24.2,88.0,2.0991426,Chennai
2025-02-13 18:00:00+00:00,23.8,89.0,2.16,Chennai
2025-02-13 19:00:00+00:00,23.3,91.0,2.0991426,Chennai
2025-02-13 20:00:00+00:00,22.4,94.0,3.0758414,Chennai
2025-02-13 21:00:00+00:00,21.5,97.0,2.968636,Chennai
2025-02-13 22:00:00+00:00,21.05,97.0,2.968636,Chennai
2025-02-13 23:00:00+00:00,20.7,96.0,2.9024127,Chennai
2025-02-14 00:00:00+00:00,20.1,98.0,2.7416782,Chennai
2025-02-14 01:00:00+00:00,19.75,97.0,2.7416782,Chennai
2025-02-14 02:00:00+00:00,20.4,93.0,2.8116899,Chennai
2025-02-14 03:00:00+00:00,23.25,80.0,3.6,Chennai
2025-02-14 04:00:00+00:00,26.3,72.0,5.3517847,Chennai
2025-02-14 05:00:00+00:00,28.95,61.0,6.489992,Chennai
2025-02-14 06:00:00+00:00,31.3,52.0,6.162207,Chennai
2025-02-14 07:00:00+00:00,32.85,45.0,6.439876,Chennai
2025-02-14 08:00:00+00:00,33.4,45.0,7.8954163,Chennai
2025-02-14 09:00:00+00:00,33.2,44.0,9.449572,Chennai
2025-02-14 10:00:00+00:00,32.3,46.0,9.957108,Chennai
2025-02-14 11:00:00+00:00,30.95,49.0,9.931042,Chennai
2025-02-14 12:00:00+00:00,29.15,58.0,8.669949,Chennai
2025-02-14 13:00:00+00:00,27.15,69.0,7.653705,Chennai
2025-02-14 14:00:00+00:00,26.05,79.0,5.6233797,Chennai
2025-02-14 15:00:00+00:00,25.35,84.0,4.1046314,Chennai
2025-02-14 16:00:00+00:00,24.85,87.0,2.9024127,Chennai
2025-02-14 17:00:00+00:00,24.45,89.0,2.16,Chennai
2025-02-14 18:00:00+00:00,24.15,90.0,1.8,Chennai
2025-02-14 19:00:00+00:00,23.35,94.0,2.2768397,Chennai
2025-02-14 20:00:00+00:00,22.55,97.0,2.52,Chennai
2025-02-14 21:00:00+00:00,22.1,98.0,2.52,Chennai
2025-02-14 22:00:00+00:00,21.7,98.0,2.2768397,Chennai
2025-02-14 23:00:00+00:00,21.25,99.0,2.2768397,Chennai
2025-02-15 00:00:00+00:00,20.65,100.0,1.8,Chennai
2025-02-15 01:00:00+00:00,20.4,100.0,2.3051248,Chennai
2025-02-15 02:00:00+00:00,20.55,100.0,2.8116899,Chennai
2025-02-15 03:00:00+00:00,23.25,88.0,2.5959969,Chennai
2025-02-15 04:00:00+00:00,26.7,73.0,5.4119864,Chennai
2025-02-15 05:00:00+00:00,29.0,62.0,5.937272,Chennai
2025-02-15 06:00:00+00:00,31.1,52.0,6.28713,Chennai
2025-02-15 07:00:00+00:00,32.4,46.0,7.2,Chennai
2025-02-15 08:00:00+00:00,32.65,44.0,8.942214,Chennai
2025-02-15 09:00:00+00:00,32.3,43.0,9.726664,Chennai
2025-02-15 10:00:00+00:00,31.65,42.0,10.009036,Chennai
2025-02-15 11:00:00+00:00,30.45,46.0,9.726664,Chennai
2025-02-15 12:00:00+00:00,29.15,56.0,8.714677,Chennai
2025-02-15 13:00:00+00:00,27.2,67.0,7.42159,Chennai
2025-02-15 14:00:00+00:00,26.15,77.0,6.193674,Chennai
2025-02-15 15:00:00+00:00,25.55,81.0,4.8965297,Chennai
2025-02-15 16:00:00+00:00,25.1,83.0,4.6102495,Chennai
2025-02-15 17:00:00+00:00,24.65,85.0,3.563818,Chennai
2025-02-15 18:00:00+00:00,24.75,84.0,2.9024127,Chennai
2025-02-15 19:00:00+00:00,24.45,86.0,2.5455842,Chennai
2025-02-15 20:00:00+00:00,24.4,86.0,1.835647,Chennai
2025-02-15 21:00:00+00:00,24.1,87.0,1.9386592,Chennai
2025-02-15 22:00:00+00:00,23.7,89.0,2.3051248,Chennai
2025-02-15 23:00:00+00:00,23.05,92.0,3.0758414,Chennai
2025-02-16 00:00:00+00:00,22.4,92.0,2.9024127,Chennai
2025-02-16 01:00:00+00:00,22.1,94.0,2.7416782,Chennai
2025-02-16 02:00:00+00:00,22.5,91.0,3.219938,Chennai
2025-02-16 03:00:00+00:00,24.7,80.0,3.7064266,Chennai
2025-02-16 04:00:00+00:00,27.35,68.0,3.7585104,Chennai
2025-02-16 05:00:00+00:00,29.45,58.0,4.0249224,Chennai
2025-02-16 06:00:00+00:00,32.0,47.0,3.7064266,Chennai
2025-02-16 07:00:00+00:00,33.2,42.0,7.10031,Chennai
2025-02-16 08:00:00+00:00,33.05,44.0,9.83268,Chennai
2025-02-16 09:00:00+00:00,32.05,46.0,11.298495,Chennai
2025-02-16 10:00:00+00:00,31.15,46.0,11.165805,Chennai
2025-02-16 11:00:00+00:00,29.9,52.0,11.043261,Chennai
2025-02-16 12:00:00+00:00,28.85,61.0,9.793058,Chennai
2025-02-16 13:00:00+00:00,27.2,72.0,8.209263,Chennai
2025-02-16 14:00:00+00:00,26.55,77.0,6.379216,Chennai
2025-02-16 15:00:00+00:00,26.2,79.0,5.5887027,Chennai
2025-02-16 16:00:00+00:00,25.95,79.0,5.3517847,Chennai
2025-02-16 17:00:00+00:00,25.65,79.0,4.510787,Chennai
2025-02-16 18:00:00+00:00,25.4,80.0,3.0758414,Chennai
2025-02-16 19:00:00+00:00,25.15,80.0,2.4149535,Chennai
2025-02-16 20:00:00+00:00,24.95,81.0,0.8049845,Chennai
2025-02-16 21:00:00+00:00,24.6,82.0,1.2979984,Chennai
2025-02-16 22:00:00+00:00,23.95,85.0,1.609969,Chennai
2025-02-16 23:00:00+00:00,23.5,87.0,2.4149535,Chennai
2025-02-17 00:00:00+00:00,22.8,92.0,1.9386592,Chennai
2025-02-17 01:00:00+00:00,22.45,95.0,2.2768397,Chennai
2025-02-17 02:00:00+00:00,22.95,92.0,2.968636,Chennai
2025-02-17 03:00:00+00:00,25.2,81.0,2.9024127,Chennai
2025-02-17 04:00:00+00:00,27.9,67.0,2.9024127,Chennai
2025-02-17 05:00:00+00:00,30.25,53.0,6.3690495,Chennai
2025-02-17 06:00:00+00:00,31.7,48.0,6.989936,Chennai
2025-02-17 07:00:00+00:00,32.1,47.0,8.707237,Chennai
2025-02-17 08:00:00+00:00,32.25,46.0,9.19939,Chennai
2025-02-17 09:00:00+00:00,32.15,46.0,9.339208,Chennai
2025-02-17 10:00:00+00:00,31.5,49.0,9.504273,Chennai
2025-02-17 11:00:00+00:00,30.4,54.0,9.028754,Chennai
2025-02-17 12:00:00+00:00,29.4,59.0,7.754637,Chennai
2025-02-17 13:00:00+00:00,27.85,66.0,6.6185193,Chennai
2025-02-17 14:00:00+00:00,27.15,71.0,5.154415,Chennai
2025-02-17 15:00:00+00:00,26.55,75.0,3.8939953,Chennai
2025-02-17 16:00:00+00:00,26.0,77.0,3.8268526,Chennai
2025-02-17 17:00:00+00:00,25.6,77.0,3.0547013,Chennai
2025-02-17 18:00:00+00:00,25.25,81.0,2.5959969,Chennai
2025-02-17 19:00:00+00:00,24.95,81.0,1.609969,Chennai
2025-02-17 20:00:00+00:00,24.55,82.0,1.2979984,Chennai
2025-02-17 21:00:00+00:00,23.95,85.0,1.8,Chennai
2025-02-17 22:00:00+00:00,23.35,88.0,2.5455842,Chennai
2025-02-17 23:00:00+00:00,22.8,91.0,2.5455842,Chennai
2025-02-18 00:00:00+00:00,22.55,94.0,2.6208394,Chennai
2025-02-18 01:00:00+00:00,22.2,95.0,2.6208394,Chennai
2025-02-18 02:00:00+00:00,22.7,93.0,3.0758414,Chennai
2025-02-18 03:00:00+00:00,25.15,80.0,3.4152596,Chennai
2025-02-18 04:00:00+00:00,28.0,65.0,2.5455842,Chennai
2025-02-18 05:00:00+00:00,30.05,54.0,5.3517847,Chennai
2025-02-18 06:00:00+00:00,31.7,49.0,5.0911684,Chennai
2025-02-18 07:00:00+00:00,32.35,47.0,7.2,Chennai
2025-02-18 08:00:00+00:00,32.5,46.0,9.085988,Chennai
2025-02-18 09:00:00+00:00,32.1,46.0,9.693296,Chennai
2025-02-18 10:00:00+00:00,31.35,47.0,9.511088,Chennai
2025-02-18 11:00:00+00:00,30.25,51.0,9.021574,Chennai
2025-02-18 12:00:00+00:00,29.25,57.0,7.491114,Chennai
2025-02-18 13:00:00+00:00,27.55,66.0,6.4096174,Chennai
2025-02-18 14:00:00+00:00,26.55,73.0,4.3349743,Chennai
2025-02-18 15:00:00+00:00,25.75,79.0,3.563818,Chennai
2025-02-18 16:00:00+00:00,25.2,81.0,3.096837,Chennai
2025-02-18 17:00:00+00:00,24.9,83.0,2.5959969,Chennai
2025-02-18 18:00:00+00:00,24.95,84.0,1.8,Chennai
2025-02-18 19:00:00+00:00,24.4,86.0,1.609969,Chennai
2025-02-18 20:00:00+00:00,23.9,88.0,2.2768397,Chennai
2025-02-18 21:00:00+00:00,23.4,90.0,3.319036,Chennai
2025-02-18 22:00:00+00:00,22.45,95.0,2.9024127,Chennai
2025-02-18 23:00:00+00:00,21.95,97.0,2.9024127,Chennai
2025-02-19 00:00:00+00:00,21.7,98.0,2.1897945,Chennai
2025-02-19 01:00:00+00:00,21.4,98.0,2.6208394,Chennai
2025-02-19 02:00:00+00:00,22.2,94.0,2.2768397,Chennai
2025-02-19 03:00:00+00:00,24.95,81.0,3.096837,Chennai
2025-02-19 04:00:00+00:00,27.85,69.0,4.3349743,Chennai
2025-02-19 05:00:00+00:00,29.9,59.0,6.28713,Chennai
2025-02-19 06:00:00+00:00,31.6,53.0,5.6233797,Chennai
2025-02-19 07:00:00+00:00,32.3,50.0,7.42159,Chennai
2025-02-19 08:00:00+00:00,32.5,49.0,8.78872,Chennai
2025-02-19 09:00:00+00:00,32.1,48.0,9.585739,Chennai
2025-02-19 10:00:00+00:00,31.3,50.0,9.387651,Chennai
2025-02-19 11:00:00+00:00,30.2,54.0,9.693296,Chennai
2025-02-19 12:00:00+00:00,28.65,64.0,8.707237,Chennai
2025-02-19 13:00:00+00:00,27.4,69.0,7.5942082,Chennai
2025-02-19 14:00:00+00:00,26.85,72.0,5.692099,Chennai
2025-02-19 15:00:00+00:00,26.25,75.0,4.1046314,Chennai
2025-02-19 16:00:00+00:00,25.7,78.0,3.319036,Chennai
2025-02-19 17:00:00+00:00,25.3,80.0,3.0547013,Chennai
2025-02-19 18:00:00+00:00,25.25,84.0,2.3051248,Chennai
2025-02-19 19:00:00+00:00,25.15,84.0,1.609969,Chennai
2025-02-19 20:00:00+00:00,24.85,85.0,1.609969,Chennai
2025-02-19 21:00:00+00:00,24.5,86.0,2.0364676,Chennai
2025-02-19 22:00:00+00:00,24.25,87.0,2.2768397,Chennai
2025-02-19 23:00:00+00:00,23.65,90.0,2.2768397,Chennai
2025-02-20 00:00:00+00:00,22.7,93.0,1.9386592,Chennai
2025-02-20 01:00:00+00:00,22.35,95.0,2.4149535,Chennai
2025-02-20 02:00:00+00:00,23.0,91.0,2.4149535,Chennai
2025-02-20 03:00:00+00:00,25.35,79.0,2.5959969,Chennai
2025-02-20 04:00:00+00:00,28.05,66.0,5.495161,Chennai
2025-02-20 05:00:00+00:00,29.8,59.0,6.3690495,Chennai
2025-02-20 06:00:00+00:00,31.05,54.0,6.3690495,Chennai
2025-02-20 07:00:00+00:00,31.4,53.0,7.9932966,Chennai
2025-02-20 08:00:00+00:00,31.55,52.0,9.387651,Chennai
2025-02-20 09:00:00+00:00,31.3,51.0,9.693296,Chennai
2025-02-20 10:00:00+00:00,30.7,53.0,9.826088,Chennai
2025-02-20 11:00:00+00:00,29.75,57.0,9.511088,Chennai
2025-02-20 12:00:00+00:00,29.05,61.0,7.754637,Chennai
2025-02-20 13:00:00+00:00,27.65,68.0,6.6185193,Chennai
2025-02-20 14:00:00+00:00,27.1,72.0,5.0142193,Chennai
2025-02-20 15:00:00+00:00,26.6,75.0,3.5455887,Chennai
2025-02-20 16:00:00+00:00,26.15,79.0,2.9024127,Chennai
2025-02-20 17:00:00+00:00,25.9,80.0,2.4149535,Chennai
2025-02-20 18:00:00+00:00,25.55,83.0,2.1897945,Chennai
2025-02-20 19:00:00+00:00,25.5,82.0,1.9386592,Chennai
2025-02-20 20:00:00+00:00,25.4,82.0,1.8,Chennai
2025-02-20 21:00:00+00:00,25.25,82.0,1.2979984,Chennai
2025-02-20 22:00:00+00:00,25.1,81.0,0.8049845,Chennai
2025-02-20 23:00:00+00:00,24.65,83.0,1.835647,Chennai
2025-02-21 00:00:00+00:00,23.15,94.0,1.609969,Chennai
2025-02-21 01:00:00+00:00,22.75,95.0,2.6208394,Chennai
2025-02-21 02:00:00+00:00,23.7,91.0,3.319036,Chennai
2025-02-21 03:00:00+00:00,26.0,80.0,3.5455887,Chennai
2025-02-21 04:00:00+00:00,28.4,66.0,1.2979984,Chennai
2025-02-21 05:00:00+00:00,30.4,55.0,5.0911684,Chennai
2025-02-21 06:00:00+00:00,31.55,51.0,6.489992,Chennai
2025-02-21 07:00:00+00:00,32.05,49.0,8.12197,Chennai
2025-02-21 08:00:00+00:00,32.15,49.0,8.905908,Chennai
2025-02-21 09:00:00+00:00,31.95,49.0,9.0,Chennai
2025-02-21 10:00:00+00:00,31.3,51.0,9.0,Chennai
2025-02-21 11:00:00+00:00,30.25,56.0,9.107359,Chennai
2025-02-21 12:00:00+00:00,29.05,64.0,8.311245,Chennai
2025-02-21 13:00:00+00:00,27.4,71.0,7.342588,Chennai
2025-02-21 14:00:00+00:00,26.75,75.0,5.4119864,Chennai
2025-02-21 15:00:00+00:00,26.3,79.0,3.9763298,Chennai
2025-02-21 16:00:00+00:00,25.95,80.0,3.4152596,Chennai
2025-02-21 17:00:00+00:00,25.5,82.0,2.3051248,Chennai
2025-02-21 18:00:00+00:00,25.55,81.0,1.1384199,Chennai
2025-02-21 19:00:00+00:00,25.2,82.0,0.8049845,Chennai
2025-02-21 20:00:00+00:00,24.95,83.0,1.0182338,Chennai
2025-02-21 21:00:00+00:00,24.7,84.0,1.2979984,Chennai
2025-02-21 22:00:00+00:00,24.35,85.0,1.9386592,Chennai
2025-02-21 23:00:00+00:00,23.7,88.0,2.1897945,Chennai
2025-02-22 00:00:00+00:00,23.3,92.0,2.16,Chennai
2025-02-22 01:00:00+00:00,22.95,94.0,2.9024127,Chennai
2025-02-22 02:00:00+00:00,23.45,91.0,3.319036,Chennai
2025-02-22 03:00:00+00:00,26.0,79.0,4.0249224,Chennai
2025-02-22 04:00:00+00:00,28.1,67.0,1.484318,Chennai
2025-02-22 05:00:00+00:00,30.05,58.0,3.5455887,Chennai
2025-02-22 06:00:00+00:00,31.6,52.0,3.0758414,Chennai
2025-02-22 07:00:00+00:00,32.45,50.0,5.0911684,Chennai
2025-02-22 08:00:00+00:00,33.05,48.0,7.2805495,Chennai
2025-02-22 09:00:00+00:00,32.65,49.0,9.107359,Chennai
2025-02-22 10:00:00+00:00,31.6,52.0,9.693296,Chennai
2025-02-22 11:00:00+00:00,30.4,54.0,9.227524,Chennai
2025-02-22 12:00:00+00:00,29.5,62.0,7.42159,Chennai
2025-02-22 13:00:00+00:00,27.8,72.0,6.28713,Chennai
2025-02-22 14:00:00+00:00,26.9,79.0,5.00128,Chennai
2025-02-22 15:00:00+00:00,26.2,83.0,4.3349743,Chennai
2025-02-22 16:00:00+00:00,25.65,85.0,4.072935,Chennai
2025-02-22 17:00:00+00:00,25.3,86.0,3.096837,Chennai
2025-02-22 18:00:00+00:00,25.15,86.0,2.5455842,Chennai
2025-02-22 19:00:00+00:00,24.95,88.0,1.5273507,Chennai
2025-02-22 20:00:00+00:00,24.75,89.0,1.2979984,Chennai
2025-02-22 21:00:00+00:00,24.5,90.0,2.0991426,Chennai
2025-02-22 22:00:00+00:00,24.05,92.0,2.0991426,Chennai
2025-02-22 23:00:00+00:00,23.7,94.0,2.2768397,Chennai
2025-02-23 00:00:00+00:00,23.35,95.0,2.0991426,Chennai
2025-02-23 01:00:00+00:00,22.95,96.0,2.1897945,Chennai
2025-02-23 02:00:00+00:00,23.75,92.0,2.52,Chennai
2025-02-23 03:00:00+00:00,25.9,81.0,2.9024127,Chennai
2025-02-23 04:00:00+00:00,28.35,66.0,1.8,Chennai
2025-02-23 05:00:00+00:00,30.25,58.0,1.609969,Chennai
2025-02-23 06:00:00+00:00,31.9,54.0,3.2599385,Chennai
2025-02-23 07:00:00+00:00,32.8,50.0,6.4799995,Chennai
2025-02-23 08:00:00+00:00,32.95,49.0,8.707238,Chennai
2025-02-23 09:00:00+00:00,32.4,48.0,9.531505,Chennai
2025-02-23 10:00:00+00:00,31.5,48.0,9.826088,Chennai
2025-02-23 11:00:00+00:00,30.3,52.0,9.47012,Chennai
2025-02-23 12:00:00+00:00,29.3,62.0,8.28,Chennai
2025-02-23 13:00:00+00:00,27.65,72.0,7.5685663,Chennai
2025-02-23 14:00:00+00:00,26.9,78.0,6.2145634,Chennai
2025-02-23 15:00:00+00:00,26.4,81.0,4.0249224,Chennai
2025-02-23 16:00:00+00:00,25.95,83.0,3.7585104,Chennai
2025-02-23 17:00:00+00:00,25.65,84.0,3.219938,Chennai
2025-02-23 18:00:00+00:00,25.85,83.0,2.4149535,Chennai
2025-02-23 19:00:00+00:00,25.5,85.0,2.5455842,Chennai
2025-02-23 20:00:00+00:00,25.3,86.0,2.0991426,Chennai
2025-02-23 21:00:00+00:00,25.15,87.0,1.08,Chennai
2025-02-23 22:00:00+00:00,24.8,88.0,1.484318,Chennai
2025-02-23 23:00:00+00:00,24.3,90.0,1.9386592,Chennai
2025-02-24 00:00:00+00:00,22.9,96.0,2.5455842,Chennai
2025-02-24 01:00:00+00:00,22.7,97.0,2.5455842,Chennai
2025-02-24 02:00:00+00:00,22.95,95.0,2.968636,Chennai
2025-02-24 03:00:00+00:00,25.55,82.0,3.0547013,Chennai
2025-02-24 04:00:00+00:00,28.1,68.0,4.39436,Chennai
2025-02-24 05:00:00+00:00,30.0,58.0,6.489992,Chennai
2025-02-24 06:00:00+00:00,31.6,53.0,9.178235,Chennai
2025-02-24 07:00:00+00:00,32.0,51.0,11.298495,Chennai
2025-02-24 08:00:00+00:00,31.9,50.0,12.7279215,Chennai
2025-02-24 09:00:00+00:00,31.65,50.0,13.397612,Chennai
2025-02-24 10:00:00+00:00,31.05,53.0,13.397612,Chennai
2025-02-24 11:00:00+00:00,30.0,59.0,12.783802,Chennai
2025-02-24 12:00:00+00:00,29.55,64.0,10.495713,Chennai
2025-02-24 13:00:00+00:00,28.15,69.0,8.707237,Chennai
2025-02-24 14:00:00+00:00,27.55,74.0,7.5942082,Chennai
2025-02-24 15:00:00+00:00,27.25,75.0,7.7879906,Chennai
2025-02-24 16:00:00+00:00,27.05,75.0,7.10031,Chennai
2025-02-24 17:00:00+00:00,26.9,73.0,6.6087217,Chennai
2025-02-24 18:00:00+00:00,26.7,77.0,5.1165614,Chennai
2025-02-24 19:00:00+00:00,26.35,77.0,5.1165614,Chennai
2025-02-24 20:00:00+00:00,26.1,77.0,4.8433046,Chennai
2025-02-24 21:00:00+00:00,25.85,76.0,4.5820518,Chennai
2025-02-24 22:00:00+00:00,25.55,76.0,3.396233,Chennai
2025-02-24 23:00:00+00:00,25.2,77.0,2.52,Chennai
2025-02-25 00:00:00+00:00,24.65,83.0,2.6208394,Chennai
2025-02-25 01:00:00+00:00,24.45,85.0,2.52,Chennai
2025-02-25 02:00:00+00:00,25.1,83.0,2.5455842,Chennai
2025-02-25 03:00:00+00:00,27.6,70.0,6.297428,Chennai
2025-02-25 04:00:00+00:00,29.25,60.0,10.182337,Chennai
2025-02-25 05:00:00+00:00,30.3,56.0,11.212135,Chennai
2025-02-25 06:00:00+00:00,31.3,52.0,11.457958,Chennai
2025-02-25 07:00:00+00:00,31.95,50.0,12.984975,Chennai
2025-02-25 08:00:00+00:00,32.2,48.0,13.746156,Chennai
2025-02-25 09:00:00+00:00,31.85,50.0,13.746156,Chennai
2025-02-25 10:00:00+00:00,31.15,53.0,13.746156,Chennai
2025-02-25 11:00:00+00:00,30.15,56.0,12.984975,Chennai
2025-02-25 12:00:00+00:00,29.6,60.0,11.212135,Chennai
2025-02-25 13:00:00+00:00,28.2,66.0,9.1641035,Chennai
2025-02-25 14:00:00+00:00,27.65,71.0,7.386582,Chennai
2025-02-25 15:00:00+00:00,27.2,75.0,6.1305785,Chennai
2025-02-25 16:00:00+00:00,26.85,77.0,5.8603754,Chennai
2025-02-25 17:00:00+00:00,26.6,79.0,5.8603754,Chennai
2025-02-25 18:00:00+00:00,26.6,77.0,5.6233797,Chennai
2025-02-25 19:00:00+00:00,26.4,78.0,5.3517847,Chennai
2025-02-25 20:00:00+00:00,26.15,79.0,5.1919937,Chennai
2025-02-25 21:00:00+00:00,26.0,80.0,5.315336,Chennai
2025-02-25 22:00:00+00:00,25.85,80.0,5.4833565,Chennai
2025-02-25 23:00:00+00:00,25.65,81.0,4.829907,Chennai
2025-02-26 00:00:00+00:00,25.55,83.0,4.39436,Chennai
2025-02-26 01:00:00+00:00,25.4,83.0,4.510787,Chennai
2025-02-26 02:00:00+00:00,26.3,79.0,5.154415,Chennai
2025-02-26 03:00:00+00:00,28.35,68.0,9.290511,Chennai
2025-02-26 04:00:00+00:00,29.8,61.0,11.720751,Chennai
2025-02-26 05:00:00+00:00,30.85,58.0,12.496718,Chennai
2025-02-26 06:00:00+00:00,31.75,53.0,12.768586,Chennai
2025-02-26 07:00:00+00:00,32.05,51.0,13.493999,Chennai
2025-02-26 08:00:00+00:00,32.35,49.0,14.003028,Chennai
2025-02-26 09:00:00+00:00,32.1,49.0,14.255272,Chennai
2025-02-26 10:00:00+00:00,31.3,53.0,14.512064,Chennai
2025-02-26 11:00:00+00:00,30.1,59.0,13.493999,Chennai
2025-02-26 12:00:00+00:00,29.6,61.0,11.457958,Chennai
2025-02-26 13:00:00+00:00,28.15,67.0,9.686609,Chennai
2025-02-26 14:00:00+00:00,27.45,73.0,7.928177,Chennai
2025-02-26 15:00:00+00:00,27.05,75.0,7.42159,Chennai
2025-02-26 16:00:00+00:00,26.9,73.0,7.653705,Chennai
2025-02-26 17:00:00+00:00,26.6,73.0,6.8777895,Chennai
2025-02-26 18:00:00+00:00,26.9,70.0,6.193674,Chennai
2025-02-26 19:00:00+00:00,26.5,73.0,5.3517847,Chennai
2025-02-26 20:00:00+00:00,26.15,74.0,4.39436,Chennai
2025-02-26 21:00:00+00:00,25.65,74.0,3.7585104,Chennai
2025-02-26 22:00:00+00:00,25.1,78.0,3.319036,Chennai
2025-02-26 23:00:00+00:00,24.8,81.0,3.2599385,Chennai
2025-02-27 00:00:00+00:00,24.8,83.0,2.5455842,Chennai
2025-02-27 01:00:00+00:00,24.85,82.0,3.0758414,Chennai
2025-02-27 02:00:00+00:00,25.7,78.0,3.4152596,Chennai
2025-02-27 03:00:00+00:00,27.9,67.0,6.489992,Chennai
2025-02-27 04:00:00+00:00,29.45,59.0,9.178235,Chennai
2025-02-27 05:00:00+00:00,30.65,55.0,9.957108,Chennai
2025-02-27 06:00:00+00:00,32.1,51.0,9.885262,Chennai
2025-02-27 07:00:00+00:00,32.45,50.0,10.799999,Chennai
2025-02-27 08:00:00+00:00,32.65,48.0,12.096214,Chennai
2025-02-27 09:00:00+00:00,32.35,48.0,12.538134,Chennai
2025-02-27 10:00:00+00:00,31.6,52.0,12.768586,Chennai
2025-02-27 11:00:00+00:00,30.45,57.0,12.475961,Chennai
2025-02-27 12:00:00+00:00,29.45,61.0,10.739832,Chennai
2025-02-27 13:00:00+00:00,28.1,67.0,8.942214,Chennai
2025-02-27 14:00:00+00:00,27.45,71.0,7.127636,Chennai
2025-02-27 15:00:00+00:00,27.1,74.0,6.4096174,Chennai
2025-02-27 16:00:00+00:00,26.8,75.0,5.692099,Chennai
2025-02-27 17:00:00+00:00,26.5,75.0,5.315336,Chennai
2025-02-27 18:00:00+00:00,26.45,74.0,4.510787,Chennai
2025-02-27 19:00:00+00:00,26.15,74.0,4.510787,Chennai
2025-02-27 20:00:00+00:00,25.9,75.0,4.3498964,Chennai
2025-02-27 21:00:00+00:00,25.7,77.0,4.802999,Chennai
2025-02-27 22:00:00+00:00,25.45,78.0,4.68,Chennai
2025-02-27 23:00:00+00:00,25.1,80.0,4.2136917,Chennai
2025-02-28 00:00:00+00:00,24.8,84.0,3.7064266,Chennai
2025-02-28 01:00:00+00:00,24.65,85.0,3.7064266,Chennai
2025-02-28 02:00:00+00:00,25.3,83.0,4.198285,Chennai
2025-02-28 03:00:00+00:00,27.1,76.0,5.04,Chennai
2025-02-28 04:00:00+00:00,29.35,65.0,10.296251,Chennai
2025-02-28 05:00:00+00:00,30.2,61.0,11.480557,Chennai
2025-02-28 06:00:00+00:00,31.05,58.0,11.212135,Chennai
2025-02-28 07:00:00+00:00,31.6,56.0,12.475961,Chennai
2025-02-28 08:00:00+00:00,31.6,57.0,13.246826,Chennai
2025-02-28 09:00:00+00:00,31.75,55.0,13.493999,Chennai
2025-02-28 10:00:00+00:00,31.4,56.0,13.493999,Chennai
2025-02-28 11:00:00+00:00,30.4,60.0,12.538134,Chennai
2025-02-28 12:00:00+00:00,29.55,65.0,11.304229,Chennai
2025-02-28 13:00:00+00:00,28.3,71.0,10.009036,Chennai
2025-02-28 14:00:00+00:00,27.85,74.0,8.669949,Chennai
2025-02-28 15:00:00+00:00,27.65,76.0,7.8954163,Chennai
2025-02-28 16:00:00+00:00,27.5,77.0,7.145796,Chennai
2025-02-28 17:00:00+00:00,27.45,77.0,6.9153743,Chennai
2025-02-28 18:00:00+00:00,27.65,74.0,6.638072,Chennai
2025-02-28 19:00:00+00:00,27.4,75.0,5.6002855,Chennai
2025-02-28 20:00:00+00:00,27.0,78.0,4.3349743,Chennai
2025-02-28 21:00:00+00:00,26.6,80.0,4.1046314,Chennai
2025-02-28 22:00:00+00:00,26.35,81.0,3.6,Chennai
2025-02-28 23:00:00+00:00,26.05,82.0,2.8116899,Chennai
2025-03-01 00:00:00+00:00,25.85,85.0,3.319036,Chennai
2025-03-01 01:00:00+00:00,25.7,86.0,2.4149535,Chennai
2025-03-01 02:00:00+00:00,26.4,84.0,2.968636,Chennai
2025-03-01 03:00:00+00:00,28.2,73.0,6.638072,Chennai
2025-03-01 04:00:00+00:00,29.55,65.0,9.021574,Chennai
2025-03-01 05:00:00+00:00,30.6,61.0,9.504273,Chennai
2025-03-01 06:00:00+00:00,31.4,60.0,9.227524,Chennai
2025-03-01 07:00:00+00:00,31.75,58.0,10.495713,Chennai
2025-03-01 08:00:00+00:00,31.8,58.0,11.503113,Chennai
2025-03-01 09:00:00+00:00,31.65,58.0,12.303366,Chennai
2025-03-01 10:00:00+00:00,31.25,59.0,11.966953,Chennai
2025-03-01 11:00:00+00:00,30.4,63.0,11.592895,Chennai
2025-03-01 12:00:00+00:00,29.7,69.0,10.028439,Chennai
2025-03-01 13:00:00+00:00,28.45,76.0,8.891344,Chennai
2025-03-01 14:00:00+00:00,28.05,78.0,7.42159,Chennai
2025-03-01 15:00:00+00:00,27.75,79.0,6.830519,Chennai
2025-03-01 16:00:00+00:00,27.6,80.0,6.5693827,Chennai
2025-03-01 17:00:00+00:00,27.4,81.0,6.130579,Chennai
2025-03-01 18:00:00+00:00,27.2,84.0,4.2136917,Chennai
2025-03-01 19:00:00+00:00,27.2,82.0,4.2136917,Chennai
2025-03-01 20:00:00+00:00,27.0,81.0,3.7064266,Chennai
2025-03-01 21:00:00+00:00,26.75,81.0,3.319036,Chennai
2025-03-01 22:00:00+00:00,26.45,82.0,2.5959969,Chennai
2025-03-01 23:00:00+00:00,26.2,83.0,1.9386592,Chennai
2025-03-02 00:00:00+00:00,26.15,85.0,1.609969,Chennai
2025-03-02 01:00:00+00:00,26.05,85.0,1.5273507,Chennai
2025-03-02 02:00:00+00:00,26.6,84.0,1.2979984,Chennai
2025-03-02 03:00:00+00:00,28.35,72.0,4.2136917,Chennai
2025-03-02 04:00:00+00:00,29.7,65.0,5.4477882,Chennai
2025-03-02 05:00:00+00:00,31.05,58.0,5.4119864,Chennai
2025-03-02 06:00:00+00:00,32.75,52.0,4.3349743,Chennai
2025-03-02 07:00:00+00:00,33.55,49.0,6.130579,Chennai
2025-03-02 08:00:00+00:00,33.8,48.0,7.6367526,Chennai
2025-03-02 09:00:00+00:00,33.3,50.0,9.0,Chennai
2025-03-02 10:00:00+00:00,32.15,55.0,9.565437,Chennai
2025-03-02 11:00:00+00:00,30.95,59.0,9.793058,Chennai
2025-03-02 12:00:00+00:00,30.2,65.0,8.905908,Chennai
2025-03-02 13:00:00+00:00,28.65,76.0,8.049845,Chennai
2025-03-02 14:00:00+00:00,28.0,80.0,6.9899354,Chennai
2025-03-02 15:00:00+00:00,27.75,81.0,6.379216,Chennai
2025-03-02 16:00:00+00:00,27.4,82.0,5.3517847,Chennai
2025-03-02 17:00:00+00:00,26.95,84.0,4.0249224,Chennai
2025-03-02 18:00:00+00:00,27.15,83.0,2.7416782,Chennai
2025-03-02 19:00:00+00:00,26.75,84.0,2.0991426,Chennai
2025-03-02 20:00:00+00:00,26.55,85.0,1.609969,Chennai
2025-03-02 21:00:00+00:00,26.2,86.0,1.484318,Chennai
2025-03-02 22:00:00+00:00,25.85,87.0,2.3051248,Chennai
2025-03-02 23:00:00+00:00,25.15,90.0,2.5455842,Chennai
2025-03-03 00:00:00+00:00,25.0,91.0,2.1897945,Chennai
2025-03-03 01:00:00+00:00,24.5,93.0,2.16,Chennai
2025-03-03 02:00:00+00:00,25.2,90.0,2.16,Chennai
2025-03-03 03:00:00+00:00,27.45,79.0,3.0758414,Chennai
2025-03-03 04:00:00+00:00,29.55,69.0,3.5455887,Chennai
2025-03-03 05:00:00+00:00,31.75,58.0,2.5455842,Chennai
2025-03-03 06:00:00+00:00,33.7,50.0,1.0182338,Chennai
2025-03-03 07:00:00+00:00,34.85,44.0,4.379589,Chennai
2025-03-03 08:00:00+00:00,34.8,47.0,7.9932976,Chennai
2025-03-03 09:00:00+00:00,33.45,54.0,10.587917,Chennai
2025-03-03 10:00:00+00:00,32.4,57.0,10.464797,Chennai
2025-03-03 11:00:00+00:00,31.6,57.0,9.693296,Chennai
2025-03-03 12:00:00+00:00,31.0,59.0,8.587338,Chennai
2025-03-03 13:00:00+00:00,29.3,69.0,7.2,Chennai
2025-03-03 14:00:00+00:00,28.55,74.0,5.6233797,Chennai
2025-03-03 15:00:00+00:00,27.9,79.0,3.8268526,Chennai
2025-03-03 16:00:00+00:00,27.25,83.0,3.0547013,Chennai
2025-03-03 17:00:00+00:00,26.75,85.0,1.9386592,Chennai
2025-03-03 18:00:00+00:00,26.75,87.0,0.8049845,Chennai
2025-03-03 19:00:00+00:00,26.25,89.0,1.8,Chennai
2025-03-03 20:00:00+00:00,25.75,91.0,2.8116899,Chennai
2025-03-03 21:00:00+00:00,24.9,95.0,3.219938,Chennai
2025-03-03 22:00:00+00:00,24.5,97.0,2.7416782,Chennai
2025-03-03 23:00:00+00:00,24.3,98.0,2.8116899,Chennai
2025-03-04 00:00:00+00:00,24.35,98.0,2.3051248,Chennai
2025-03-04 01:00:00+00:00,24.1,98.0,2.5959969,Chennai
2025-03-04 02:00:00+00:00,24.8,93.0,2.9024127,Chennai
2025-03-04 03:00:00+00:00,27.25,80.0,4.510787,Chennai
2025-03-04 04:00:00+00:00,29.65,67.0,4.379589,Chennai
2025-03-04 05:00:00+00:00,31.9,56.0,5.0528407,Chennai
2025-03-04 06:00:00+00:00,34.1,45.0,3.8939953,Chennai
2025-03-04 07:00:00+00:00,35.3,40.0,6.792466,Chennai
2025-03-04 08:00:00+00:00,35.05,44.0,9.826088,Chennai
2025-03-04 09:00:00+00:00,34.1,46.0,10.883676,Chennai
2025-03-04 10:00:00+00:00,33.15,47.0,10.233123,Chennai
2025-03-04 11:00:00+00:00,32.05,54.0,9.422101,Chennai
2025-03-04 12:00:00+00:00,30.75,63.0,8.161764,Chennai
2025-03-04 13:00:00+00:00,29.1,70.0,7.386582,Chennai
2025-03-04 14:00:00+00:00,28.25,76.0,6.1094027,Chennai
2025-03-04 15:00:00+00:00,27.7,80.0,5.3517847,Chennai
2025-03-04 16:00:00+00:00,27.25,83.0,4.1046314,Chennai
2025-03-04 17:00:00+00:00,26.85,85.0,3.396233,Chennai
2025-03-04 18:00:00+00:00,26.7,86.0,1.8,Chennai
2025-03-04 19:00:00+00:00,26.2,88.0,1.9386592,Chennai
2025-03-04 20:00:00+00:00,25.55,91.0,2.5959969,Chennai
2025-03-04 21:00:00+00:00,24.95,93.0,3.319036,Chennai
2025-03-04 22:00:00+00:00,24.55,94.0,3.319036,Chennai
2025-03-04 23:00:00+00:00,24.2,94.0,3.219938,Chennai
2025-03-05 00:00:00+00:00,23.85,95.0,2.5455842,Chennai
2025-03-05 01:00:00+00:00,23.5,95.0,3.396233,Chennai
2025-03-05 02:00:00+00:00,24.35,90.0,3.7064266,Chennai
2025-03-05 03:00:00+00:00,26.6,81.0,4.6800003,Chennai
2025-03-05 04:00:00+00:00,28.9,71.0,5.506941,Chennai
2025-03-05 05:00:00+00:00,30.85,62.0,5.0528407,Chennai
2025-03-05 06:00:00+00:00,33.3,52.0,1.9386592,Chennai
2025-03-05 07:00:00+00:00,35.15,43.0,4.510787,Chennai
2025-03-05 08:00:00+00:00,35.75,42.0,7.628263,Chennai
2025-03-05 09:00:00+00:00,34.8,47.0,9.693296,Chennai
2025-03-05 10:00:00+00:00,33.7,47.0,9.659814,Chennai
2025-03-05 11:00:00+00:00,32.35,50.0,8.707237,Chennai
2025-03-05 12:00:00+00:00,31.15,61.0,8.217153,Chennai
2025-03-05 13:00:00+00:00,29.3,72.0,7.7879906,Chennai
2025-03-05 14:00:00+00:00,28.3,82.0,6.9153743,Chennai
2025-03-05 15:00:00+00:00,27.95,84.0,6.3690495,Chennai
2025-03-05 16:00:00+00:00,27.65,82.0,5.00128,Chennai
2025-03-05 17:00:00+00:00,27.25,82.0,3.7585104,Chennai
2025-03-05 18:00:00+00:00,26.7,86.0,2.5455842,Chennai
2025-03-05 19:00:00+00:00,26.35,88.0,2.4149535,Chennai
2025-03-05 20:00:00+00:00,25.9,90.0,3.096837,Chennai
2025-03-05 21:00:00+00:00,25.6,92.0,3.7064266,Chennai
2025-03-05 22:00:00+00:00,25.4,93.0,3.8268526,Chennai
2025-03-05 23:00:00+00:00,25.05,94.0,3.8939953,Chennai
2025-03-06 00:00:00+00:00,24.5,95.0,3.5455887,Chennai
2025-03-06 01:00:00+00:00,24.3,95.0,3.7585104,Chennai
2025-03-06 02:00:00+00:00,24.9,90.0,4.452954,Chennai
2025-03-06 03:00:00+00:00,27.2,77.0,6.763786,Chennai
2025-03-06 04:00:00+00:00,30.65,55.0,7.5942082,Chennai
2025-03-06 05:00:00+00:00,34.15,39.0,6.489992,Chennai
2025-03-06 06:00:00+00:00,37.05,27.0,1.2979984,Chennai
2025-03-06 07:00:00+00:00,37.7,26.0,9.449572,Chennai
2025-03-06 08:00:00+00:00,36.25,39.0,12.55879,Chennai
2025-03-06 09:00:00+00:00,34.5,47.0,13.207634,Chennai
2025-03-06 10:00:00+00:00,34.0,42.0,12.303366,Chennai
2025-03-06 11:00:00+00:00,33.0,42.0,11.983188,Chennai
2025-03-06 12:00:00+00:00,32.35,40.0,11.019764,Chennai
2025-03-06 13:00:00+00:00,30.25,50.0,8.707237,Chennai
2025-03-06 14:00:00+00:00,29.1,58.0,6.0347,Chennai
2025-03-06 15:00:00+00:00,28.1,68.0,4.68,Chennai
2025-03-06 16:00:00+00:00,27.4,74.0,3.7585104,Chennai
2025-03-06 17:00:00+00:00,26.85,78.0,3.096837,Chennai
2025-03-06 18:00:00+00:00,26.65,75.0,1.2979984,Chennai
2025-03-06 19:00:00+00:00,26.3,75.0,1.835647,Chennai
2025-03-06 20:00:00+00:00,25.65,79.0,2.3051248,Chennai
2025-03-06 21:00:00+00:00,25.15,80.0,3.219938,Chennai
2025-03-06 22:00:00+00:00,23.75,85.0,3.6,Chennai
2025-03-06 23:00:00+00:00,23.15,83.0,3.2399998,Chennai
2025-03-07 00:00:00+00:00,22.9,82.0,2.16,Chennai
2025-03-07 01:00:00+00:00,22.7,79.0,1.835647,Chennai
2025-03-07 02:00:00+00:00,23.6,73.0,1.484318,Chennai
2025-03-07 03:00:00+00:00,26.7,60.0,2.5959969,Chennai
2025-03-07 04:00:00+00:00,29.1,58.0,1.8,Chennai
2025-03-07 05:00:00+00:00,31.65,47.0,1.9386592,Chennai
2025-03-07 06:00:00+00:00,34.2,34.0,3.6179552,Chennai
2025-03-07 07:00:00+00:00,35.0,32.0,7.5685663,Chennai
2025-03-07 08:00:00+00:00,34.7,36.0,10.1376915,Chennai
2025-03-07 09:00:00+00:00,33.75,37.0,12.074766,Chennai
2025-03-07 10:00:00+00:00,32.85,35.0,11.659777,Chennai
2025-03-07 11:00:00+00:00,31.45,46.0,11.183201,Chennai
2025-03-07 12:00:00+00:00,29.55,58.0,10.495713,Chennai
2025-03-07 13:00:00+00:00,27.9,67.0,8.707238,Chennai
2025-03-07 14:00:00+00:00,27.1,73.0,6.9899354,Chennai
2025-03-07 15:00:00+00:00,26.65,75.0,5.8603754,Chennai
2025-03-07 16:00:00+00:00,26.25,77.0,4.896529,Chennai
2025-03-07 17:00:00+00:00,25.95,78.0,4.198285,Chennai
2025-03-07 18:00:00+00:00,25.7,81.0,3.319036,Chennai
2025-03-07 19:00:00+00:00,25.5,82.0,2.1897945,Chennai
2025-03-07 20:00:00+00:00,25.15,84.0,2.5455842,Chennai
2025-03-07 21:00:00+00:00,24.85,85.0,2.9024127,Chennai
2025-03-07 22:00:00+00:00,24.4,87.0,3.319036,Chennai
2025-03-07 23:00:00+00:00,23.9,90.0,3.2599385,Chennai
2025-02-04 00:00:00+00:00,18.4065,62.0,4.6938257,Ahmedabad
2025-02-04 01:00:00+00:00,17.956501,63.0,4.39436,Ahmedabad
2025-02-04 02:00:00+00:00,17.4065,64.0,4.3349743,Ahmedabad
2025-02-04 03:00:00+00:00,18.0565,61.0,5.0911684,Ahmedabad
2025-02-04 04:00:00+00:00,20.3565,51.0,6.696387,Ahmedabad
2025-02-04 05:00:00+00:00,22.9065,43.0,5.904439,Ahmedabad
2025-02-04 06:00:00+00:00,25.7565,32.0,7.386582,Ahmedabad
2025-02-04 07:00:00+00:00,27.706501,26.0,10.514218,Ahmedabad
2025-02-04 08:00:00+00:00,28.6565,23.0,11.720751,Ahmedabad
2025-02-04 09:00:00+00:00,29.0065,23.0,12.229406,Ahmedabad
2025-02-04 10:00:00+00:00,28.8565,22.0,11.966954,Ahmedabad
2025-02-04 11:00:00+00:00,28.3065,23.0,11.457958,Ahmedabad
2025-02-04 12:00:00+00:00,27.5065,24.0,9.422101,Ahmedabad
2025-02-04 13:00:00+00:00,25.6565,27.0,6.8777895,Ahmedabad
2025-02-04 14:00:00+00:00,23.5065,33.0,6.4096174,Ahmedabad
2025-02-04 15:00:00+00:00,21.956501,36.0,7.145796,Ahmedabad
2025-02-04 16:00:00+00:00,20.6065,39.0,7.653705,Ahmedabad
2025-02-04 17:00:00+00:00,19.456501,42.0,7.386582,Ahmedabad
2025-02-04 18:00:00+00:00,18.6565,45.0,6.1094027,Ahmedabad
2025-02-04 19:00:00+00:00,18.0565,45.0,5.1165614,Ahmedabad
2025-02-04 20:00:00+00:00,17.5065,46.0,4.8965297,Ahmedabad
2025-02-04 21:00:00+00:00,16.9065,46.0,4.6938257,Ahmedabad
2025-02-04 22:00:00+00:00,16.1565,48.0,4.6102495,Ahmedabad
2025-02-04 23:00:00+00:00,15.4065,51.0,4.3349743,Ahmedabad
2025-02-05 00:00:00+00:00,14.8065,57.0,4.1046314,Ahmedabad
2025-02-05 01:00:00+00:00,14.356501,59.0,3.8939953,Ahmedabad
2025-02-05 02:00:00+00:00,14.0065,60.0,4.0249224,Ahmedabad
2025-02-05 03:00:00+00:00,14.8065,59.0,4.0249224,Ahmedabad
2025-02-05 04:00:00+00:00,17.956501,48.0,5.4119864,Ahmedabad
2025-02-05 05:00:00+00:00,21.6565,37.0,6.9527545,Ahmedabad
2025-02-05 06:00:00+00:00,25.2565,28.0,9.178235,Ahmedabad
2025-02-05 07:00:00+00:00,26.8065,21.0,10.948973,Ahmedabad
2025-02-05 08:00:00+00:00,27.6065,20.0,10.195057,Ahmedabad
2025-02-05 09:00:00+00:00,27.956501,20.0,10.009036,Ahmedabad
2025-02-05 10:00:00+00:00,28.0565,20.0,9.585739,Ahmedabad
2025-02-05 11:00:00+00:00,27.706501,21.0,9.19939,Ahmedabad
2025-02-05 12:00:00+00:00,27.3565,23.0,6.792466,Ahmedabad
2025-02-05 13:00:00+00:00,25.3565,28.0,4.198285,Ahmedabad
2025-02-05 14:00:00+00:00,23.5565,34.0,3.396233,Ahmedabad
2025-02-05 15:00:00+00:00,22.2565,39.0,3.319036,Ahmedabad
2025-02-05 16:00:00+00:00,21.1065,41.0,3.563818,Ahmedabad
2025-02-05 17:00:00+00:00,20.0565,44.0,3.7064266,Ahmedabad
2025-02-05 18:00:00+00:00,17.9065,51.0,4.3349743,Ahmedabad
2025-02-05 19:00:00+00:00,16.9065,52.0,4.6938252,Ahmedabad
2025-02-05 20:00:00+00:00,16.0565,54.0,5.2416787,Ahmedabad
2025-02-05 21:00:00+00:00,15.5065,53.0,5.4833565,Ahmedabad
2025-02-05 22:00:00+00:00,15.2565,52.0,6.297428,Ahmedabad
2025-02-05 23:00:00+00:00,14.9565,52.0,6.297428,Ahmedabad
2025-02-06 00:00:00+00:00,15.106501,51.0,6.193674,Ahmedabad
2025-02-06 01:00:00+00:00,14.7565,52.0,6.696387,Ahmedabad
2025-02-06 02:00:00+00:00,14.4565,52.0,6.9153743,Ahmedabad
2025-02-06 03:00:00+00:00,15.6565,49.0,7.386582,Ahmedabad
2025-02-06 04:00:00+00:00,18.7565,40.0,9.422101,Ahmedabad
2025-02-06 05:00:00+00:00,22.1565,32.0,10.514218,Ahmedabad
2025-02-06 06:00:00+00:00,25.0565,24.0,15.463246,Ahmedabad
2025-02-06 07:00:00+00:00,26.6565,22.0,16.854767,Ahmedabad
2025-02-06 08:00:00+00:00,27.706501,19.0,15.941944,Ahmedabad
2025-02-06 09:00:00+00:00,28.3565,17.0,14.693999,Ahmedabad
2025-02-06 10:00:00+00:00,28.6065,16.0,13.608762,Ahmedabad
2025-02-06 11:00:00+00:00,28.3065,16.0,12.768586,Ahmedabad
2025-02-06 12:00:00+00:00,27.456501,21.0,10.009036,Ahmedabad
2025-02-06 13:00:00+00:00,25.4065,26.0,6.638072,Ahmedabad
2025-02-06 14:00:00+00:00,23.0565,35.0,5.8603754,Ahmedabad
2025-02-06 15:00:00+00:00,21.6065,39.0,5.6002855,Ahmedabad
2025-02-06 16:00:00+00:00,20.6065,41.0,6.1305785,Ahmedabad
2025-02-06 17:00:00+00:00,19.8565,43.0,6.193674,Ahmedabad
2025-02-06 18:00:00+00:00,19.456501,42.0,7.42159,Ahmedabad
2025-02-06 19:00:00+00:00,18.9065,44.0,8.435069,Ahmedabad
2025-02-06 20:00:00+00:00,18.3065,46.0,8.669949,Ahmedabad
2025-02-06 21:00:00+00:00,17.8065,47.0,8.942214,Ahmedabad
2025-02-06 22:00:00+00:00,17.4065,47.0,8.942214,Ahmedabad
2025-02-06 23:00:00+00:00,17.1065,47.0,8.913181,Ahmedabad
2025-02-07 00:00:00+00:00,17.2565,45.0,9.1641035,Ahmedabad
2025-02-07 01:00:00+00:00,16.8565,44.0,8.942214,Ahmedabad
2025-02-07 02:00:00+00:00,16.5565,44.0,9.0,Ahmedabad
2025-02-07 03:00:00+00:00,17.5065,42.0,9.693296,Ahmedabad
2025-02-07 04:00:00+00:00,20.0065,38.0,10.144082,Ahmedabad
2025-02-07 05:00:00+00:00,23.0565,33.0,13.779114,Ahmedabad
2025-02-07 06:00:00+00:00,25.8065,27.0,14.345898,Ahmedabad
2025-02-07 07:00:00+00:00,27.5065,24.0,15.034041,Ahmedabad
2025-02-07 08:00:00+00:00,28.7565,22.0,14.118243,Ahmedabad
2025-02-07 09:00:00+00:00,29.5565,21.0,12.904882,Ahmedabad
2025-02-07 10:00:00+00:00,29.8565,21.0,11.753877,Ahmedabad
2025-02-07 11:00:00+00:00,29.6065,21.0,10.805998,Ahmedabad
2025-02-07 12:00:00+00:00,28.6565,25.0,8.0899935,Ahmedabad
2025-02-07 13:00:00+00:00,26.706501,29.0,5.6233797,Ahmedabad
2025-02-07 14:00:00+00:00,24.456501,36.0,4.8433046,Ahmedabad
2025-02-07 15:00:00+00:00,23.0565,39.0,4.5820518,Ahmedabad
2025-02-07 16:00:00+00:00,21.9065,41.0,4.8433046,Ahmedabad
2025-02-07 17:00:00+00:00,20.956501,42.0,4.8965297,Ahmedabad
2025-02-07 18:00:00+00:00,20.0565,43.0,5.495161,Ahmedabad
2025-02-07 19:00:00+00:00,19.456501,44.0,5.6233797,Ahmedabad
2025-02-07 20:00:00+00:00,18.9065,45.0,6.1094027,Ahmedabad
2025-02-07 21:00:00+00:00,18.4065,46.0,6.638072,Ahmedabad
2025-02-07 22:00:00+00:00,18.1565,47.0,7.653705,Ahmedabad
2025-02-07 23:00:00+00:00,17.8565,47.0,8.209263,Ahmedabad
2025-02-08 00:00:00+00:00,17.706501,46.0,8.4963045,Ahmedabad
2025-02-08 01:00:00+00:00,17.456501,47.0,8.587338,Ahmedabad
2025-02-08 02:00:00+00:00,17.1565,48.0,8.217153,Ahmedabad
2025-02-08 03:00:00+00:00,17.956501,47.0,8.217153,Ahmedabad
2025-02-08 04:00:00+00:00,20.4065,41.0,9.360001,Ahmedabad
2025-02-08 05:00:00+00:00,23.2565,36.0,10.365251,Ahmedabad
2025-02-08 06:00:00+00:00,26.7565,31.0,10.137692,Ahmedabad
2025-02-08 07:00:00+00:00,28.8565,28.0,10.041354,Ahmedabad
2025-02-08 08:00:00+00:00,30.456501,26.0,8.905908,Ahmedabad
2025-02-08 09:00:00+00:00,31.4065,25.0,7.771331,Ahmedabad
2025-02-08 10:00:00+00:00,31.7565,24.0,6.725354,Ahmedabad
2025-02-08 11:00:00+00:00,31.5565,24.0,5.5887027,Ahmedabad
2025-02-08 12:00:00+00:00,30.6565,29.0,4.379589,Ahmedabad
2025-02-08 13:00:00+00:00,28.6065,36.0,3.8773184,Ahmedabad
2025-02-08 14:00:00+00:00,26.456501,42.0,4.3498964,Ahmedabad
2025-02-08 15:00:00+00:00,24.8065,47.0,5.0142193,Ahmedabad
2025-02-08 16:00:00+00:00,23.6565,49.0,4.6800003,Ahmedabad
2025-02-08 17:00:00+00:00,22.706501,51.0,4.829907,Ahmedabad
2025-02-08 18:00:00+00:00,21.3565,55.0,4.6938257,Ahmedabad
2025-02-08 19:00:00+00:00,20.5565,57.0,4.8965297,Ahmedabad
2025-02-08 20:00:00+00:00,19.8065,58.0,4.8433046,Ahmedabad
2025-02-08 21:00:00+00:00,19.206501,59.0,4.8433046,Ahmedabad
2025-02-08 22:00:00+00:00,18.6065,58.0,4.6102495,Ahmedabad
2025-02-08 23:00:00+00:00,18.0065,58.0,4.6102495,Ahmedabad
2025-02-09 00:00:00+00:00,17.3065,61.0,4.3349743,Ahmedabad
2025-02-09 01:00:00+00:00,16.8565,61.0,4.39436,Ahmedabad
2025-02-09 02:00:00+00:00,16.5565,60.0,4.6938257,Ahmedabad
2025-02-09 03:00:00+00:00,17.5565,58.0,4.6102495,Ahmedabad
2025-02-09 04:00:00+00:00,20.7565,49.0,5.6233797,Ahmedabad
2025-02-09 05:00:00+00:00,24.206501,41.0,7.24486,Ahmedabad
2025-02-09 06:00:00+00:00,27.8065,34.0,5.815978,Ahmedabad
2025-02-09 07:00:00+00:00,30.1065,29.0,4.198285,Ahmedabad
2025-02-09 08:00:00+00:00,31.6565,24.0,2.9024127,Ahmedabad
2025-02-09 09:00:00+00:00,32.4565,22.0,3.8268526,Ahmedabad
2025-02-09 10:00:00+00:00,32.8065,21.0,5.8048253,Ahmedabad
2025-02-09 11:00:00+00:00,32.6565,20.0,5.991594,Ahmedabad
2025-02-09 12:00:00+00:00,32.2065,22.0,4.1046314,Ahmedabad
2025-02-09 13:00:00+00:00,29.9065,28.0,3.563818,Ahmedabad
2025-02-09 14:00:00+00:00,27.6065,33.0,4.1046314,Ahmedabad
2025-02-09 15:00:00+00:00,25.6065,36.0,4.510787,Ahmedabad
2025-02-09 16:00:00+00:00,24.206501,38.0,4.2136917,Ahmedabad
2025-02-09 17:00:00+00:00,23.0565,40.0,4.379589,Ahmedabad
2025-02-09 18:00:00+00:00,21.206501,49.0,3.6179552,Ahmedabad
2025-02-09 19:00:00+00:00,20.456501,49.0,3.6179552,Ahmedabad
2025-02-09 20:00:00+00:00,19.706501,51.0,3.6179552,Ahmedabad
2025-02-09 21:00:00+00:00,18.8565,54.0,3.9763298,Ahmedabad
2025-02-09 22:00:00+00:00,17.956501,57.0,3.9763298,Ahmedabad
2025-02-09 23:00:00+00:00,17.1565,60.0,4.0249224,Ahmedabad
2025-02-10 00:00:00+00:00,16.1065,65.0,2.968636,Ahmedabad
2025-02-10 01:00:00+00:00,15.856501,64.0,2.1897945,Ahmedabad
2025-02-10 02:00:00+00:00,15.5065,64.0,1.08,Ahmedabad
2025-02-10 03:00:00+00:00,16.9065,62.0,1.4399999,Ahmedabad
2025-02-10 04:00:00+00:00,20.706501,51.0,1.484318,Ahmedabad
2025-02-10 05:00:00+00:00,25.0065,40.0,2.52,Ahmedabad
2025-02-10 06:00:00+00:00,28.456501,31.0,3.319036,Ahmedabad
2025-02-10 07:00:00+00:00,30.456501,26.0,4.510787,Ahmedabad
2025-02-10 08:00:00+00:00,31.8065,23.0,5.3517847,Ahmedabad
2025-02-10 09:00:00+00:00,32.4065,22.0,5.904439,Ahmedabad
2025-02-10 10:00:00+00:00,32.4565,22.0,6.1305785,Ahmedabad
2025-02-10 11:00:00+00:00,32.0065,21.0,5.6002855,Ahmedabad
2025-02-10 12:00:00+00:00,31.1565,25.0,4.3349743,Ahmedabad
2025-02-10 13:00:00+00:00,28.3565,35.0,3.6,Ahmedabad
2025-02-10 14:00:00+00:00,25.8065,40.0,4.39436,Ahmedabad
2025-02-10 15:00:00+00:00,23.9065,45.0,4.510787,Ahmedabad
2025-02-10 16:00:00+00:00,22.8565,46.0,4.198285,Ahmedabad
2025-02-10 17:00:00+00:00,22.1065,48.0,3.7064266,Ahmedabad
2025-02-10 18:00:00+00:00,20.1065,57.0,3.7585104,Ahmedabad
2025-02-10 19:00:00+00:00,19.5065,56.0,3.6179552,Ahmedabad
2025-02-10 20:00:00+00:00,18.9065,57.0,3.9763298,Ahmedabad
2025-02-10 21:00:00+00:00,18.3065,58.0,4.379589,Ahmedabad
2025-02-10 22:00:00+00:00,17.206501,62.0,3.8939953,Ahmedabad
2025-02-10 23:00:00+00:00,15.856501,68.0,4.452954,Ahmedabad
2025-02-11 00:00:00+00:00,15.0065,73.0,3.7064266,Ahmedabad
2025-02-11 01:00:00+00:00,14.8065,74.0,3.8939953,Ahmedabad
2025-02-11 02:00:00+00:00,14.7565,74.0,4.8965297,Ahmedabad
2025-02-11 03:00:00+00:00,16.6565,70.0,5.3999996,Ahmedabad
2025-02-11 04:00:00+00:00,19.8565,63.0,5.0911684,Ahmedabad
2025-02-11 05:00:00+00:00,23.206501,54.0,6.4096174,Ahmedabad
2025-02-11 06:00:00+00:00,26.1065,48.0,5.8603754,Ahmedabad
2025-02-11 07:00:00+00:00,28.4065,38.0,6.3690495,Ahmedabad
2025-02-11 08:00:00+00:00,29.8565,35.0,5.8048253,Ahmedabad
2025-02-11 09:00:00+00:00,30.5565,33.0,6.638072,Ahmedabad
2025-02-11 10:00:00+00:00,30.706501,32.0,7.2359104,Ahmedabad
2025-02-11 11:00:00+00:00,30.3565,31.0,7.6367526,Ahmedabad
2025-02-11 12:00:00+00:00,29.3065,38.0,4.32,Ahmedabad
2025-02-11 13:00:00+00:00,26.5065,49.0,3.6,Ahmedabad
2025-02-11 14:00:00+00:00,24.1065,54.0,4.3349743,Ahmedabad
2025-02-11 15:00:00+00:00,22.4065,58.0,4.5536795,Ahmedabad
2025-02-11 16:00:00+00:00,21.206501,62.0,4.39436,Ahmedabad
2025-02-11 17:00:00+00:00,20.456501,64.0,4.072935,Ahmedabad
2025-02-11 18:00:00+00:00,20.7565,64.0,2.8116899,Ahmedabad
2025-02-11 19:00:00+00:00,20.3565,64.0,3.096837,Ahmedabad
2025-02-11 20:00:00+00:00,19.9065,66.0,5.0142193,Ahmedabad
2025-02-11 21:00:00+00:00,19.4065,69.0,7.172949,Ahmedabad
2025-02-11 22:00:00+00:00,17.7565,82.0,4.198285,Ahmedabad
2025-02-11 23:00:00+00:00,17.206501,88.0,4.3349743,Ahmedabad
2025-02-12 00:00:00+00:00,16.9065,91.0,4.072935,Ahmedabad
2025-02-12 01:00:00+00:00,16.9065,92.0,3.8268526,Ahmedabad
2025-02-12 02:00:00+00:00,16.7565,92.0,3.096837,Ahmedabad
2025-02-12 03:00:00+00:00,18.0065,89.0,2.8116899,Ahmedabad
2025-02-12 04:00:00+00:00,21.3065,74.0,4.3349743,Ahmedabad
2025-02-12 05:00:00+00:00,24.4065,62.0,4.8433046,Ahmedabad
2025-02-12 06:00:00+00:00,27.1565,51.0,3.563818,Ahmedabad
2025-02-12 07:00:00+00:00,29.3565,41.0,4.6800003,Ahmedabad
2025-02-12 08:00:00+00:00,30.706501,31.0,6.162207,Ahmedabad
2025-02-12 09:00:00+00:00,31.3065,28.0,6.130579,Ahmedabad
2025-02-12 10:00:00+00:00,31.3565,27.0,5.7599998,Ahmedabad
2025-02-12 11:00:00+00:00,30.9065,28.0,5.7599998,Ahmedabad
2025-02-12 12:00:00+00:00,30.4065,29.0,5.154415,Ahmedabad
2025-02-12 13:00:00+00:00,28.1065,39.0,3.6,Ahmedabad
2025-02-12 14:00:00+00:00,26.0065,44.0,4.1046314,Ahmedabad
2025-02-12 15:00:00+00:00,24.456501,48.0,3.8939953,Ahmedabad
2025-02-12 16:00:00+00:00,23.6065,50.0,3.6,Ahmedabad
2025-02-12 17:00:00+00:00,22.5565,53.0,4.3349743,Ahmedabad
2025-02-12 18:00:00+00:00,22.0565,54.0,4.3349743,Ahmedabad
2025-02-12 19:00:00+00:00,21.1065,58.0,4.3349743,Ahmedabad
2025-02-12 20:00:00+00:00,20.2565,61.0,4.3498964,Ahmedabad
2025-02-12 21:00:00+00:00,19.5065,62.0,4.5536795,Ahmedabad
2025-02-12 22:00:00+00:00,19.0565,58.0,4.6938252,Ahmedabad
2025-02-12 23:00:00+00:00,18.8065,54.0,5.0528407,Ahmedabad
2025-02-13 00:00:00+00:00,18.6565,51.0,4.829907,Ahmedabad
2025-02-13 01:00:00+00:00,18.2565,52.0,5.1165614,Ahmedabad
2025-02-13 02:00:00+00:00,17.956501,53.0,5.1165614,Ahmedabad
2025-02-13 03:00:00+00:00,19.0065,52.0,4.39436,Ahmedabad
2025-02-13 04:00:00+00:00,22.0065,45.0,5.315336,Ahmedabad
2025-02-13 05:00:00+00:00,25.206501,36.0,7.9036193,Ahmedabad
2025-02-13 06:00:00+00:00,28.8065,22.0,8.534353,Ahmedabad
2025-02-13 07:00:00+00:00,30.706501,18.0,9.565437,Ahmedabad
2025-02-13 08:00:00+00:00,31.6565,18.0,7.5685663,Ahmedabad
2025-02-13 09:00:00+00:00,32.1065,17.0,5.8603754,Ahmedabad
2025-02-13 10:00:00+00:00,32.3065,17.0,5.154415,Ahmedabad
2025-02-13 11:00:00+00:00,32.1065,16.0,5.0911684,Ahmedabad
2025-02-13 12:00:00+00:00,31.4065,19.0,3.9763298,Ahmedabad
2025-02-13 13:00:00+00:00,29.6565,26.0,2.2768397,Ahmedabad
2025-02-13 14:00:00+00:00,28.206501,30.0,2.5959969,Ahmedabad
2025-02-13 15:00:00+00:00,26.8565,31.0,2.4149535,Ahmedabad
2025-02-13 16:00:00+00:00,25.956501,31.0,2.4149535,Ahmedabad
2025-02-13 17:00:00+00:00,24.8565,32.0,2.5455842,Ahmedabad
2025-02-13 18:00:00+00:00,23.1065,40.0,3.0758414,Ahmedabad
2025-02-13 19:00:00+00:00,22.2565,42.0,3.5455887,Ahmedabad
2025-02-13 20:00:00+00:00,22.0065,43.0,4.1046314,Ahmedabad
2025-02-13 21:00:00+00:00,20.5065,48.0,3.9763298,Ahmedabad
2025-02-13 22:00:00+00:00,19.3565,53.0,3.4152596,Ahmedabad
2025-02-13 23:00:00+00:00,18.6565,56.0,3.396233,Ahmedabad
2025-02-14 00:00:00+00:00,17.706501,62.0,3.219938,Ahmedabad
2025-02-14 01:00:00+00:00,17.0565,64.0,3.319036,Ahmedabad
2025-02-14 02:00:00+00:00,16.456501,66.0,3.096837,Ahmedabad
2025-02-14 03:00:00+00:00,17.1565,66.0,2.0991426,Ahmedabad
2025-02-14 04:00:00+00:00,20.456501,56.0,1.2979984,Ahmedabad
2025-02-14 05:00:00+00:00,24.7565,44.0,1.4399999,Ahmedabad
2025-02-14 06:00:00+00:00,28.706501,32.0,0.71999997,Ahmedabad
2025-02-14 07:00:00+00:00,30.9065,27.0,1.2979984,Ahmedabad
2025-02-14 08:00:00+00:00,32.4065,23.0,2.9024127,Ahmedabad
2025-02-14 09:00:00+00:00,33.2065,21.0,4.3498964,Ahmedabad
2025-02-14 10:00:00+00:00,33.5565,21.0,5.4833565,Ahmedabad
2025-02-14 11:00:00+00:00,33.4065,21.0,6.151683,Ahmedabad
2025-02-14 12:00:00+00:00,32.2565,24.0,3.96,Ahmedabad
2025-02-14 13:00:00+00:00,29.956501,33.0,3.2599385,Ahmedabad
2025-02-14 14:00:00+00:00,27.8065,37.0,3.671294,Ahmedabad
2025-02-14 15:00:00+00:00,26.1565,40.0,3.7585104,Ahmedabad
2025-02-14 16:00:00+00:00,25.1565,41.0,3.396233,Ahmedabad
2025-02-14 17:00:00+00:00,24.5565,41.0,2.3051248,Ahmedabad
2025-02-14 18:00:00+00:00,22.2565,49.0,0.0,Ahmedabad
2025-02-14 19:00:00+00:00,21.3565,50.0,1.835647,Ahmedabad
2025-02-14 20:00:00+00:00,20.706501,51.0,4.0249224,Ahmedabad
2025-02-14 21:00:00+00:00,20.5065,50.0,4.5536795,Ahmedabad
2025-02-14 22:00:00+00:00,19.5565,52.0,5.0142193,Ahmedabad
2025-02-14 23:00:00+00:00,18.6065,54.0,5.154415,Ahmedabad
2025-02-15 00:00:00+00:00,17.206501,61.0,4.1046314,Ahmedabad
2025-02-15 01:00:00+00:00,16.456501,64.0,3.0758414,Ahmedabad
2025-02-15 02:00:00+00:00,15.9565,67.0,2.2768397,Ahmedabad
2025-02-15 03:00:00+00:00,17.5065,65.0,2.8116899,Ahmedabad
2025-02-15 04:00:00+00:00,21.1565,57.0,3.6,Ahmedabad
2025-02-15 05:00:00+00:00,24.5565,48.0,6.8777895,Ahmedabad
2025-02-15 06:00:00+00:00,27.3565,41.0,4.1046314,Ahmedabad
2025-02-15 07:00:00+00:00,29.5065,36.0,4.379589,Ahmedabad
2025-02-15 08:00:00+00:00,31.456501,32.0,6.130579,Ahmedabad
2025-02-15 09:00:00+00:00,32.7065,28.0,8.311245,Ahmedabad
2025-02-15 10:00:00+00:00,33.3065,23.0,8.350138,Ahmedabad
2025-02-15 11:00:00+00:00,33.1065,23.0,7.342588,Ahmedabad
2025-02-15 12:00:00+00:00,31.706501,33.0,3.319036,Ahmedabad
2025-02-15 13:00:00+00:00,29.2565,43.0,2.9024127,Ahmedabad
2025-02-15 14:00:00+00:00,27.206501,46.0,3.2599385,Ahmedabad
2025-02-15 15:00:00+00:00,25.8065,45.0,2.9024127,Ahmedabad
2025-02-15 16:00:00+00:00,24.6065,46.0,1.5273507,Ahmedabad
2025-02-15 17:00:00+00:00,23.3565,49.0,2.52,Ahmedabad
2025-02-15 18:00:00+00:00,22.8065,53.0,4.072935,Ahmedabad
2025-02-15 19:00:00+00:00,22.1065,54.0,5.634891,Ahmedabad
2025-02-15 20:00:00+00:00,20.8565,60.0,5.2416787,Ahmedabad
2025-02-15 21:00:00+00:00,19.456501,68.0,4.6938252,Ahmedabad
2025-02-15 22:00:00+00:00,18.5565,75.0,4.0249224,Ahmedabad
2025-02-15 23:00:00+00:00,17.8065,81.0,4.2136917,Ahmedabad
2025-02-16 00:00:00+00:00,17.956501,82.0,4.3498964,Ahmedabad
2025-02-16 01:00:00+00:00,17.9065,83.0,3.319036,Ahmedabad
2025-02-16 02:00:00+00:00,17.956501,83.0,2.8116899,Ahmedabad
2025-02-16 03:00:00+00:00,19.4065,81.0,2.0364676,Ahmedabad
2025-02-16 04:00:00+00:00,22.6065,70.0,2.0991426,Ahmedabad
2025-02-16 05:00:00+00:00,25.6065,61.0,2.52,Ahmedabad
2025-02-16 06:00:00+00:00,28.1565,53.0,2.9024127,Ahmedabad
2025-02-16 07:00:00+00:00,30.2565,47.0,3.7585104,Ahmedabad
2025-02-16 08:00:00+00:00,31.706501,41.0,5.2416787,Ahmedabad
2025-02-16 09:00:00+00:00,32.6565,36.0,7.771331,Ahmedabad
2025-02-16 10:00:00+00:00,33.0565,30.0,8.350138,Ahmedabad
2025-02-16 11:00:00+00:00,32.8565,26.0,8.287822,Ahmedabad
2025-02-16 12:00:00+00:00,31.706501,30.0,4.6938252,Ahmedabad
2025-02-16 13:00:00+00:00,29.3065,41.0,2.9024127,Ahmedabad
2025-02-16 14:00:00+00:00,27.706501,45.0,3.219938,Ahmedabad
2025-02-16 15:00:00+00:00,26.3065,49.0,3.096837,Ahmedabad
2025-02-16 16:00:00+00:00,25.1565,50.0,2.5959969,Ahmedabad
2025-02-16 17:00:00+00:00,24.206501,52.0,2.0991426,Ahmedabad
2025-02-16 18:00:00+00:00,22.8065,59.0,3.2599385,Ahmedabad
2025-02-16 19:00:00+00:00,22.3565,60.0,5.4477882,Ahmedabad
2025-02-16 20:00:00+00:00,21.456501,65.0,5.5887027,Ahmedabad
2025-02-16 21:00:00+00:00,19.5565,76.0,4.0249224,Ahmedabad
2025-02-16 22:00:00+00:00,18.8565,80.0,3.6,Ahmedabad
2025-02-16 23:00:00+00:00,18.5065,84.0,3.319036,Ahmedabad
2025-02-17 00:00:00+00:00,18.5065,85.0,3.6,Ahmedabad
2025-02-17 01:00:00+00:00,18.4065,88.0,3.0547013,Ahmedabad
2025-02-17 02:00:00+00:00,18.3065,89.0,3.0547013,Ahmedabad
2025-02-17 03:00:00+00:00,19.6065,87.0,2.3051248,Ahmedabad
2025-02-17 04:00:00+00:00,22.7565,75.0,3.096837,Ahmedabad
2025-02-17 05:00:00+00:00,25.6065,64.0,2.9024127,Ahmedabad
2025-02-17 06:00:00+00:00,28.4065,52.0,2.2768397,Ahmedabad
2025-02-17 07:00:00+00:00,30.5565,46.0,2.5455842,Ahmedabad
2025-02-17 08:00:00+00:00,32.0565,39.0,4.0249224,Ahmedabad
2025-02-17 09:00:00+00:00,32.8565,36.0,4.896529,Ahmedabad
2025-02-17 10:00:00+00:00,33.2065,32.0,5.815978,Ahmedabad
2025-02-17 11:00:00+00:00,33.1065,30.0,6.151683,Ahmedabad
2025-02-17 12:00:00+00:00,32.7065,30.0,4.5536795,Ahmedabad
2025-02-17 13:00:00+00:00,30.9065,37.0,2.7416782,Ahmedabad
2025-02-17 14:00:00+00:00,29.0565,40.0,3.219938,Ahmedabad
2025-02-17 15:00:00+00:00,27.3565,41.0,4.0249224,Ahmedabad
2025-02-17 16:00:00+00:00,26.3565,41.0,3.096837,Ahmedabad
2025-02-17 17:00:00+00:00,25.9065,41.0,3.0547013,Ahmedabad
2025-02-17 18:00:00+00:00,24.8565,47.0,2.5455842,Ahmedabad
2025-02-17 19:00:00+00:00,24.3065,46.0,1.5273507,Ahmedabad
2025-02-17 20:00:00+00:00,23.4065,49.0,3.7585104,Ahmedabad
2025-02-17 21:00:00+00:00,22.7565,50.0,5.1544156,Ahmedabad
2025-02-17 22:00:00+00:00,21.206501,57.0,3.8773184,Ahmedabad
2025-02-17 23:00:00+00:00,20.456501,61.0,4.2136917,Ahmedabad
2025-02-18 00:00:00+00:00,20.4065,67.0,3.219938,Ahmedabad
2025-02-18 01:00:00+00:00,20.206501,71.0,3.563818,Ahmedabad
2025-02-18 02:00:00+00:00,19.956501,76.0,3.319036,Ahmedabad
2025-02-18 03:00:00+00:00,20.956501,76.0,3.096837,Ahmedabad
2025-02-18 04:00:00+00:00,23.206501,68.0,4.6102495,Ahmedabad
2025-02-18 05:00:00+00:00,26.456501,56.0,6.193674,Ahmedabad
2025-02-18 06:00:00+00:00,30.456501,38.0,7.5942082,Ahmedabad
2025-02-18 07:00:00+00:00,32.1065,30.0,10.464797,Ahmedabad
2025-02-18 08:00:00+00:00,32.9065,25.0,11.183201,Ahmedabad
2025-02-18 09:00:00+00:00,33.3065,23.0,10.97262,Ahmedabad
2025-02-18 10:00:00+00:00,33.5565,23.0,10.97262,Ahmedabad
2025-02-18 11:00:00+00:00,33.1565,23.0,9.793059,Ahmedabad
2025-02-18 12:00:00+00:00,32.4565,26.0,7.0911775,Ahmedabad
2025-02-18 13:00:00+00:00,30.3065,33.0,4.452954,Ahmedabad
2025-02-18 14:00:00+00:00,28.1565,39.0,4.379589,Ahmedabad
2025-02-18 15:00:00+00:00,26.6565,41.0,4.0249224,Ahmedabad
2025-02-18 16:00:00+00:00,25.8065,42.0,3.7064266,Ahmedabad
2025-02-18 17:00:00+00:00,25.1065,43.0,3.8268526,Ahmedabad
2025-02-18 18:00:00+00:00,24.206501,47.0,3.8268526,Ahmedabad
2025-02-18 19:00:00+00:00,23.4065,49.0,3.8268526,Ahmedabad
2025-02-18 20:00:00+00:00,22.6065,52.0,4.072935,Ahmedabad
2025-02-18 21:00:00+00:00,21.956501,55.0,4.3349743,Ahmedabad
2025-02-18 22:00:00+00:00,21.3565,57.0,4.3349743,Ahmedabad
2025-02-18 23:00:00+00:00,20.8065,58.0,5.1165614,Ahmedabad
2025-02-19 00:00:00+00:00,20.9065,58.0,4.5820518,Ahmedabad
2025-02-19 01:00:00+00:00,20.5065,60.0,4.1046314,Ahmedabad
2025-02-19 02:00:00+00:00,20.0565,62.0,4.072935,Ahmedabad
2025-02-19 03:00:00+00:00,21.0065,61.0,4.1046314,Ahmedabad
2025-02-19 04:00:00+00:00,23.3065,55.0,4.6938257,Ahmedabad
2025-02-19 05:00:00+00:00,26.5065,47.0,5.315336,Ahmedabad
2025-02-19 06:00:00+00:00,30.1565,36.0,7.5685663,Ahmedabad
2025-02-19 07:00:00+00:00,32.4565,26.0,9.339208,Ahmedabad
2025-02-19 08:00:00+00:00,33.3065,24.0,9.793059,Ahmedabad
2025-02-19 09:00:00+00:00,33.6565,23.0,9.686609,Ahmedabad
2025-02-19 10:00:00+00:00,33.7065,23.0,9.931042,Ahmedabad
2025-02-19 11:00:00+00:00,33.3565,23.0,9.504272,Ahmedabad
2025-02-19 12:00:00+00:00,33.0065,25.0,6.6185193,Ahmedabad
2025-02-19 13:00:00+00:00,31.1565,29.0,4.452954,Ahmedabad
2025-02-19 14:00:00+00:00,29.206501,34.0,3.7585104,Ahmedabad
2025-02-19 15:00:00+00:00,27.8065,36.0,3.8773184,Ahmedabad
2025-02-19 16:00:00+00:00,26.8065,38.0,3.2399998,Ahmedabad
2025-02-19 17:00:00+00:00,26.0565,39.0,3.096837,Ahmedabad
2025-02-19 18:00:00+00:00,25.5565,41.0,4.198285,Ahmedabad
2025-02-19 19:00:00+00:00,23.5065,47.0,4.6938252,Ahmedabad
2025-02-19 20:00:00+00:00,22.8065,50.0,4.73506,Ahmedabad
2025-02-19 21:00:00+00:00,21.8565,51.0,5.3517847,Ahmedabad
2025-02-19 22:00:00+00:00,20.9065,54.0,5.154415,Ahmedabad
2025-02-19 23:00:00+00:00,20.3065,61.0,4.6938257,Ahmedabad
2025-02-20 00:00:00+00:00,19.956501,63.0,3.8939953,Ahmedabad
2025-02-20 01:00:00+00:00,19.5565,68.0,3.8268526,Ahmedabad
2025-02-20 02:00:00+00:00,19.2565,72.0,3.319036,Ahmedabad
2025-02-20 03:00:00+00:00,20.206501,71.0,3.096837,Ahmedabad
2025-02-20 04:00:00+00:00,23.1065,61.0,5.8048253,Ahmedabad
2025-02-20 05:00:00+00:00,25.956501,49.0,6.297428,Ahmedabad
2025-02-20 06:00:00+00:00,29.206501,38.0,5.904439,Ahmedabad
2025-02-20 07:00:00+00:00,31.3065,32.0,5.6002855,Ahmedabad
2025-02-20 08:00:00+00:00,32.9565,27.0,7.386582,Ahmedabad
2025-02-20 09:00:00+00:00,33.7065,23.0,8.287822,Ahmedabad
2025-02-20 10:00:00+00:00,33.9065,21.0,8.534353,Ahmedabad
2025-02-20 11:00:00+00:00,33.6565,21.0,8.373386,Ahmedabad
2025-02-20 12:00:00+00:00,32.8065,23.0,6.379216,Ahmedabad
2025-02-20 13:00:00+00:00,30.8065,27.0,3.7585104,Ahmedabad
2025-02-20 14:00:00+00:00,28.9065,32.0,3.5455887,Ahmedabad
2025-02-20 15:00:00+00:00,27.5565,35.0,3.563818,Ahmedabad
2025-02-20 16:00:00+00:00,26.5065,36.0,3.219938,Ahmedabad
2025-02-20 17:00:00+00:00,25.7565,39.0,2.6208394,Ahmedabad
2025-02-20 18:00:00+00:00,24.8565,42.0,2.5455842,Ahmedabad
2025-02-20 19:00:00+00:00,24.3065,44.0,2.6208394,Ahmedabad
2025-02-20 20:00:00+00:00,23.6065,47.0,3.096837,Ahmedabad
2025-02-20 21:00:00+00:00,22.8565,50.0,3.096837,Ahmedabad
2025-02-20 22:00:00+00:00,22.3065,52.0,2.3051248,Ahmedabad
2025-02-20 23:00:00+00:00,21.8065,53.0,1.8,Ahmedabad
2025-02-21 00:00:00+00:00,20.0565,66.0,1.609969,Ahmedabad
2025-02-21 01:00:00+00:00,19.706501,66.0,1.2979984,Ahmedabad
2025-02-21 02:00:00+00:00,19.5065,66.0,1.835647,Ahmedabad
2025-02-21 03:00:00+00:00,21.3065,61.0,2.9024127,Ahmedabad
2025-02-21 04:00:00+00:00,24.206501,52.0,3.2599385,Ahmedabad
2025-02-21 05:00:00+00:00,27.206501,44.0,4.802999,Ahmedabad
2025-02-21 06:00:00+00:00,30.456501,36.0,6.0347,Ahmedabad
2025-02-21 07:00:00+00:00,32.3065,28.0,8.12197,Ahmedabad
2025-02-21 08:00:00+00:00,33.0065,26.0,7.2,Ahmedabad
2025-02-21 09:00:00+00:00,33.4065,24.0,7.072878,Ahmedabad
2025-02-21 10:00:00+00:00,33.4065,24.0,7.42159,Ahmedabad
2025-02-21 11:00:00+00:00,33.0565,24.0,7.5685663,Ahmedabad
2025-02-21 12:00:00+00:00,32.1565,25.0,6.439876,Ahmedabad
2025-02-21 13:00:00+00:00,30.1565,32.0,3.7064266,Ahmedabad
2025-02-21 14:00:00+00:00,28.5065,37.0,3.7064266,Ahmedabad
2025-02-21 15:00:00+00:00,27.2565,41.0,3.096837,Ahmedabad
2025-02-21 16:00:00+00:00,26.6565,40.0,0.71999997,Ahmedabad
2025-02-21 17:00:00+00:00,25.5065,43.0,1.835647,Ahmedabad
2025-02-21 18:00:00+00:00,24.456501,42.0,1.2979984,Ahmedabad
2025-02-21 19:00:00+00:00,23.1065,46.0,2.4149535,Ahmedabad
2025-02-21 20:00:00+00:00,22.9065,45.0,1.609969,Ahmedabad
2025-02-21 21:00:00+00:00,22.456501,47.0,2.3051248,Ahmedabad
2025-02-21 22:00:00+00:00,21.8565,50.0,3.6,Ahmedabad
2025-02-21 23:00:00+00:00,20.956501,55.0,2.9024127,Ahmedabad
2025-02-22 00:00:00+00:00,20.5565,56.0,2.7416782,Ahmedabad
2025-02-22 01:00:00+00:00,20.1065,57.0,3.396233,Ahmedabad
2025-02-22 02:00:00+00:00,19.1565,62.0,2.9024127,Ahmedabad
2025-02-22 03:00:00+00:00,19.8565,64.0,2.1897945,Ahmedabad
2025-02-22 04:00:00+00:00,23.1065,55.0,1.2979984,Ahmedabad
2025-02-22 05:00:00+00:00,26.706501,44.0,2.5959969,Ahmedabad
2025-02-22 06:00:00+00:00,30.456501,29.0,4.379589,Ahmedabad
2025-02-22 07:00:00+00:00,32.3065,25.0,2.6208394,Ahmedabad
2025-02-22 08:00:00+00:00,33.4065,23.0,3.4152596,Ahmedabad
2025-02-22 09:00:00+00:00,34.0565,21.0,3.9763298,Ahmedabad
2025-02-22 10:00:00+00:00,34.2065,21.0,4.896529,Ahmedabad
2025-02-22 11:00:00+00:00,33.9565,21.0,5.815978,Ahmedabad
2025-02-22 12:00:00+00:00,33.1565,24.0,4.0249224,Ahmedabad
2025-02-22 13:00:00+00:00,31.5565,30.0,2.16,Ahmedabad
2025-02-22 14:00:00+00:00,29.956501,34.0,2.16,Ahmedabad
2025-02-22 15:00:00+00:00,28.1565,39.0,2.2768397,Ahmedabad
2025-02-22 16:00:00+00:00,26.8565,40.0,1.9386592,Ahmedabad
2025-02-22 17:00:00+00:00,25.5565,43.0,2.6208394,Ahmedabad
2025-02-22 18:00:00+00:00,23.6065,51.0,2.8799999,Ahmedabad
2025-02-22 19:00:00+00:00,23.206501,51.0,4.0249224,Ahmedabad
2025-02-22 20:00:00+00:00,21.5565,55.0,3.7585104,Ahmedabad
2025-02-22 21:00:00+00:00,21.0565,55.0,4.1046314,Ahmedabad
2025-02-22 22:00:00+00:00,20.6065,54.0,4.0249224,Ahmedabad
2025-02-22 23:00:00+00:00,20.1565,53.0,4.379589,Ahmedabad
2025-02-23 00:00:00+00:00,19.7565,54.0,3.9763298,Ahmedabad
2025-02-23 01:00:00+00:00,19.3065,54.0,3.96,Ahmedabad
2025-02-23 02:00:00+00:00,18.8065,55.0,4.3349743,Ahmedabad
2025-02-23 03:00:00+00:00,19.8065,54.0,3.671294,Ahmedabad
2025-02-23 04:00:00+00:00,23.1565,46.0,4.1046314,Ahmedabad
2025-02-23 05:00:00+00:00,26.6065,40.0,4.198285,Ahmedabad
2025-02-23 06:00:00+00:00,30.1565,33.0,3.219938,Ahmedabad
2025-02-23 07:00:00+00:00,32.4065,26.0,2.5959969,Ahmedabad
2025-02-23 08:00:00+00:00,33.5565,21.0,1.2979984,Ahmedabad
2025-02-23 09:00:00+00:00,34.2065,19.0,2.6208394,Ahmedabad
2025-02-23 10:00:00+00:00,34.4065,18.0,5.00128,Ahmedabad
2025-02-23 11:00:00+00:00,34.2065,18.0,6.1305785,Ahmedabad
2025-02-23 12:00:00+00:00,33.3565,20.0,3.8268526,Ahmedabad
2025-02-23 13:00:00+00:00,31.5065,27.0,2.5959969,Ahmedabad
2025-02-23 14:00:00+00:00,29.6565,31.0,3.096837,Ahmedabad
2025-02-23 15:00:00+00:00,27.8065,34.0,3.6,Ahmedabad
2025-02-23 16:00:00+00:00,26.206501,36.0,3.8939953,Ahmedabad
2025-02-23 17:00:00+00:00,25.2565,38.0,3.6,Ahmedabad
2025-02-23 18:00:00+00:00,23.706501,44.0,4.1046314,Ahmedabad
2025-02-23 19:00:00+00:00,22.6065,46.0,4.3498964,Ahmedabad
2025-02-23 20:00:00+00:00,21.5565,49.0,4.452954,Ahmedabad
2025-02-23 21:00:00+00:00,20.706501,50.0,4.3349743,Ahmedabad
2025-02-23 22:00:00+00:00,20.0065,51.0,4.3349743,Ahmedabad
2025-02-23 23:00:00+00:00,19.456501,52.0,4.379589,Ahmedabad
2025-02-24 00:00:00+00:00,19.6065,51.0,4.0249224,Ahmedabad
2025-02-24 01:00:00+00:00,19.1565,52.0,4.2136917,Ahmedabad
2025-02-24 02:00:00+00:00,18.7565,53.0,4.2136917,Ahmedabad
2025-02-24 03:00:00+00:00,19.9065,54.0,3.7064266,Ahmedabad
2025-02-24 04:00:00+00:00,23.5065,46.0,5.1165614,Ahmedabad
2025-02-24 05:00:00+00:00,27.0565,41.0,7.42159,Ahmedabad
2025-02-24 06:00:00+00:00,30.9065,31.0,8.699793,Ahmedabad
2025-02-24 07:00:00+00:00,33.1065,25.0,8.854829,Ahmedabad
2025-02-24 08:00:00+00:00,34.1565,19.0,8.78872,Ahmedabad
2025-02-24 09:00:00+00:00,34.4565,18.0,7.653705,Ahmedabad
2025-02-24 10:00:00+00:00,34.3565,18.0,6.618519,Ahmedabad
2025-02-24 11:00:00+00:00,33.9565,18.0,6.4096174,Ahmedabad
2025-02-24 12:00:00+00:00,32.7565,22.0,6.9153743,Ahmedabad
2025-02-24 13:00:00+00:00,30.6065,28.0,4.829907,Ahmedabad
2025-02-24 14:00:00+00:00,28.1065,35.0,5.0142193,Ahmedabad
2025-02-24 15:00:00+00:00,26.5565,38.0,4.802999,Ahmedabad
2025-02-24 16:00:00+00:00,25.5065,40.0,4.802999,Ahmedabad
2025-02-24 17:00:00+00:00,24.706501,41.0,4.452954,Ahmedabad
2025-02-24 18:00:00+00:00,24.0065,44.0,4.510787,Ahmedabad
2025-02-24 19:00:00+00:00,23.456501,45.0,3.8939953,Ahmedabad
2025-02-24 20:00:00+00:00,22.6065,48.0,4.39436,Ahmedabad
2025-02-24 21:00:00+00:00,21.6565,51.0,4.6800003,Ahmedabad
2025-02-24 22:00:00+00:00,21.0065,53.0,4.510787,Ahmedabad
2025-02-24 23:00:00+00:00,20.456501,55.0,4.829907,Ahmedabad
2025-02-25 00:00:00+00:00,20.6065,53.0,4.8965297,Ahmedabad
2025-02-25 01:00:00+00:00,20.1565,54.0,5.1919937,Ahmedabad
2025-02-25 02:00:00+00:00,19.9065,56.0,5.4833565,Ahmedabad
2025-02-25 03:00:00+00:00,21.5565,52.0,5.937272,Ahmedabad
2025-02-25 04:00:00+00:00,24.6065,45.0,8.473393,Ahmedabad
2025-02-25 05:00:00+00:00,27.706501,37.0,10.1376915,Ahmedabad
2025-02-25 06:00:00+00:00,30.8065,29.0,8.707238,Ahmedabad
2025-02-25 07:00:00+00:00,32.9065,24.0,9.36,Ahmedabad
2025-02-25 08:00:00+00:00,34.0565,21.0,8.707238,Ahmedabad
2025-02-25 09:00:00+00:00,34.5565,20.0,8.12197,Ahmedabad
2025-02-25 10:00:00+00:00,34.6565,20.0,7.5170207,Ahmedabad
2025-02-25 11:00:00+00:00,34.2565,20.0,7.24486,Ahmedabad
2025-02-25 12:00:00+00:00,33.3565,22.0,7.729527,Ahmedabad
2025-02-25 13:00:00+00:00,31.4065,26.0,5.1919937,Ahmedabad
2025-02-25 14:00:00+00:00,28.9065,34.0,5.1165614,Ahmedabad
2025-02-25 15:00:00+00:00,27.3065,38.0,4.8433046,Ahmedabad
2025-02-25 16:00:00+00:00,26.1565,41.0,4.5820518,Ahmedabad
2025-02-25 17:00:00+00:00,25.5065,43.0,4.198285,Ahmedabad
2025-02-25 18:00:00+00:00,24.706501,45.0,4.1046314,Ahmedabad
2025-02-25 19:00:00+00:00,24.0065,47.0,4.3349743,Ahmedabad
2025-02-25 20:00:00+00:00,23.3565,48.0,4.39436,Ahmedabad
2025-02-25 21:00:00+00:00,22.8065,50.0,4.1046314,Ahmedabad
2025-02-25 22:00:00+00:00,22.206501,51.0,4.39436,Ahmedabad
2025-02-25 23:00:00+00:00,21.706501,52.0,4.39436,Ahmedabad
2025-02-26 00:00:00+00:00,22.0065,49.0,4.8965297,Ahmedabad
2025-02-26 01:00:00+00:00,21.6565,51.0,5.3999996,Ahmedabad
2025-02-26 02:00:00+00:00,21.3565,52.0,5.692099,Ahmedabad
2025-02-26 03:00:00+00:00,22.8065,49.0,6.489992,Ahmedabad
2025-02-26 04:00:00+00:00,25.706501,41.0,8.587338,Ahmedabad
2025-02-26 05:00:00+00:00,28.8065,34.0,10.587917,Ahmedabad
2025-02-26 06:00:00+00:00,31.956501,28.0,9.826088,Ahmedabad
2025-02-26 07:00:00+00:00,33.9565,24.0,9.3876505,Ahmedabad
2025-02-26 08:00:00+00:00,35.2565,22.0,8.4042845,Ahmedabad
2025-02-26 09:00:00+00:00,35.9065,20.0,6.9899354,Ahmedabad
2025-02-26 10:00:00+00:00,36.1065,19.0,6.638072,Ahmedabad
2025-02-26 11:00:00+00:00,35.8565,19.0,6.28713,Ahmedabad
2025-02-26 12:00:00+00:00,35.2565,21.0,4.6800003,Ahmedabad
2025-02-26 13:00:00+00:00,33.6065,26.0,3.2599385,Ahmedabad
2025-02-26 14:00:00+00:00,31.4065,31.0,3.8939953,Ahmedabad
2025-02-26 15:00:00+00:00,29.3565,36.0,4.6102495,Ahmedabad
2025-02-26 16:00:00+00:00,27.9065,40.0,4.8965297,Ahmedabad
2025-02-26 17:00:00+00:00,26.8565,43.0,4.510787,Ahmedabad
2025-02-26 18:00:00+00:00,26.1065,44.0,4.0249224,Ahmedabad
2025-02-26 19:00:00+00:00,25.456501,46.0,3.396233,Ahmedabad
2025-02-26 20:00:00+00:00,24.956501,47.0,3.319036,Ahmedabad
2025-02-26 21:00:00+00:00,24.4065,48.0,3.6,Ahmedabad
2025-02-26 22:00:00+00:00,23.7565,49.0,3.5455887,Ahmedabad
2025-02-26 23:00:00+00:00,22.956501,51.0,3.8773184,Ahmedabad
2025-02-27 00:00:00+00:00,22.9065,51.0,3.5455887,Ahmedabad
2025-02-27 01:00:00+00:00,22.456501,53.0,2.8116899,Ahmedabad
2025-02-27 02:00:00+00:00,22.206501,55.0,2.0991426,Ahmedabad
2025-02-27 03:00:00+00:00,23.3565,52.0,2.1897945,Ahmedabad
2025-02-27 04:00:00+00:00,26.1565,45.0,2.4149535,Ahmedabad
2025-02-27 05:00:00+00:00,29.4065,37.0,2.0991426,Ahmedabad
2025-02-27 06:00:00+00:00,32.8065,30.0,2.0364676,Ahmedabad
2025-02-27 07:00:00+00:00,35.1565,24.0,2.52,Ahmedabad
2025-02-27 08:00:00+00:00,36.4565,21.0,3.0547013,Ahmedabad
2025-02-27 09:00:00+00:00,37.2065,19.0,4.6800003,Ahmedabad
2025-02-27 10:00:00+00:00,37.4565,18.0,6.28713,Ahmedabad
2025-02-27 11:00:00+00:00,37.3065,18.0,7.072878,Ahmedabad
2025-02-27 12:00:00+00:00,36.2565,19.0,5.3517847,Ahmedabad
2025-02-27 13:00:00+00:00,34.3565,25.0,3.2599385,Ahmedabad
2025-02-27 14:00:00+00:00,32.2065,30.0,3.4152596,Ahmedabad
2025-02-27 15:00:00+00:00,30.956501,34.0,2.4149535,Ahmedabad
2025-02-27 16:00:00+00:00,29.8565,35.0,2.7416782,Ahmedabad
2025-02-27 17:00:00+00:00,28.1065,37.0,5.00128,Ahmedabad
2025-02-27 18:00:00+00:00,25.7565,51.0,4.072935,Ahmedabad
2025-02-27 19:00:00+00:00,24.956501,51.0,4.73506,Ahmedabad
2025-02-27 20:00:00+00:00,24.8565,51.0,5.0528407,Ahmedabad
2025-02-27 21:00:00+00:00,24.3565,49.0,5.1544156,Ahmedabad
2025-02-27 22:00:00+00:00,23.3565,50.0,5.2416787,Ahmedabad
2025-02-27 23:00:00+00:00,22.5565,53.0,5.154415,Ahmedabad
2025-02-28 00:00:00+00:00,22.456501,55.0,4.6938257,Ahmedabad
2025-02-28 01:00:00+00:00,22.0565,59.0,3.8268526,Ahmedabad
2025-02-28 02:00:00+00:00,21.8565,62.0,3.8268526,Ahmedabad
2025-02-28 03:00:00+00:00,22.956501,60.0,4.1046314,Ahmedabad
2025-02-28 04:00:00+00:00,25.5065,52.0,5.8603754,Ahmedabad
2025-02-28 05:00:00+00:00,28.3065,39.0,7.42159,Ahmedabad
2025-02-28 06:00:00+00:00,31.1565,31.0,5.315336,Ahmedabad
2025-02-28 07:00:00+00:00,33.1565,24.0,6.763786,Ahmedabad
2025-02-28 08:00:00+00:00,34.4565,20.0,7.42159,Ahmedabad
2025-02-28 09:00:00+00:00,35.1565,18.0,8.12197,Ahmedabad
2025-02-28 10:00:00+00:00,35.4065,17.0,8.473393,Ahmedabad
2025-02-28 11:00:00+00:00,35.1565,16.0,8.473393,Ahmedabad
2025-02-28 12:00:00+00:00,34.0065,21.0,5.1544156,Ahmedabad
2025-02-28 13:00:00+00:00,32.0065,27.0,3.4152596,Ahmedabad
2025-02-28 14:00:00+00:00,30.2565,32.0,3.219938,Ahmedabad
2025-02-28 15:00:00+00:00,28.8065,36.0,3.319036,Ahmedabad
2025-02-28 16:00:00+00:00,27.706501,39.0,3.396233,Ahmedabad
2025-02-28 17:00:00+00:00,26.8065,42.0,3.219938,Ahmedabad
2025-02-28 18:00:00+00:00,25.9065,46.0,3.219938,Ahmedabad
2025-02-28 19:00:00+00:00,24.956501,50.0,4.379589,Ahmedabad
2025-02-28 20:00:00+00:00,23.706501,57.0,4.452954,Ahmedabad
2025-02-28 21:00:00+00:00,22.6065,61.0,4.0249224,Ahmedabad
2025-02-28 22:00:00+00:00,21.706501,66.0,3.7585104,Ahmedabad
2025-02-28 23:00:00+00:00,21.1065,71.0,3.8773184,Ahmedabad
2025-03-01 00:00:00+00:00,21.3065,76.0,3.0758414,Ahmedabad
2025-03-01 01:00:00+00:00,21.0065,81.0,3.396233,Ahmedabad
2025-03-01 02:00:00+00:00,20.956501,84.0,3.096837,Ahmedabad
2025-03-01 03:00:00+00:00,22.3565,81.0,3.8268526,Ahmedabad
2025-03-01 04:00:00+00:00,24.9065,70.0,5.8603754,Ahmedabad
2025-03-01 05:00:00+00:00,27.4065,55.0,7.7043357,Ahmedabad
2025-03-01 06:00:00+00:00,30.1565,40.0,8.287822,Ahmedabad
2025-03-01 07:00:00+00:00,31.956501,32.0,8.435069,Ahmedabad
2025-03-01 08:00:00+00:00,33.2065,27.0,8.14587,Ahmedabad
2025-03-01 09:00:00+00:00,33.9065,25.0,8.287822,Ahmedabad
2025-03-01 10:00:00+00:00,34.1065,25.0,8.534353,Ahmedabad
2025-03-01 11:00:00+00:00,33.9565,24.0,8.699793,Ahmedabad
2025-03-01 12:00:00+00:00,33.1065,25.0,6.830519,Ahmedabad
2025-03-01 13:00:00+00:00,31.456501,28.0,5.154415,Ahmedabad
2025-03-01 14:00:00+00:00,29.1065,33.0,4.829907,Ahmedabad
2025-03-01 15:00:00+00:00,27.5065,37.0,5.8048253,Ahmedabad
2025-03-01 16:00:00+00:00,26.3565,41.0,4.8965297,Ahmedabad
2025-03-01 17:00:00+00:00,25.7565,44.0,3.8268526,Ahmedabad
2025-03-01 18:00:00+00:00,25.3565,48.0,3.4152596,Ahmedabad
2025-03-01 19:00:00+00:00,24.4065,51.0,3.9763298,Ahmedabad
2025-03-01 20:00:00+00:00,23.456501,54.0,4.1046314,Ahmedabad
2025-03-01 21:00:00+00:00,22.6565,56.0,4.0249224,Ahmedabad
2025-03-01 22:00:00+00:00,22.1565,57.0,3.7064266,Ahmedabad
2025-03-01 23:00:00+00:00,21.6565,57.0,3.5455887,Ahmedabad
2025-03-02 00:00:00+00:00,21.8065,58.0,3.7064266,Ahmedabad
2025-03-02 01:00:00+00:00,21.2565,59.0,3.6,Ahmedabad
2025-03-02 02:00:00+00:00,21.0065,60.0,3.319036,Ahmedabad
2025-03-02 03:00:00+00:00,22.0065,59.0,3.0547013,Ahmedabad
2025-03-02 04:00:00+00:00,24.6065,50.0,4.6938257,Ahmedabad
2025-03-02 05:00:00+00:00,27.5565,43.0,4.829907,Ahmedabad
2025-03-02 06:00:00+00:00,30.5565,32.0,5.6920996,Ahmedabad
2025-03-02 07:00:00+00:00,31.956501,29.0,6.6185193,Ahmedabad
2025-03-02 08:00:00+00:00,32.6565,29.0,6.3690495,Ahmedabad
2025-03-02 09:00:00+00:00,33.0565,27.0,7.24486,Ahmedabad
2025-03-02 10:00:00+00:00,33.0565,27.0,7.4128532,Ahmedabad
2025-03-02 11:00:00+00:00,32.8065,27.0,7.5942082,Ahmedabad
2025-03-02 12:00:00+00:00,32.5065,26.0,5.815978,Ahmedabad
2025-03-02 13:00:00+00:00,31.1565,29.0,4.2136917,Ahmedabad
2025-03-02 14:00:00+00:00,29.3565,35.0,3.5455887,Ahmedabad
2025-03-02 15:00:00+00:00,27.7565,37.0,4.2136917,Ahmedabad
2025-03-02 16:00:00+00:00,26.456501,39.0,4.5536795,Ahmedabad
2025-03-02 17:00:00+00:00,25.6065,42.0,4.6800003,Ahmedabad
2025-03-02 18:00:00+00:00,24.956501,46.0,3.8939953,Ahmedabad
2025-03-02 19:00:00+00:00,24.4065,48.0,3.6,Ahmedabad
2025-03-02 20:00:00+00:00,24.0065,51.0,3.319036,Ahmedabad
2025-03-02 21:00:00+00:00,23.3565,54.0,3.8268526,Ahmedabad
2025-03-02 22:00:00+00:00,22.9065,56.0,4.3349743,Ahmedabad
2025-03-02 23:00:00+00:00,22.206501,61.0,3.563818,Ahmedabad
2025-03-03 00:00:00+00:00,22.0565,63.0,2.9024127,Ahmedabad
2025-03-03 01:00:00+00:00,21.6065,66.0,2.8116899,Ahmedabad
2025-03-03 02:00:00+00:00,21.4065,68.0,2.5959969,Ahmedabad
2025-03-03 03:00:00+00:00,22.4065,66.0,2.0364676,Ahmedabad
2025-03-03 04:00:00+00:00,24.8065,58.0,3.0547013,Ahmedabad
2025-03-03 05:00:00+00:00,27.456501,49.0,4.1046314,Ahmedabad
2025-03-03 06:00:00+00:00,30.3565,40.0,5.1919937,Ahmedabad
2025-03-03 07:00:00+00:00,32.2565,35.0,5.3517847,Ahmedabad
2025-03-03 08:00:00+00:00,33.6065,31.0,6.696387,Ahmedabad
2025-03-03 09:00:00+00:00,34.4565,28.0,8.217153,Ahmedabad
2025-03-03 10:00:00+00:00,34.7565,26.0,8.854829,Ahmedabad
2025-03-03 11:00:00+00:00,34.6065,25.0,9.028754,Ahmedabad
2025-03-03 12:00:00+00:00,33.7565,24.0,8.225035,Ahmedabad
2025-03-03 13:00:00+00:00,32.2565,25.0,6.379216,Ahmedabad
2025-03-03 14:00:00+00:00,29.956501,31.0,5.4477882,Ahmedabad
2025-03-03 15:00:00+00:00,28.2565,35.0,6.2145634,Ahmedabad
2025-03-03 16:00:00+00:00,27.0565,39.0,5.937272,Ahmedabad
2025-03-03 17:00:00+00:00,26.0565,44.0,5.3517847,Ahmedabad
2025-03-03 18:00:00+00:00,25.706501,44.0,4.3498964,Ahmedabad
2025-03-03 19:00:00+00:00,25.0065,45.0,4.1046314,Ahmedabad
2025-03-03 20:00:00+00:00,24.4065,44.0,4.3349743,Ahmedabad
2025-03-03 21:00:00+00:00,23.956501,44.0,4.072935,Ahmedabad
2025-03-03 22:00:00+00:00,23.6065,44.0,4.3349743,Ahmedabad
2025-03-03 23:00:00+00:00,23.1065,45.0,5.3517847,Ahmedabad
2025-03-04 00:00:00+00:00,22.4065,51.0,6.1094027,Ahmedabad
2025-03-04 01:00:00+00:00,21.7565,56.0,6.792466,Ahmedabad
2025-03-04 02:00:00+00:00,21.5565,58.0,6.9247384,Ahmedabad
2025-03-04 03:00:00+00:00,22.9065,56.0,7.5685663,Ahmedabad
2025-03-04 04:00:00+00:00,25.6565,49.0,10.587917,Ahmedabad
2025-03-04 05:00:00+00:00,28.8565,38.0,10.086427,Ahmedabad
2025-03-04 06:00:00+00:00,31.1065,24.0,13.202726,Ahmedabad
2025-03-04 07:00:00+00:00,32.3565,22.0,13.138765,Ahmedabad
2025-03-04 08:00:00+00:00,32.9065,20.0,13.207634,Ahmedabad
2025-03-04 09:00:00+00:00,33.2065,18.0,13.32,Ahmedabad
2025-03-04 10:00:00+00:00,33.0565,16.0,13.1041975,Ahmedabad
2025-03-04 11:00:00+00:00,32.5565,15.0,12.849528,Ahmedabad
2025-03-04 12:00:00+00:00,31.5065,15.0,10.538843,Ahmedabad
2025-03-04 13:00:00+00:00,30.0565,15.0,8.669949,Ahmedabad
2025-03-04 14:00:00+00:00,27.8565,18.0,6.130579,Ahmedabad
2025-03-04 15:00:00+00:00,26.0565,21.0,5.771239,Ahmedabad
2025-03-04 16:00:00+00:00,24.456501,23.0,6.489992,Ahmedabad
2025-03-04 17:00:00+00:00,23.2565,20.0,6.849467,Ahmedabad
2025-03-04 18:00:00+00:00,22.0065,17.0,6.489992,Ahmedabad
2025-03-04 19:00:00+00:00,20.956501,17.0,7.208994,Ahmedabad
2025-03-04 20:00:00+00:00,20.1065,19.0,7.2359104,Ahmedabad
2025-03-04 21:00:00+00:00,19.3565,20.0,7.342588,Ahmedabad
2025-03-04 22:00:00+00:00,18.706501,19.0,7.8625183,Ahmedabad
2025-03-04 23:00:00+00:00,18.206501,19.0,7.8625183,Ahmedabad
2025-03-05 00:00:00+00:00,18.1565,18.0,7.628263,Ahmedabad
2025-03-05 01:00:00+00:00,17.6065,20.0,7.5685663,Ahmedabad
2025-03-05 02:00:00+00:00,17.3065,21.0,7.289445,Ahmedabad
2025-03-05 03:00:00+00:00,18.5565,22.0,7.7043357,Ahmedabad
2025-03-05 04:00:00+00:00,21.4065,20.0,8.913181,Ahmedabad
2025-03-05 05:00:00+00:00,24.3565,18.0,11.525623,Ahmedabad
2025-03-05 06:00:00+00:00,27.5565,16.0,13.779114,Ahmedabad
2025-03-05 07:00:00+00:00,29.456501,13.0,12.387348,Ahmedabad
2025-03-05 08:00:00+00:00,31.0065,11.0,12.229406,Ahmedabad
2025-03-05 09:00:00+00:00,32.0065,9.0,11.988594,Ahmedabad
2025-03-05 10:00:00+00:00,32.4065,9.0,11.681987,Ahmedabad
2025-03-05 11:00:00+00:00,32.3065,10.0,10.948973,Ahmedabad
2025-03-05 12:00:00+00:00,31.956501,11.0,7.8625183,Ahmedabad
2025-03-05 13:00:00+00:00,30.3065,13.0,5.0528407,Ahmedabad
2025-03-05 14:00:00+00:00,28.5565,18.0,2.9024127,Ahmedabad
2025-03-05 15:00:00+00:00,27.3565,22.0,2.5959969,Ahmedabad
2025-03-05 16:00:00+00:00,27.206501,17.0,5.991594,Ahmedabad
2025-03-05 17:00:00+00:00,23.706501,21.0,4.452954,Ahmedabad
2025-03-05 18:00:00+00:00,20.5565,28.0,4.3349743,Ahmedabad
2025-03-05 19:00:00+00:00,19.3565,31.0,4.32,Ahmedabad
2025-03-05 20:00:00+00:00,18.956501,31.0,4.3349743,Ahmedabad
2025-03-05 21:00:00+00:00,18.6565,31.0,4.32,Ahmedabad
2025-03-05 22:00:00+00:00,18.1565,31.0,4.32,Ahmedabad
2025-03-05 23:00:00+00:00,17.706501,32.0,4.3349743,Ahmedabad
2025-03-06 00:00:00+00:00,17.456501,36.0,3.319036,Ahmedabad
2025-03-06 01:00:00+00:00,17.0565,36.0,3.7064266,Ahmedabad
2025-03-06 02:00:00+00:00,16.8065,37.0,3.8939953,Ahmedabad
2025-03-06 03:00:00+00:00,18.206501,37.0,3.319036,Ahmedabad
2025-03-06 04:00:00+00:00,22.0065,28.0,4.8965297,Ahmedabad
2025-03-06 05:00:00+00:00,25.706501,23.0,5.634891,Ahmedabad
2025-03-06 06:00:00+00:00,30.3565,14.0,5.315336,Ahmedabad
2025-03-06 07:00:00+00:00,32.2565,12.0,5.6920996,Ahmedabad
2025-03-06 08:00:00+00:00,33.7065,10.0,5.771239,Ahmedabad
2025-03-06 09:00:00+00:00,34.5565,9.0,6.379216,Ahmedabad
2025-03-06 10:00:00+00:00,34.9565,9.0,6.792466,Ahmedabad
2025-03-06 11:00:00+00:00,34.7565,9.0,7.4128532,Ahmedabad
2025-03-06 12:00:00+00:00,34.0065,10.0,5.315336,Ahmedabad
2025-03-06 13:00:00+00:00,32.2065,15.0,2.8116899,Ahmedabad
2025-03-06 14:00:00+00:00,30.5065,19.0,2.3051248,Ahmedabad
2025-03-06 15:00:00+00:00,29.3565,18.0,2.3051248,Ahmedabad
2025-03-06 16:00:00+00:00,28.3565,19.0,3.219938,Ahmedabad
2025-03-06 17:00:00+00:00,27.6565,20.0,5.154415,Ahmedabad
2025-03-06 18:00:00+00:00,23.9065,30.0,3.8268526,Ahmedabad
2025-03-06 19:00:00+00:00,22.5065,32.0,3.8939953,Ahmedabad
2025-03-06 20:00:00+00:00,21.1565,36.0,3.8939953,Ahmedabad
2025-03-06 21:00:00+00:00,20.3065,38.0,4.3498964,Ahmedabad
2025-03-06 22:00:00+00:00,19.5065,40.0,4.452954,Ahmedabad
2025-03-06 23:00:00+00:00,18.5065,43.0,4.3349743,Ahmedabad
2025-03-07 00:00:00+00:00,17.6065,49.0,2.968636,Ahmedabad
2025-03-07 01:00:00+00:00,16.9065,51.0,2.9024127,Ahmedabad
2025-03-07 02:00:00+00:00,16.5565,52.0,2.0364676,Ahmedabad
2025-03-07 03:00:00+00:00,19.206501,49.0,0.71999997,Ahmedabad
2025-03-07 04:00:00+00:00,24.0065,39.0,0.71999997,Ahmedabad
2025-03-07 05:00:00+00:00,28.3065,28.0,1.8,Ahmedabad
2025-03-07 06:00:00+00:00,31.706501,23.0,0.8049845,Ahmedabad
2025-03-07 07:00:00+00:00,33.9065,19.0,0.71999997,Ahmedabad
2025-03-07 08:00:00+00:00,35.2565,16.0,0.8049845,Ahmedabad
2025-03-07 09:00:00+00:00,35.9565,15.0,2.6208394,Ahmedabad
2025-03-07 10:00:00+00:00,36.1565,15.0,4.0249224,Ahmedabad
2025-03-07 11:00:00+00:00,35.8565,15.0,4.5536795,Ahmedabad
2025-03-07 12:00:00+00:00,34.7565,19.0,3.4152596,Ahmedabad
2025-03-07 13:00:00+00:00,32.3565,32.0,2.2768397,Ahmedabad
2025-03-07 14:00:00+00:00,29.8565,32.0,3.6,Ahmedabad
2025-03-07 15:00:00+00:00,28.0065,33.0,7.771331,Ahmedabad
2025-03-07 16:00:00+00:00,25.456501,36.0,5.0142193,Ahmedabad
2025-03-07 17:00:00+00:00,24.5065,39.0,4.6800003,Ahmedabad
2025-03-07 18:00:00+00:00,23.8065,42.0,4.510787,Ahmedabad
2025-03-07 19:00:00+00:00,23.206501,44.0,4.1046314,Ahmedabad
2025-03-07 20:00:00+00:00,22.4065,46.0,4.1046314,Ahmedabad
2025-03-07 21:00:00+00:00,21.3565,50.0,4.39436,Ahmedabad
2025-03-07 22:00:00+00:00,20.7565,51.0,5.1919937,Ahmedabad
2025-03-07 23:00:00+00:00,20.0565,54.0,5.154415,Ahmedabad
2025-02-04 00:00:00+00:00,18.674002,77.0,2.2768397,Surat
2025-02-04 01:00:00+00:00,18.424002,77.0,2.5455842,Surat
2025-02-04 02:00:00+00:00,18.274,77.0,3.2599385,Surat
2025-02-04 03:00:00+00:00,19.274,76.0,3.319036,Surat
2025-02-04 04:00:00+00:00,22.124,63.0,6.8399997,Surat
2025-02-04 05:00:00+00:00,24.674002,50.0,8.350138,Surat
2025-02-04 06:00:00+00:00,27.174002,38.0,10.446206,Surat
2025-02-04 07:00:00+00:00,28.924002,33.0,9.36,Surat
2025-02-04 08:00:00+00:00,30.174002,31.0,8.654986,Surat
2025-02-04 09:00:00+00:00,30.824001,30.0,11.246759,Surat
2025-02-04 10:00:00+00:00,30.374,30.0,13.755579,Surat
2025-02-04 11:00:00+00:00,29.324001,29.0,14.113652,Surat
2025-02-04 12:00:00+00:00,28.624,29.0,11.923557,Surat
2025-02-04 13:00:00+00:00,26.874,33.0,9.693296,Surat
2025-02-04 14:00:00+00:00,25.024,37.0,8.209263,Surat
2025-02-04 15:00:00+00:00,23.874,40.0,8.287822,Surat
2025-02-04 16:00:00+00:00,23.074001,42.0,8.373386,Surat
2025-02-04 17:00:00+00:00,22.374,47.0,9.227524,Surat
2025-02-04 18:00:00+00:00,21.524,50.0,8.557102,Surat
2025-02-04 19:00:00+00:00,20.974,50.0,8.759178,Surat
2025-02-04 20:00:00+00:00,20.224,50.0,8.28,Surat
2025-02-04 21:00:00+00:00,19.474,50.0,7.9932976,Surat
2025-02-04 22:00:00+00:00,18.674002,50.0,7.8625183,Surat
2025-02-04 23:00:00+00:00,17.774,50.0,7.172949,Surat
2025-02-05 00:00:00+00:00,16.724,55.0,6.151683,Surat
2025-02-05 01:00:00+00:00,16.224,56.0,6.151683,Surat
2025-02-05 02:00:00+00:00,15.774,58.0,6.379216,Surat
2025-02-05 03:00:00+00:00,16.974,55.0,7.5170207,Surat
2025-02-05 04:00:00+00:00,19.774,46.0,10.137692,Surat
2025-02-05 05:00:00+00:00,22.524,38.0,13.661038,Surat
2025-02-05 06:00:00+00:00,25.874,29.0,13.207634,Surat
2025-02-05 07:00:00+00:00,27.724,23.0,15.646544,Surat
2025-02-05 08:00:00+00:00,29.024,20.0,14.707222,Surat
2025-02-05 09:00:00+00:00,29.674002,19.0,14.241629,Surat
2025-02-05 10:00:00+00:00,29.974,18.0,14.145756,Surat
2025-02-05 11:00:00+00:00,29.624,18.0,13.797913,Surat
2025-02-05 12:00:00+00:00,29.174002,21.0,11.013882,Surat
2025-02-05 13:00:00+00:00,27.224,24.0,7.208994,Surat
2025-02-05 14:00:00+00:00,24.974,30.0,5.8603754,Surat
2025-02-05 15:00:00+00:00,23.424002,34.0,6.924738,Surat
2025-02-05 16:00:00+00:00,22.174002,38.0,8.28,Surat
2025-02-05 17:00:00+00:00,21.574001,37.0,10.1376915,Surat
2025-02-05 18:00:00+00:00,20.774,37.0,10.805999,Surat
2025-02-05 19:00:00+00:00,20.124,39.0,10.086427,Surat
2025-02-05 20:00:00+00:00,19.224,42.0,9.3669195,Surat
2025-02-05 21:00:00+00:00,18.524,46.0,9.3669195,Surat
2025-02-05 22:00:00+00:00,17.974,49.0,9.779817,Surat
2025-02-05 23:00:00+00:00,17.524,52.0,10.182337,Surat
2025-02-06 00:00:00+00:00,17.424002,57.0,8.759178,Surat
2025-02-06 01:00:00+00:00,17.224,58.0,8.825508,Surat
2025-02-06 02:00:00+00:00,17.024,60.0,8.759178,Surat
2025-02-06 03:00:00+00:00,18.324001,58.0,9.885262,Surat
2025-02-06 04:00:00+00:00,21.124,51.0,11.177405,Surat
2025-02-06 05:00:00+00:00,24.324001,43.0,12.10157,Surat
2025-02-06 06:00:00+00:00,27.224,37.0,15.484185,Surat
2025-02-06 07:00:00+00:00,29.474,33.0,15.546833,Surat
2025-02-06 08:00:00+00:00,31.224,31.0,15.408671,Surat
2025-02-06 09:00:00+00:00,32.073997,30.0,15.379206,Surat
2025-02-06 10:00:00+00:00,32.174,29.0,15.941944,Surat
2025-02-06 11:00:00+00:00,31.674002,30.0,16.055353,Surat
2025-02-06 12:00:00+00:00,30.474,34.0,13.896187,Surat
2025-02-06 13:00:00+00:00,28.674002,38.0,10.739833,Surat
2025-02-06 14:00:00+00:00,26.874,43.0,9.178235,Surat
2025-02-06 15:00:00+00:00,25.724,46.0,9.6932955,Surat
2025-02-06 16:00:00+00:00,24.674002,49.0,9.885262,Surat
2025-02-06 17:00:00+00:00,23.574001,51.0,9.885262,Surat
2025-02-06 18:00:00+00:00,22.674002,51.0,9.449572,Surat
2025-02-06 19:00:00+00:00,21.824001,54.0,9.107359,Surat
2025-02-06 20:00:00+00:00,21.274,55.0,9.360001,Surat
2025-02-06 21:00:00+00:00,20.774,56.0,9.504273,Surat
2025-02-06 22:00:00+00:00,20.374,56.0,9.360001,Surat
2025-02-06 23:00:00+00:00,19.924002,55.0,10.24578,Surat
2025-02-07 00:00:00+00:00,19.774,52.0,10.483357,Surat
2025-02-07 01:00:00+00:00,19.324001,51.0,10.587917,Surat
2025-02-07 02:00:00+00:00,18.924002,51.0,10.028439,Surat
2025-02-07 03:00:00+00:00,19.924002,51.0,10.144082,Surat
2025-02-07 04:00:00+00:00,22.674002,45.0,11.304229,Surat
2025-02-07 05:00:00+00:00,26.024,38.0,12.496718,Surat
2025-02-07 06:00:00+00:00,29.274,32.0,13.18308,Surat
2025-02-07 07:00:00+00:00,31.774,28.0,11.808878,Surat
2025-02-07 08:00:00+00:00,33.424,26.0,10.948973,Surat
2025-02-07 09:00:00+00:00,34.274,26.0,8.891343,Surat
2025-02-07 10:00:00+00:00,34.474,26.0,8.311245,Surat
2025-02-07 11:00:00+00:00,34.174,26.0,8.669949,Surat
2025-02-07 12:00:00+00:00,32.924,31.0,8.825508,Surat
2025-02-07 13:00:00+00:00,30.724,36.0,8.473393,Surat
2025-02-07 14:00:00+00:00,28.424002,43.0,6.9899354,Surat
2025-02-07 15:00:00+00:00,26.874,48.0,6.87779,Surat
2025-02-07 16:00:00+00:00,25.574001,52.0,6.87779,Surat
2025-02-07 17:00:00+00:00,24.474,54.0,7.208994,Surat
2025-02-07 18:00:00+00:00,23.524,55.0,7.2805495,Surat
2025-02-07 19:00:00+00:00,22.624,57.0,6.9899354,Surat
2025-02-07 20:00:00+00:00,22.024,58.0,6.2145634,Surat
2025-02-07 21:00:00+00:00,21.474,61.0,5.8603754,Surat
2025-02-07 22:00:00+00:00,20.924002,63.0,5.8603754,Surat
2025-02-07 23:00:00+00:00,20.474,64.0,5.5887027,Surat
2025-02-08 00:00:00+00:00,19.674002,67.0,5.6920996,Surat
2025-02-08 01:00:00+00:00,19.424002,68.0,5.3517847,Surat
2025-02-08 02:00:00+00:00,19.224,68.0,5.3517847,Surat
2025-02-08 03:00:00+00:00,20.624,65.0,5.634891,Surat
2025-02-08 04:00:00+00:00,23.574001,54.0,8.161764,Surat
2025-02-08 05:00:00+00:00,26.574001,47.0,8.669949,Surat
2025-02-08 06:00:00+00:00,29.624,43.0,6.4096174,Surat
2025-02-08 07:00:00+00:00,31.874,38.0,5.95906,Surat
2025-02-08 08:00:00+00:00,33.474,34.0,5.4119864,Surat
2025-02-08 09:00:00+00:00,34.424,29.0,5.154415,Surat
2025-02-08 10:00:00+00:00,34.774,27.0,7.9036193,Surat
2025-02-08 11:00:00+00:00,34.024,31.0,10.365251,Surat
2025-02-08 12:00:00+00:00,31.924002,40.0,9.693296,Surat
2025-02-08 13:00:00+00:00,29.474,47.0,7.5942082,Surat
2025-02-08 14:00:00+00:00,26.974,57.0,5.8603754,Surat
2025-02-08 15:00:00+00:00,25.474,59.0,4.6938257,Surat
2025-02-08 16:00:00+00:00,24.374,61.0,4.829907,Surat
2025-02-08 17:00:00+00:00,23.574001,63.0,4.452954,Surat
2025-02-08 18:00:00+00:00,23.024,66.0,4.0249224,Surat
2025-02-08 19:00:00+00:00,22.474,67.0,4.198285,Surat
2025-02-08 20:00:00+00:00,21.974,68.0,4.1046314,Surat
2025-02-08 21:00:00+00:00,21.674002,69.0,3.8939953,Surat
2025-02-08 22:00:00+00:00,21.424002,69.0,3.7064266,Surat
2025-02-08 23:00:00+00:00,21.074001,70.0,3.319036,Surat
2025-02-09 00:00:00+00:00,19.874,77.0,3.319036,Surat
2025-02-09 01:00:00+00:00,19.374,78.0,3.671294,Surat
2025-02-09 02:00:00+00:00,18.974,78.0,3.6179552,Surat
2025-02-09 03:00:00+00:00,20.224,75.0,3.9763298,Surat
2025-02-09 04:00:00+00:00,23.324001,64.0,5.4119864,Surat
2025-02-09 05:00:00+00:00,26.574001,55.0,5.506941,Surat
2025-02-09 06:00:00+00:00,29.524,46.0,5.3999996,Surat
2025-02-09 07:00:00+00:00,32.024,36.0,6.849467,Surat
2025-02-09 08:00:00+00:00,33.474,30.0,6.2145634,Surat
2025-02-09 09:00:00+00:00,34.224,27.0,6.1305785,Surat
2025-02-09 10:00:00+00:00,34.323997,26.0,8.557102,Surat
2025-02-09 11:00:00+00:00,33.524,29.0,9.904906,Surat
2025-02-09 12:00:00+00:00,33.323997,28.0,7.7879906,Surat
2025-02-09 13:00:00+00:00,30.424002,37.0,7.10031,Surat
2025-02-09 14:00:00+00:00,27.874,46.0,6.3690495,Surat
2025-02-09 15:00:00+00:00,26.424002,49.0,5.3999996,Surat
2025-02-09 16:00:00+00:00,25.324001,49.0,4.829907,Surat
2025-02-09 17:00:00+00:00,24.524,51.0,3.671294,Surat
2025-02-09 18:00:00+00:00,23.324001,55.0,2.968636,Surat
2025-02-09 19:00:00+00:00,22.924002,56.0,2.4149535,Surat
2025-02-09 20:00:00+00:00,22.724,53.0,1.609969,Surat
2025-02-09 21:00:00+00:00,22.124,53.0,0.5091169,Surat
2025-02-09 22:00:00+00:00,21.374,55.0,1.609969,Surat
2025-02-09 23:00:00+00:00,21.174002,54.0,2.9024127,Surat
2025-02-10 00:00:00+00:00,19.024,69.0,1.8,Surat
2025-02-10 01:00:00+00:00,18.924002,67.0,1.9386592,Surat
2025-02-10 02:00:00+00:00,18.674002,67.0,2.0991426,Surat
2025-02-10 03:00:00+00:00,20.024,64.0,2.4149535,Surat
2025-02-10 04:00:00+00:00,23.574001,58.0,2.4149535,Surat
2025-02-10 05:00:00+00:00,26.774,49.0,4.0249224,Surat
2025-02-10 06:00:00+00:00,29.524,40.0,2.9024127,Surat
2025-02-10 07:00:00+00:00,31.474,34.0,4.2136917,Surat
2025-02-10 08:00:00+00:00,32.823997,30.0,5.6233797,Surat
2025-02-10 09:00:00+00:00,33.524,29.0,8.699793,Surat
2025-02-10 10:00:00+00:00,33.274,29.0,11.165805,Surat
2025-02-10 11:00:00+00:00,32.224,31.0,11.043261,Surat
2025-02-10 12:00:00+00:00,31.124,34.0,8.766573,Surat
2025-02-10 13:00:00+00:00,28.074001,45.0,6.2145634,Surat
2025-02-10 14:00:00+00:00,25.274,58.0,4.452954,Surat
2025-02-10 15:00:00+00:00,23.724,65.0,3.8773184,Surat
2025-02-10 16:00:00+00:00,22.624,68.0,3.0758414,Surat
2025-02-10 17:00:00+00:00,21.774,70.0,2.7416782,Surat
2025-02-10 18:00:00+00:00,20.474,76.0,0.71999997,Surat
2025-02-10 19:00:00+00:00,19.674002,78.0,1.1384199,Surat
2025-02-10 20:00:00+00:00,18.824001,82.0,1.609969,Surat
2025-02-10 21:00:00+00:00,18.074001,85.0,1.5273507,Surat
2025-02-10 22:00:00+00:00,17.424002,86.0,1.484318,Surat
2025-02-10 23:00:00+00:00,16.924002,87.0,3.396233,Surat
2025-02-11 00:00:00+00:00,16.224,87.0,3.319036,Surat
2025-02-11 01:00:00+00:00,16.324001,85.0,3.319036,Surat
2025-02-11 02:00:00+00:00,16.674002,82.0,3.096837,Surat
2025-02-11 03:00:00+00:00,18.424002,78.0,2.968636,Surat
2025-02-11 04:00:00+00:00,22.274,67.0,4.0249224,Surat
2025-02-11 05:00:00+00:00,25.174002,59.0,5.4477882,Surat
2025-02-11 06:00:00+00:00,27.774,50.0,6.924738,Surat
2025-02-11 07:00:00+00:00,29.824001,42.0,7.289444,Surat
2025-02-11 08:00:00+00:00,31.124,37.0,7.42159,Surat
2025-02-11 09:00:00+00:00,31.724,34.0,9.021574,Surat
2025-02-11 10:00:00+00:00,31.524,33.0,10.703569,Surat
2025-02-11 11:00:00+00:00,30.724,33.0,10.931203,Surat
2025-02-11 12:00:00+00:00,30.074001,35.0,7.5685663,Surat
2025-02-11 13:00:00+00:00,27.224,44.0,5.1544156,Surat
2025-02-11 14:00:00+00:00,24.624,55.0,3.9763298,Surat
2025-02-11 15:00:00+00:00,23.024,63.0,3.671294,Surat
2025-02-11 16:00:00+00:00,21.824001,68.0,3.671294,Surat
2025-02-11 17:00:00+00:00,20.674002,74.0,4.2136917,Surat
2025-02-11 18:00:00+00:00,20.824001,73.0,2.7416782,Surat
2025-02-11 19:00:00+00:00,20.624,74.0,1.9386592,Surat
2025-02-11 20:00:00+00:00,20.574001,74.0,1.0182338,Surat
2025-02-11 21:00:00+00:00,20.274,75.0,1.609969,Surat
2025-02-11 22:00:00+00:00,19.774,76.0,2.8116899,Surat
2025-02-11 23:00:00+00:00,19.274,78.0,3.319036,Surat
2025-02-12 00:00:00+00:00,18.474,81.0,2.9024127,Surat
2025-02-12 01:00:00+00:00,18.524,80.0,2.8116899,Surat
2025-02-12 02:00:00+00:00,18.474,80.0,3.096837,Surat
2025-02-12 03:00:00+00:00,19.574001,80.0,3.096837,Surat
2025-02-12 04:00:00+00:00,22.424002,71.0,5.8048253,Surat
2025-02-12 05:00:00+00:00,25.024,62.0,7.754637,Surat
2025-02-12 06:00:00+00:00,27.474,56.0,7.5170207,Surat
2025-02-12 07:00:00+00:00,29.274,49.0,9.107359,Surat
2025-02-12 08:00:00+00:00,30.574001,40.0,9.449572,Surat
2025-02-12 09:00:00+00:00,31.224,37.0,9.605998,Surat
2025-02-12 10:00:00+00:00,31.524,36.0,9.422101,Surat
2025-02-12 11:00:00+00:00,31.424002,33.0,9.72,Surat
2025-02-12 12:00:00+00:00,30.924002,36.0,8.759178,Surat
2025-02-12 13:00:00+00:00,28.874,46.0,6.28713,Surat
2025-02-12 14:00:00+00:00,26.274,58.0,5.991594,Surat
2025-02-12 15:00:00+00:00,24.624,65.0,5.634891,Surat
2025-02-12 16:00:00+00:00,23.624,66.0,4.896529,Surat
2025-02-12 17:00:00+00:00,23.074001,65.0,4.73506,Surat
2025-02-12 18:00:00+00:00,22.324001,66.0,4.32,Surat
2025-02-12 19:00:00+00:00,21.774,67.0,4.68,Surat
2025-02-12 20:00:00+00:00,21.074001,69.0,4.68,Surat
2025-02-12 21:00:00+00:00,20.524,70.0,4.68,Surat
2025-02-12 22:00:00+00:00,20.024,71.0,5.04,Surat
2025-02-12 23:00:00+00:00,19.624,70.0,5.771239,Surat
2025-02-13 00:00:00+00:00,19.374,70.0,5.0911684,Surat
2025-02-13 01:00:00+00:00,19.074001,69.0,5.2416787,Surat
2025-02-13 02:00:00+00:00,18.824001,69.0,4.6800003,Surat
2025-02-13 03:00:00+00:00,20.124,68.0,4.3498964,Surat
2025-02-13 04:00:00+00:00,23.124,60.0,5.8048253,Surat
2025-02-13 05:00:00+00:00,26.324001,51.0,7.928177,Surat
2025-02-13 06:00:00+00:00,30.124,36.0,8.714677,Surat
2025-02-13 07:00:00+00:00,32.124,29.0,11.720751,Surat
2025-02-13 08:00:00+00:00,33.174,27.0,11.246759,Surat
2025-02-13 09:00:00+00:00,33.724,26.0,10.495713,Surat
2025-02-13 10:00:00+00:00,33.974,24.0,10.028439,Surat
2025-02-13 11:00:00+00:00,33.774,24.0,8.647496,Surat
2025-02-13 12:00:00+00:00,32.974,25.0,7.628263,Surat
2025-02-13 13:00:00+00:00,30.724,29.0,6.489992,Surat
2025-02-13 14:00:00+00:00,27.574001,42.0,6.297428,Surat
2025-02-13 15:00:00+00:00,25.574001,55.0,6.28713,Surat
2025-02-13 16:00:00+00:00,24.574001,58.0,5.6920996,Surat
2025-02-13 17:00:00+00:00,23.974,58.0,5.506941,Surat
2025-02-13 18:00:00+00:00,23.274,57.0,5.3999996,Surat
2025-02-13 19:00:00+00:00,23.024,55.0,6.519877,Surat
2025-02-13 20:00:00+00:00,22.374,53.0,6.9899354,Surat
2025-02-13 21:00:00+00:00,21.774,52.0,7.072878,Surat
2025-02-13 22:00:00+00:00,21.474,50.0,6.151683,Surat
2025-02-13 23:00:00+00:00,21.074001,49.0,5.3517847,Surat
2025-02-14 00:00:00+00:00,20.274,55.0,4.1046314,Surat
2025-02-14 01:00:00+00:00,19.974,55.0,4.2136917,Surat
2025-02-14 02:00:00+00:00,19.774,56.0,3.8773184,Surat
2025-02-14 03:00:00+00:00,20.974,56.0,3.7064266,Surat
2025-02-14 04:00:00+00:00,24.274,48.0,4.6938257,Surat
2025-02-14 05:00:00+00:00,27.624,40.0,6.696387,Surat
2025-02-14 06:00:00+00:00,31.124,34.0,6.989936,Surat
2025-02-14 07:00:00+00:00,32.974,26.0,9.585739,Surat
2025-02-14 08:00:00+00:00,33.974,23.0,9.504273,Surat
2025-02-14 09:00:00+00:00,34.573997,22.0,8.557102,Surat
2025-02-14 10:00:00+00:00,34.924,20.0,8.311245,Surat
2025-02-14 11:00:00+00:00,34.624,21.0,8.373386,Surat
2025-02-14 12:00:00+00:00,33.624,23.0,7.0911775,Surat
2025-02-14 13:00:00+00:00,30.874,30.0,6.8777895,Surat
2025-02-14 14:00:00+00:00,27.824001,38.0,6.193674,Surat
2025-02-14 15:00:00+00:00,26.224,37.0,4.829907,Surat
2025-02-14 16:00:00+00:00,25.224,37.0,4.1046314,Surat
2025-02-14 17:00:00+00:00,24.674002,37.0,3.6179552,Surat
2025-02-14 18:00:00+00:00,23.674002,43.0,3.6179552,Surat
2025-02-14 19:00:00+00:00,23.224,45.0,3.5455887,Surat
2025-02-14 20:00:00+00:00,22.724,47.0,3.563818,Surat
2025-02-14 21:00:00+00:00,21.924002,49.0,3.7585104,Surat
2025-02-14 22:00:00+00:00,21.174002,52.0,3.2599385,Surat
2025-02-14 23:00:00+00:00,20.824001,54.0,2.9024127,Surat
2025-02-15 00:00:00+00:00,18.574001,68.0,2.4149535,Surat
2025-02-15 01:00:00+00:00,18.024,69.0,1.484318,Surat
2025-02-15 02:00:00+00:00,17.574001,72.0,1.9386592,Surat
2025-02-15 03:00:00+00:00,19.424002,68.0,2.4149535,Surat
2025-02-15 04:00:00+00:00,23.474,61.0,2.2768397,Surat
2025-02-15 05:00:00+00:00,27.524,50.0,2.4149535,Surat
2025-02-15 06:00:00+00:00,30.824001,35.0,2.4149535,Surat
2025-02-15 07:00:00+00:00,32.823997,31.0,6.12,Surat
2025-02-15 08:00:00+00:00,34.224,28.0,9.178235,Surat
2025-02-15 09:00:00+00:00,34.624,26.0,10.739832,Surat
2025-02-15 10:00:00+00:00,34.424,23.0,10.739832,Surat
2025-02-15 11:00:00+00:00,33.974,21.0,9.178235,Surat
2025-02-15 12:00:00+00:00,33.374,22.0,5.1919937,Surat
2025-02-15 13:00:00+00:00,30.324001,31.0,3.6179552,Surat
2025-02-15 14:00:00+00:00,27.124,42.0,3.9763298,Surat
2025-02-15 15:00:00+00:00,25.274,52.0,3.6179552,Surat
2025-02-15 16:00:00+00:00,24.274,57.0,3.319036,Surat
2025-02-15 17:00:00+00:00,23.224,62.0,2.5959969,Surat
2025-02-15 18:00:00+00:00,21.774,73.0,3.4152596,Surat
2025-02-15 19:00:00+00:00,21.274,77.0,3.96,Surat
2025-02-15 20:00:00+00:00,20.724,82.0,2.8799999,Surat
2025-02-15 21:00:00+00:00,20.374,83.0,1.484318,Surat
2025-02-15 22:00:00+00:00,20.074001,83.0,2.3051248,Surat
2025-02-15 23:00:00+00:00,19.024,87.0,3.5455887,Surat
2025-02-16 00:00:00+00:00,18.024,92.0,3.7064266,Surat
2025-02-16 01:00:00+00:00,17.724,91.0,3.219938,Surat
2025-02-16 02:00:00+00:00,17.674002,89.0,2.52,Surat
2025-02-16 03:00:00+00:00,19.374,84.0,1.835647,Surat
2025-02-16 04:00:00+00:00,23.474,69.0,1.8,Surat
2025-02-16 05:00:00+00:00,27.124,56.0,0.71999997,Surat
2025-02-16 06:00:00+00:00,29.824001,44.0,3.4152596,Surat
2025-02-16 07:00:00+00:00,31.924002,37.0,4.1046314,Surat
2025-02-16 08:00:00+00:00,33.424,32.0,7.072878,Surat
2025-02-16 09:00:00+00:00,33.974,30.0,10.1376915,Surat
2025-02-16 10:00:00+00:00,33.573997,29.0,11.570515,Surat
2025-02-16 11:00:00+00:00,32.624,30.0,10.805999,Surat
2025-02-16 12:00:00+00:00,32.073997,31.0,6.130579,Surat
2025-02-16 13:00:00+00:00,29.124,42.0,4.6800003,Surat
2025-02-16 14:00:00+00:00,26.024,56.0,4.198285,Surat
2025-02-16 15:00:00+00:00,24.274,64.0,3.7585104,Surat
2025-02-16 16:00:00+00:00,23.074001,69.0,4.3349743,Surat
2025-02-16 17:00:00+00:00,22.524,69.0,4.379589,Surat
2025-02-16 18:00:00+00:00,22.374,69.0,3.319036,Surat
2025-02-16 19:00:00+00:00,22.324001,70.0,2.0991426,Surat
2025-02-16 20:00:00+00:00,22.224,70.0,1.0182338,Surat
2025-02-16 21:00:00+00:00,21.924002,71.0,1.5273507,Surat
2025-02-16 22:00:00+00:00,21.174002,73.0,3.0758414,Surat
2025-02-16 23:00:00+00:00,19.524,80.0,3.2599385,Surat
2025-02-17 00:00:00+00:00,18.174002,91.0,3.2599385,Surat
2025-02-17 01:00:00+00:00,17.224,94.0,2.9024127,Surat
2025-02-17 02:00:00+00:00,17.574001,92.0,2.968636,Surat
2025-02-17 03:00:00+00:00,19.974,83.0,2.6208394,Surat
2025-02-17 04:00:00+00:00,23.924002,69.0,3.7064266,Surat
2025-02-17 05:00:00+00:00,26.774,56.0,6.4096174,Surat
2025-02-17 06:00:00+00:00,29.424002,49.0,7.2,Surat
2025-02-17 07:00:00+00:00,31.474,43.0,7.289444,Surat
2025-02-17 08:00:00+00:00,32.974,38.0,7.9526596,Surat
2025-02-17 09:00:00+00:00,33.924,34.0,8.707238,Surat
2025-02-17 10:00:00+00:00,34.274,32.0,9.227524,Surat
2025-02-17 11:00:00+00:00,34.073997,31.0,9.659814,Surat
2025-02-17 12:00:00+00:00,33.374,31.0,8.699793,Surat
2025-02-17 13:00:00+00:00,31.224,37.0,6.696387,Surat
2025-02-17 14:00:00+00:00,28.324001,49.0,6.193674,Surat
2025-02-17 15:00:00+00:00,26.524,60.0,5.315336,Surat
2025-02-17 16:00:00+00:00,25.474,62.0,4.452954,Surat
2025-02-17 17:00:00+00:00,24.924002,60.0,3.9763298,Surat
2025-02-17 18:00:00+00:00,24.024,69.0,2.5455842,Surat
2025-02-17 19:00:00+00:00,23.574001,68.0,1.1384199,Surat
2025-02-17 20:00:00+00:00,22.824001,70.0,1.835647,Surat
2025-02-17 21:00:00+00:00,22.374,71.0,3.4152596,Surat
2025-02-17 22:00:00+00:00,21.974,73.0,2.0364676,Surat
2025-02-17 23:00:00+00:00,21.524,75.0,1.609969,Surat
2025-02-18 00:00:00+00:00,20.924002,79.0,2.9024127,Surat
2025-02-18 01:00:00+00:00,19.974,83.0,3.2599385,Surat
2025-02-18 02:00:00+00:00,19.374,85.0,2.9024127,Surat
2025-02-18 03:00:00+00:00,21.124,81.0,2.1897945,Surat
2025-02-18 04:00:00+00:00,24.874,67.0,2.8116899,Surat
2025-02-18 05:00:00+00:00,27.774,54.0,6.0347,Surat
2025-02-18 06:00:00+00:00,30.774,41.0,7.2805495,Surat
2025-02-18 07:00:00+00:00,32.774,34.0,9.449572,Surat
2025-02-18 08:00:00+00:00,34.073997,31.0,10.787993,Surat
2025-02-18 09:00:00+00:00,34.573997,29.0,11.090103,Surat
2025-02-18 10:00:00+00:00,34.724,26.0,11.304229,Surat
2025-02-18 11:00:00+00:00,34.224,26.0,11.090103,Surat
2025-02-18 12:00:00+00:00,33.624,28.0,7.9036193,Surat
2025-02-18 13:00:00+00:00,31.424002,34.0,5.3517847,Surat
2025-02-18 14:00:00+00:00,28.924002,43.0,4.6102495,Surat
2025-02-18 15:00:00+00:00,27.574001,50.0,3.6,Surat
2025-02-18 16:00:00+00:00,26.824001,52.0,3.4152596,Surat
2025-02-18 17:00:00+00:00,26.324001,52.0,3.2599385,Surat
2025-02-18 18:00:00+00:00,24.874,60.0,3.7585104,Surat
2025-02-18 19:00:00+00:00,23.874,62.0,4.2136917,Surat
2025-02-18 20:00:00+00:00,23.124,66.0,4.0249224,Surat
2025-02-18 21:00:00+00:00,22.524,68.0,3.6179552,Surat
2025-02-18 22:00:00+00:00,21.974,71.0,3.6179552,Surat
2025-02-18 23:00:00+00:00,21.474,73.0,3.6179552,Surat
2025-02-19 00:00:00+00:00,21.074001,76.0,3.2599385,Surat
2025-02-19 01:00:00+00:00,20.724,78.0,3.0758414,Surat
2025-02-19 02:00:00+00:00,20.524,78.0,2.9024127,Surat
2025-02-19 03:00:00+00:00,21.874,75.0,2.2768397,Surat
2025-02-19 04:00:00+00:00,25.024,61.0,5.5887027,Surat
2025-02-19 05:00:00+00:00,27.724,48.0,7.172949,Surat
2025-02-19 06:00:00+00:00,30.224,40.0,6.725354,Surat
2025-02-19 07:00:00+00:00,32.024,34.0,6.9899354,Surat
2025-02-19 08:00:00+00:00,33.424,30.0,8.759178,Surat
2025-02-19 09:00:00+00:00,34.024,28.0,7.928178,Surat
2025-02-19 10:00:00+00:00,34.174,27.0,7.7879906,Surat
2025-02-19 11:00:00+00:00,33.524,30.0,9.0,Surat
2025-02-19 12:00:00+00:00,33.024,34.0,7.729527,Surat
2025-02-19 13:00:00+00:00,30.324001,44.0,6.763786,Surat
2025-02-19 14:00:00+00:00,27.974,53.0,4.829907,Surat
2025-02-19 15:00:00+00:00,27.024,54.0,3.0547013,Surat
2025-02-19 16:00:00+00:00,26.524,53.0,2.3051248,Surat
2025-02-19 17:00:00+00:00,26.224,50.0,2.2768397,Surat
2025-02-19 18:00:00+00:00,23.424002,67.0,4.73506,Surat
2025-02-19 19:00:00+00:00,21.824001,79.0,3.671294,Surat
2025-02-19 20:00:00+00:00,21.424002,85.0,2.5959969,Surat
2025-02-19 21:00:00+00:00,21.424002,84.0,2.4149535,Surat
2025-02-19 22:00:00+00:00,21.274,82.0,1.609969,Surat
2025-02-19 23:00:00+00:00,20.924002,83.0,2.8799999,Surat
2025-02-20 00:00:00+00:00,19.224,88.0,3.4152596,Surat
2025-02-20 01:00:00+00:00,18.574001,90.0,2.9024127,Surat
2025-02-20 02:00:00+00:00,18.374,89.0,2.5455842,Surat
2025-02-20 03:00:00+00:00,20.774,82.0,2.1897945,Surat
2025-02-20 04:00:00+00:00,24.724,68.0,3.219938,Surat
2025-02-20 05:00:00+00:00,27.624,53.0,6.193674,Surat
2025-02-20 06:00:00+00:00,30.324001,43.0,7.729527,Surat
2025-02-20 07:00:00+00:00,32.024,38.0,8.654986,Surat
2025-02-20 08:00:00+00:00,33.424,32.0,10.041354,Surat
2025-02-20 09:00:00+00:00,33.974,29.0,9.6932955,Surat
2025-02-20 10:00:00+00:00,34.073997,27.0,8.825508,Surat
2025-02-20 11:00:00+00:00,33.674,26.0,7.9932976,Surat
2025-02-20 12:00:00+00:00,32.974,28.0,7.9932976,Surat
2025-02-20 13:00:00+00:00,30.524,36.0,4.379589,Surat
2025-02-20 14:00:00+00:00,28.174002,44.0,4.0249224,Surat
2025-02-20 15:00:00+00:00,26.524,49.0,4.3498964,Surat
2025-02-20 16:00:00+00:00,25.174002,55.0,4.0249224,Surat
2025-02-20 17:00:00+00:00,24.424002,58.0,3.4152596,Surat
2025-02-20 18:00:00+00:00,23.474,57.0,3.5455887,Surat
2025-02-20 19:00:00+00:00,22.574001,58.0,3.396233,Surat
2025-02-20 20:00:00+00:00,21.974,59.0,2.8116899,Surat
2025-02-20 21:00:00+00:00,21.524,60.0,1.8,Surat
2025-02-20 22:00:00+00:00,21.224,58.0,2.0991426,Surat
2025-02-20 23:00:00+00:00,20.924002,56.0,3.096837,Surat
2025-02-21 00:00:00+00:00,19.524,67.0,4.072935,Surat
2025-02-21 01:00:00+00:00,19.324001,69.0,4.39436,Surat
2025-02-21 02:00:00+00:00,18.974,74.0,4.6800003,Surat
2025-02-21 03:00:00+00:00,20.924002,73.0,4.829907,Surat
2025-02-21 04:00:00+00:00,24.474,61.0,6.439876,Surat
2025-02-21 05:00:00+00:00,27.624,50.0,9.339208,Surat
2025-02-21 06:00:00+00:00,30.624,42.0,9.83268,Surat
2025-02-21 07:00:00+00:00,32.474,35.0,13.363711,Surat
2025-02-21 08:00:00+00:00,33.424,31.0,13.202726,Surat
2025-02-21 09:00:00+00:00,33.924,29.0,13.1041975,Surat
2025-02-21 10:00:00+00:00,34.024,27.0,12.661564,Surat
2025-02-21 11:00:00+00:00,33.524,27.0,12.074766,Surat
2025-02-21 12:00:00+00:00,32.674,28.0,10.308831,Surat
2025-02-21 13:00:00+00:00,30.374,35.0,6.2145634,Surat
2025-02-21 14:00:00+00:00,28.024,43.0,4.32,Surat
2025-02-21 15:00:00+00:00,26.774,48.0,3.6,Surat
2025-02-21 16:00:00+00:00,26.174002,51.0,2.968636,Surat
2025-02-21 17:00:00+00:00,25.574001,51.0,3.8773184,Surat
2025-02-21 18:00:00+00:00,24.574001,48.0,5.1165614,Surat
2025-02-21 19:00:00+00:00,23.674002,51.0,4.8433046,Surat
2025-02-21 20:00:00+00:00,23.174002,52.0,4.8965297,Surat
2025-02-21 21:00:00+00:00,22.674002,52.0,4.39436,Surat
2025-02-21 22:00:00+00:00,22.224,52.0,4.1046314,Surat
2025-02-21 23:00:00+00:00,21.774,52.0,3.8939953,Surat
2025-02-22 00:00:00+00:00,21.324001,53.0,3.8268526,Surat
2025-02-22 01:00:00+00:00,20.974,53.0,3.8268526,Surat
2025-02-22 02:00:00+00:00,20.824001,55.0,3.8268526,Surat
2025-02-22 03:00:00+00:00,22.124,56.0,4.510787,Surat
2025-02-22 04:00:00+00:00,25.124,48.0,6.9527545,Surat
2025-02-22 05:00:00+00:00,28.174002,40.0,8.225035,Surat
2025-02-22 06:00:00+00:00,32.424,27.0,8.766573,Surat
2025-02-22 07:00:00+00:00,34.073997,24.0,12.10157,Surat
2025-02-22 08:00:00+00:00,35.024,22.0,12.413477,Surat
2025-02-22 09:00:00+00:00,35.573997,21.0,12.10157,Surat
2025-02-22 10:00:00+00:00,35.724,20.0,11.384199,Surat
2025-02-22 11:00:00+00:00,35.524,19.0,10.538843,Surat
2025-02-22 12:00:00+00:00,34.774,19.0,10.1376915,Surat
2025-02-22 13:00:00+00:00,32.724,23.0,6.489992,Surat
2025-02-22 14:00:00+00:00,29.724,33.0,6.151683,Surat
2025-02-22 15:00:00+00:00,27.674002,43.0,5.634891,Surat
2025-02-22 16:00:00+00:00,26.224,49.0,5.154415,Surat
2025-02-22 17:00:00+00:00,25.274,50.0,5.506941,Surat
2025-02-22 18:00:00+00:00,24.524,53.0,5.0911684,Surat
2025-02-22 19:00:00+00:00,24.074001,53.0,5.04,Surat
2025-02-22 20:00:00+00:00,23.474,53.0,5.4477882,Surat
2025-02-22 21:00:00+00:00,22.874,54.0,5.0142193,Surat
2025-02-22 22:00:00+00:00,22.224,55.0,4.802999,Surat
2025-02-22 23:00:00+00:00,21.724,56.0,4.1046314,Surat
2025-02-23 00:00:00+00:00,21.474,58.0,3.319036,Surat
2025-02-23 01:00:00+00:00,20.874,59.0,3.5455887,Surat
2025-02-23 02:00:00+00:00,20.574001,61.0,3.8773184,Surat
2025-02-23 03:00:00+00:00,22.124,60.0,4.5536795,Surat
2025-02-23 04:00:00+00:00,25.624,50.0,7.729527,Surat
2025-02-23 05:00:00+00:00,28.924002,42.0,9.422101,Surat
2025-02-23 06:00:00+00:00,32.874,32.0,9.422101,Surat
2025-02-23 07:00:00+00:00,35.024,24.0,11.212135,Surat
2025-02-23 08:00:00+00:00,36.024,20.0,9.511088,Surat
2025-02-23 09:00:00+00:00,36.624,18.0,9.47012,Surat
2025-02-23 10:00:00+00:00,36.774,17.0,9.346143,Surat
2025-02-23 11:00:00+00:00,36.224,18.0,9.585739,Surat
2025-02-23 12:00:00+00:00,35.224,19.0,7.42159,Surat
2025-02-23 13:00:00+00:00,32.774,26.0,6.1094027,Surat
2025-02-23 14:00:00+00:00,29.274,42.0,7.145796,Surat
2025-02-23 15:00:00+00:00,27.374,49.0,6.6087217,Surat
2025-02-23 16:00:00+00:00,26.474,44.0,5.815978,Surat
2025-02-23 17:00:00+00:00,25.774,42.0,5.1544156,Surat
2025-02-23 18:00:00+00:00,25.124,42.0,4.6938252,Surat
2025-02-23 19:00:00+00:00,24.574001,41.0,4.379589,Surat
2025-02-23 20:00:00+00:00,23.774,43.0,4.3498964,Surat
2025-02-23 21:00:00+00:00,23.074001,45.0,4.6938257,Surat
2025-02-23 22:00:00+00:00,22.424002,47.0,5.154415,Surat
2025-02-23 23:00:00+00:00,22.074001,48.0,5.506941,Surat
2025-02-24 00:00:00+00:00,21.524,52.0,5.634891,Surat
2025-02-24 01:00:00+00:00,21.074001,55.0,5.495161,Surat
2025-02-24 02:00:00+00:00,20.724,60.0,5.1165614,Surat
2025-02-24 03:00:00+00:00,22.224,61.0,5.3517847,Surat
2025-02-24 04:00:00+00:00,25.624,52.0,7.928177,Surat
2025-02-24 05:00:00+00:00,29.274,41.0,9.693296,Surat
2025-02-24 06:00:00+00:00,33.224,28.0,10.787993,Surat
2025-02-24 07:00:00+00:00,35.224,22.0,13.397612,Surat
2025-02-24 08:00:00+00:00,36.124,19.0,12.538134,Surat
2025-02-24 09:00:00+00:00,36.524,18.0,11.457958,Surat
2025-02-24 10:00:00+00:00,36.474,18.0,10.009036,Surat
2025-02-24 11:00:00+00:00,36.024,18.0,8.891344,Surat
2025-02-24 12:00:00+00:00,35.124,19.0,9.746631,Surat
2025-02-24 13:00:00+00:00,33.274,21.0,7.968939,Surat
2025-02-24 14:00:00+00:00,30.524,30.0,6.9527545,Surat
2025-02-24 15:00:00+00:00,28.624,42.0,5.6920996,Surat
2025-02-24 16:00:00+00:00,27.274,48.0,5.95906,Surat
2025-02-24 17:00:00+00:00,26.574001,50.0,5.1544156,Surat
2025-02-24 18:00:00+00:00,26.024,43.0,5.815978,Surat
2025-02-24 19:00:00+00:00,25.274,42.0,5.95906,Surat
2025-02-24 20:00:00+00:00,24.374,45.0,6.9527545,Surat
2025-02-24 21:00:00+00:00,23.524,49.0,7.968939,Surat
2025-02-24 22:00:00+00:00,23.124,51.0,7.8954163,Surat
2025-02-24 23:00:00+00:00,22.724,52.0,8.0899935,Surat
2025-02-25 00:00:00+00:00,22.524,50.0,7.386582,Surat
2025-02-25 01:00:00+00:00,22.474,48.0,7.145796,Surat
2025-02-25 02:00:00+00:00,22.524,46.0,7.7879906,Surat
2025-02-25 03:00:00+00:00,24.074001,46.0,10.144082,Surat
2025-02-25 04:00:00+00:00,26.974,40.0,12.864649,Surat
2025-02-25 05:00:00+00:00,30.274,33.0,14.264361,Surat
2025-02-25 06:00:00+00:00,33.073997,27.0,11.720751,Surat
2025-02-25 07:00:00+00:00,35.073997,24.0,10.483357,Surat
2025-02-25 08:00:00+00:00,36.374,20.0,8.854829,Surat
2025-02-25 09:00:00+00:00,36.974,19.0,7.8954163,Surat
2025-02-25 10:00:00+00:00,37.073997,18.0,5.771239,Surat
2025-02-25 11:00:00+00:00,36.524,20.0,7.9036193,Surat
2025-02-25 12:00:00+00:00,35.474,23.0,7.24486,Surat
2025-02-25 13:00:00+00:00,32.874,31.0,7.628263,Surat
2025-02-25 14:00:00+00:00,29.874,41.0,7.729527,Surat
2025-02-25 15:00:00+00:00,28.424002,45.0,7.386582,Surat
2025-02-25 16:00:00+00:00,27.324001,45.0,6.9527545,Surat
2025-02-25 17:00:00+00:00,26.674002,45.0,6.130579,Surat
2025-02-25 18:00:00+00:00,25.824001,48.0,4.6938252,Surat
2025-02-25 19:00:00+00:00,25.424002,47.0,4.73506,Surat
2025-02-25 20:00:00+00:00,24.924002,46.0,4.802999,Surat
2025-02-25 21:00:00+00:00,24.324001,46.0,5.6920996,Surat
2025-02-25 22:00:00+00:00,23.724,47.0,5.3517847,Surat
2025-02-25 23:00:00+00:00,23.174002,49.0,5.1919937,Surat
2025-02-26 00:00:00+00:00,22.674002,53.0,4.1046314,Surat
2025-02-26 01:00:00+00:00,22.374,53.0,4.8433046,Surat
2025-02-26 02:00:00+00:00,22.324001,53.0,4.510787,Surat
2025-02-26 03:00:00+00:00,23.974,51.0,4.510787,Surat
2025-02-26 04:00:00+00:00,27.224,42.0,7.5685663,Surat
2025-02-26 05:00:00+00:00,29.974,37.0,7.968939,Surat
2025-02-26 06:00:00+00:00,33.674,26.0,6.9899354,Surat
2025-02-26 07:00:00+00:00,35.874,23.0,3.4152596,Surat
2025-02-26 08:00:00+00:00,37.424,19.0,1.5273507,Surat
2025-02-26 09:00:00+00:00,37.974,18.0,4.0249224,Surat
2025-02-26 10:00:00+00:00,37.774,20.0,10.805999,Surat
2025-02-26 11:00:00+00:00,36.073997,24.0,13.797912,Surat
2025-02-26 12:00:00+00:00,34.774,27.0,12.43434,Surat
2025-02-26 13:00:00+00:00,32.674,29.0,9.793059,Surat
2025-02-26 14:00:00+00:00,30.474,34.0,6.638072,Surat
2025-02-26 15:00:00+00:00,29.074001,38.0,5.1919937,Surat
2025-02-26 16:00:00+00:00,28.124,40.0,3.8939953,Surat
2025-02-26 17:00:00+00:00,27.524,43.0,2.968636,Surat
2025-02-26 18:00:00+00:00,26.874,42.0,2.968636,Surat
2025-02-26 19:00:00+00:00,26.174002,43.0,3.2599385,Surat
2025-02-26 20:00:00+00:00,25.524,44.0,3.2399998,Surat
2025-02-26 21:00:00+00:00,24.774,46.0,3.2599385,Surat
2025-02-26 22:00:00+00:00,24.324001,47.0,2.7416782,Surat
2025-02-26 23:00:00+00:00,23.624,49.0,2.9024127,Surat
2025-02-27 00:00:00+00:00,22.624,52.0,2.7416782,Surat
2025-02-27 01:00:00+00:00,22.174002,55.0,2.3051248,Surat
2025-02-27 02:00:00+00:00,21.974,55.0,3.0547013,Surat
2025-02-27 03:00:00+00:00,23.324001,54.0,2.9024127,Surat
2025-02-27 04:00:00+00:00,26.724,46.0,3.4152596,Surat
2025-02-27 05:00:00+00:00,30.474,35.0,4.0249224,Surat
2025-02-27 06:00:00+00:00,34.374,27.0,1.4399999,Surat
2025-02-27 07:00:00+00:00,36.624,23.0,4.39436,Surat
2025-02-27 08:00:00+00:00,37.573997,23.0,10.97262,Surat
2025-02-27 09:00:00+00:00,37.274,24.0,13.779114,Surat
2025-02-27 10:00:00+00:00,36.624,25.0,14.973577,Surat
2025-02-27 11:00:00+00:00,35.524,27.0,14.512064,Surat
2025-02-27 12:00:00+00:00,34.224,31.0,10.041354,Surat
2025-02-27 13:00:00+00:00,32.024,35.0,6.519877,Surat
2025-02-27 14:00:00+00:00,29.624,44.0,3.6179552,Surat
2025-02-27 15:00:00+00:00,28.224,49.0,2.6208394,Surat
2025-02-27 16:00:00+00:00,26.774,54.0,3.2399998,Surat
2025-02-27 17:00:00+00:00,25.724,58.0,3.6,Surat
2025-02-27 18:00:00+00:00,24.724,67.0,3.219938,Surat
2025-02-27 19:00:00+00:00,24.224,72.0,2.7416782,Surat
2025-02-27 20:00:00+00:00,23.924002,73.0,2.6208394,Surat
2025-02-27 21:00:00+00:00,23.374,75.0,2.9024127,Surat
2025-02-27 22:00:00+00:00,23.024,77.0,2.5455842,Surat
2025-02-27 23:00:00+00:00,22.874,78.0,1.4399999,Surat
2025-02-28 00:00:00+00:00,22.824001,78.0,2.2768397,Surat
2025-02-28 01:00:00+00:00,22.474,79.0,1.1384199,Surat
2025-02-28 02:00:00+00:00,22.374,79.0,1.1384199,Surat
2025-02-28 03:00:00+00:00,23.574001,76.0,0.8049845,Surat
2025-02-28 04:00:00+00:00,27.524,53.0,2.8799999,Surat
2025-02-28 05:00:00+00:00,29.874,43.0,4.73506,Surat
2025-02-28 06:00:00+00:00,31.824001,39.0,4.3349743,Surat
2025-02-28 07:00:00+00:00,33.924,32.0,4.0249224,Surat
2025-02-28 08:00:00+00:00,35.274,30.0,6.12,Surat
2025-02-28 09:00:00+00:00,36.073997,28.0,9.793058,Surat
2025-02-28 10:00:00+00:00,35.774,29.0,12.224107,Surat
2025-02-28 11:00:00+00:00,34.924,28.0,11.304229,Surat
2025-02-28 12:00:00+00:00,33.624,37.0,6.9899354,Surat
2025-02-28 13:00:00+00:00,31.024,45.0,5.771239,Surat
2025-02-28 14:00:00+00:00,28.124,58.0,4.73506,Surat
2025-02-28 15:00:00+00:00,26.374,63.0,4.68,Surat
2025-02-28 16:00:00+00:00,25.324001,63.0,5.0911684,Surat
2025-02-28 17:00:00+00:00,24.524,64.0,5.3517847,Surat
2025-02-28 18:00:00+00:00,24.174002,69.0,4.1046314,Surat
2025-02-28 19:00:00+00:00,23.824001,71.0,3.5455887,Surat
2025-02-28 20:00:00+00:00,23.724,69.0,1.9386592,Surat
2025-02-28 21:00:00+00:00,23.624,67.0,2.5959969,Surat
2025-02-28 22:00:00+00:00,22.224,71.0,3.96,Surat
2025-02-28 23:00:00+00:00,21.324001,74.0,3.5455887,Surat
2025-03-01 00:00:00+00:00,21.024,74.0,2.8116899,Surat
2025-03-01 01:00:00+00:00,20.724,76.0,1.0182338,Surat
2025-03-01 02:00:00+00:00,20.574001,76.0,2.6208394,Surat
2025-03-01 03:00:00+00:00,22.274,74.0,3.0758414,Surat
2025-03-01 04:00:00+00:00,25.774,59.0,6.28713,Surat
2025-03-01 05:00:00+00:00,28.174002,49.0,9.726665,Surat
2025-03-01 06:00:00+00:00,30.174002,46.0,10.799999,Surat
2025-03-01 07:00:00+00:00,31.924002,42.0,11.609651,Surat
2025-03-01 08:00:00+00:00,33.174,40.0,11.525623,Surat
2025-03-01 09:00:00+00:00,33.924,37.0,11.592895,Surat
2025-03-01 10:00:00+00:00,34.124,36.0,11.983188,Surat
2025-03-01 11:00:00+00:00,33.724,34.0,12.387348,Surat
2025-03-01 12:00:00+00:00,33.224,36.0,9.693296,Surat
2025-03-01 13:00:00+00:00,31.124,43.0,7.145796,Surat
2025-03-01 14:00:00+00:00,28.474,55.0,6.638072,Surat
2025-03-01 15:00:00+00:00,27.024,58.0,5.3999996,Surat
2025-03-01 16:00:00+00:00,26.174002,55.0,4.3498964,Surat
2025-03-01 17:00:00+00:00,25.724,52.0,3.671294,Surat
2025-03-01 18:00:00+00:00,25.474,53.0,2.7416782,Surat
2025-03-01 19:00:00+00:00,25.074001,53.0,2.0991426,Surat
2025-03-01 20:00:00+00:00,24.974,51.0,2.4149535,Surat
2025-03-01 21:00:00+00:00,23.974,55.0,4.198285,Surat
2025-03-01 22:00:00+00:00,22.624,64.0,3.6,Surat
2025-03-01 23:00:00+00:00,22.124,69.0,2.9024127,Surat
2025-03-02 00:00:00+00:00,21.974,71.0,2.968636,Surat
2025-03-02 01:00:00+00:00,21.324001,78.0,4.452954,Surat
2025-03-02 02:00:00+00:00,21.424002,78.0,5.1544156,Surat
2025-03-02 03:00:00+00:00,23.124,71.0,6.87779,Surat
2025-03-02 04:00:00+00:00,25.624,61.0,8.28,Surat
2025-03-02 05:00:00+00:00,28.124,51.0,8.647496,Surat
2025-03-02 06:00:00+00:00,30.674002,42.0,8.64,Surat
2025-03-02 07:00:00+00:00,32.274,36.0,9.028754,Surat
2025-03-02 08:00:00+00:00,33.323997,35.0,8.4042845,Surat
2025-03-02 09:00:00+00:00,33.924,34.0,8.891343,Surat
2025-03-02 10:00:00+00:00,34.124,32.0,9.726664,Surat
2025-03-02 11:00:00+00:00,33.624,31.0,10.587918,Surat
2025-03-02 12:00:00+00:00,32.823997,33.0,7.9036193,Surat
2025-03-02 13:00:00+00:00,30.274,42.0,6.297428,Surat
2025-03-02 14:00:00+00:00,27.874,53.0,5.1165614,Surat
2025-03-02 15:00:00+00:00,26.724,55.0,4.39436,Surat
2025-03-02 16:00:00+00:00,26.224,51.0,3.4152596,Surat
2025-03-02 17:00:00+00:00,26.074001,50.0,2.9024127,Surat
2025-03-02 18:00:00+00:00,25.974,51.0,1.2979984,Surat
2025-03-02 19:00:00+00:00,25.274,55.0,2.2768397,Surat
2025-03-02 20:00:00+00:00,24.624,60.0,2.5455842,Surat
2025-03-02 21:00:00+00:00,24.174002,64.0,1.484318,Surat
2025-03-02 22:00:00+00:00,23.674002,66.0,2.3051248,Surat
2025-03-02 23:00:00+00:00,22.824001,68.0,2.8116899,Surat
2025-03-03 00:00:00+00:00,21.574001,74.0,3.319036,Surat
2025-03-03 01:00:00+00:00,21.374,74.0,2.8116899,Surat
2025-03-03 02:00:00+00:00,21.474,72.0,2.3051248,Surat
2025-03-03 03:00:00+00:00,22.874,72.0,2.0991426,Surat
2025-03-03 04:00:00+00:00,25.924002,60.0,5.1544156,Surat
2025-03-03 05:00:00+00:00,28.424002,51.0,7.2805495,Surat
2025-03-03 06:00:00+00:00,30.824001,42.0,8.64,Surat
2025-03-03 07:00:00+00:00,32.424,37.0,10.086427,Surat
2025-03-03 08:00:00+00:00,33.524,35.0,10.594036,Surat
2025-03-03 09:00:00+00:00,34.124,33.0,10.587917,Surat
2025-03-03 10:00:00+00:00,34.174,32.0,10.495713,Surat
2025-03-03 11:00:00+00:00,33.674,31.0,9.83268,Surat
2025-03-03 12:00:00+00:00,32.874,34.0,6.9899354,Surat
2025-03-03 13:00:00+00:00,30.674002,44.0,4.0249224,Surat
2025-03-03 14:00:00+00:00,28.524,52.0,4.3349743,Surat
2025-03-03 15:00:00+00:00,26.874,58.0,4.39436,Surat
2025-03-03 16:00:00+00:00,26.224,57.0,3.5455887,Surat
2025-03-03 17:00:00+00:00,26.074001,53.0,3.2599385,Surat
2025-03-03 18:00:00+00:00,25.624,54.0,3.319036,Surat
2025-03-03 19:00:00+00:00,24.924002,56.0,3.96,Surat
2025-03-03 20:00:00+00:00,23.874,61.0,4.452954,Surat
2025-03-03 21:00:00+00:00,23.174002,64.0,4.0249224,Surat
2025-03-03 22:00:00+00:00,22.724,65.0,3.6,Surat
2025-03-03 23:00:00+00:00,22.374,65.0,4.0249224,Surat
2025-03-04 00:00:00+00:00,21.374,68.0,3.7585104,Surat
2025-03-04 01:00:00+00:00,21.024,66.0,4.3349743,Surat
2025-03-04 02:00:00+00:00,20.974,65.0,4.73506,Surat
2025-03-04 03:00:00+00:00,22.474,65.0,6.2145634,Surat
2025-03-04 04:00:00+00:00,25.124,57.0,8.905908,Surat
2025-03-04 05:00:00+00:00,27.624,49.0,10.931203,Surat
2025-03-04 06:00:00+00:00,30.224,39.0,13.627795,Surat
2025-03-04 07:00:00+00:00,31.874,34.0,15.542662,Surat
2025-03-04 08:00:00+00:00,32.924,31.0,16.766108,Surat
2025-03-04 09:00:00+00:00,33.624,29.0,15.815435,Surat
2025-03-04 10:00:00+00:00,33.874,28.0,14.869351,Surat
2025-03-04 11:00:00+00:00,33.674,28.0,13.698934,Surat
2025-03-04 12:00:00+00:00,32.424,31.0,10.805999,Surat
2025-03-04 13:00:00+00:00,30.524,36.0,6.489992,Surat
2025-03-04 14:00:00+00:00,28.124,45.0,4.802999,Surat
2025-03-04 15:00:00+00:00,26.674002,50.0,4.802999,Surat
2025-03-04 16:00:00+00:00,25.424002,54.0,5.0911684,Surat
2025-03-04 17:00:00+00:00,24.324001,55.0,6.4799995,Surat
2025-03-04 18:00:00+00:00,23.174002,48.0,8.12197,Surat
2025-03-04 19:00:00+00:00,22.174002,46.0,8.825508,Surat
2025-03-04 20:00:00+00:00,21.274,44.0,9.0645685,Surat
2025-03-04 21:00:00+00:00,20.624,43.0,10.182337,Surat
2025-03-04 22:00:00+00:00,20.024,41.0,10.594036,Surat
2025-03-04 23:00:00+00:00,19.474,38.0,10.8955765,Surat
2025-03-05 00:00:00+00:00,19.074001,37.0,10.538843,Surat
2025-03-05 01:00:00+00:00,18.574001,37.0,11.013882,Surat
2025-03-05 02:00:00+00:00,18.224,40.0,10.390226,Surat
2025-03-05 03:00:00+00:00,19.624,42.0,11.384199,Surat
2025-03-05 04:00:00+00:00,22.574001,39.0,12.245293,Surat
2025-03-05 05:00:00+00:00,25.974,33.0,13.281023,Surat
2025-03-05 06:00:00+00:00,29.574001,28.0,14.773164,Surat
2025-03-05 07:00:00+00:00,31.524,24.0,15.7908325,Surat
2025-03-05 08:00:00+00:00,32.924,18.0,16.92383,Surat
2025-03-05 09:00:00+00:00,33.573997,15.0,17.174677,Surat
2025-03-05 10:00:00+00:00,33.624,13.0,17.555307,Surat
2025-03-05 11:00:00+00:00,33.024,13.0,17.072504,Surat
2025-03-05 12:00:00+00:00,31.624,16.0,12.768586,Surat
2025-03-05 13:00:00+00:00,29.424002,21.0,8.557102,Surat
2025-03-05 14:00:00+00:00,26.574001,29.0,7.342588,Surat
2025-03-05 15:00:00+00:00,25.074001,31.0,7.9932976,Surat
2025-03-05 16:00:00+00:00,23.924002,32.0,8.311245,Surat
2025-03-05 17:00:00+00:00,22.874,33.0,8.669949,Surat
2025-03-05 18:00:00+00:00,20.824001,39.0,7.9932976,Surat
2025-03-05 19:00:00+00:00,20.274,39.0,7.072878,Surat
2025-03-05 20:00:00+00:00,19.574001,40.0,6.151683,Surat
2025-03-05 21:00:00+00:00,18.974,42.0,5.315336,Surat
2025-03-05 22:00:00+00:00,18.524,44.0,5.1919937,Surat
2025-03-05 23:00:00+00:00,18.174002,45.0,4.829907,Surat
2025-03-06 00:00:00+00:00,16.874,54.0,4.452954,Surat
2025-03-06 01:00:00+00:00,16.324001,55.0,4.802999,Surat
2025-03-06 02:00:00+00:00,16.274,56.0,4.2136917,Surat
2025-03-06 03:00:00+00:00,18.374,58.0,4.198285,Surat
2025-03-06 04:00:00+00:00,22.274,48.0,5.904439,Surat
2025-03-06 05:00:00+00:00,25.774,39.0,8.161764,Surat
2025-03-06 06:00:00+00:00,29.524,30.0,6.9153743,Surat
2025-03-06 07:00:00+00:00,31.724,25.0,7.5942082,Surat
2025-03-06 08:00:00+00:00,33.274,21.0,9.0,Surat
2025-03-06 09:00:00+00:00,34.073997,18.0,10.1376915,Surat
2025-03-06 10:00:00+00:00,34.274,17.0,9.746631,Surat
2025-03-06 11:00:00+00:00,33.774,18.0,8.759178,Surat
2025-03-06 12:00:00+00:00,32.924,20.0,6.489992,Surat
2025-03-06 13:00:00+00:00,29.874,32.0,4.6938257,Surat
2025-03-06 14:00:00+00:00,26.624,43.0,5.1919937,Surat
2025-03-06 15:00:00+00:00,24.774,48.0,4.510787,Surat
2025-03-06 16:00:00+00:00,24.174002,44.0,4.1046314,Surat
2025-03-06 17:00:00+00:00,24.124,40.0,4.0249224,Surat
2025-03-06 18:00:00+00:00,22.724,44.0,4.3349743,Surat
2025-03-06 19:00:00+00:00,21.974,45.0,4.379589,Surat
2025-03-06 20:00:00+00:00,21.324001,48.0,3.9763298,Surat
2025-03-06 21:00:00+00:00,20.624,50.0,3.6,Surat
2025-03-06 22:00:00+00:00,19.874,52.0,3.6179552,Surat
2025-03-06 23:00:00+00:00,18.874,54.0,4.379589,Surat
2025-03-07 00:00:00+00:00,18.724,56.0,3.4152596,Surat
2025-03-07 01:00:00+00:00,18.424002,55.0,3.219938,Surat
2025-03-07 02:00:00+00:00,19.124,53.0,3.0547013,Surat
2025-03-07 03:00:00+00:00,21.624,51.0,2.5455842,Surat
2025-03-07 04:00:00+00:00,24.874,46.0,3.319036,Surat
2025-03-07 05:00:00+00:00,28.024,38.0,5.634891,Surat
2025-03-07 06:00:00+00:00,31.574001,28.0,6.519877,Surat
2025-03-07 07:00:00+00:00,33.774,23.0,7.771331,Surat
2025-03-07 08:00:00+00:00,35.323997,19.0,8.654986,Surat
2025-03-07 09:00:00+00:00,36.024,17.0,8.766573,Surat
2025-03-07 10:00:00+00:00,36.124,17.0,7.9932976,Surat
2025-03-07 11:00:00+00:00,35.774,18.0,7.42159,Surat
2025-03-07 12:00:00+00:00,34.624,20.0,7.7043357,Surat
2025-03-07 13:00:00+00:00,31.124,32.0,7.127636,Surat
2025-03-07 14:00:00+00:00,27.674002,45.0,5.904439,Surat
2025-03-07 15:00:00+00:00,26.374,43.0,4.3498964,Surat
2025-03-07 16:00:00+00:00,25.824001,39.0,3.5455887,Surat
2025-03-07 17:00:00+00:00,25.874,36.0,3.219938,Surat
2025-03-07 18:00:00+00:00,26.174002,32.0,2.52,Surat
2025-03-07 19:00:00+00:00,25.874,30.0,1.2979984,Surat
2025-03-07 20:00:00+00:00,25.074001,34.0,4.452954,Surat
2025-03-07 21:00:00+00:00,23.574001,47.0,0.8049845,Surat
2025-03-07 22:00:00+00:00,22.274,50.0,3.7585104,Surat
2025-03-07 23:00:00+00:00,20.274,53.0,2.8799999,Surat
2025-02-04 00:00:00+00:00,17.5625,90.0,2.5959969,Pune
2025-02-04 01:00:00+00:00,16.9125,93.0,2.2768397,Pune
2025-02-04 02:00:00+00:00,16.2625,95.0,2.4149535,Pune
2025-02-04 03:00:00+00:00,18.612501,87.0,1.8,Pune
2025-02-04 04:00:00+00:00,22.862501,67.0,1.9386592,Pune
2025-02-04 05:00:00+00:00,26.0625,57.0,2.3051248,Pune
2025-02-04 06:00:00+00:00,28.9625,46.0,1.2979984,Pune
2025-02-04 07:00:00+00:00,31.3125,35.0,3.319036,Pune
2025-02-04 08:00:00+00:00,32.8125,26.0,5.0528407,Pune
2025-02-04 09:00:00+00:00,33.3125,24.0,5.771239,Pune
2025-02-04 10:00:00+00:00,33.3125,24.0,4.379589,Pune
2025-02-04 11:00:00+00:00,33.012497,25.0,3.6179552,Pune
2025-02-04 12:00:00+00:00,31.862501,27.0,8.587338,Pune
2025-02-04 13:00:00+00:00,28.5125,36.0,14.007655,Pune
2025-02-04 14:00:00+00:00,26.3125,42.0,9.449572,Pune
2025-02-04 15:00:00+00:00,24.8125,50.0,8.350138,Pune
2025-02-04 16:00:00+00:00,23.4625,57.0,5.3999996,Pune
2025-02-04 17:00:00+00:00,22.4625,63.0,2.8116899,Pune
2025-02-04 18:00:00+00:00,21.4125,67.0,3.096837,Pune
2025-02-04 19:00:00+00:00,20.5125,70.0,3.5455887,Pune
2025-02-04 20:00:00+00:00,19.7625,73.0,3.5455887,Pune
2025-02-04 21:00:00+00:00,19.112501,75.0,3.4152596,Pune
2025-02-04 22:00:00+00:00,18.4625,77.0,3.219938,Pune
2025-02-04 23:00:00+00:00,17.862501,80.0,3.5455887,Pune
2025-02-05 00:00:00+00:00,17.1625,83.0,3.396233,Pune
2025-02-05 01:00:00+00:00,16.8125,84.0,2.8116899,Pune
2025-02-05 02:00:00+00:00,16.6625,84.0,1.835647,Pune
2025-02-05 03:00:00+00:00,18.4125,79.0,0.8049845,Pune
2025-02-05 04:00:00+00:00,22.2625,63.0,2.968636,Pune
2025-02-05 05:00:00+00:00,24.862501,51.0,5.3517847,Pune
2025-02-05 06:00:00+00:00,27.5625,43.0,4.5536795,Pune
2025-02-05 07:00:00+00:00,29.4625,37.0,4.6938252,Pune
2025-02-05 08:00:00+00:00,30.7625,33.0,4.3349743,Pune
2025-02-05 09:00:00+00:00,31.4625,32.0,3.4152596,Pune
2025-02-05 10:00:00+00:00,31.9125,29.0,2.9024127,Pune
2025-02-05 11:00:00+00:00,31.7125,29.0,4.0249224,Pune
2025-02-05 12:00:00+00:00,31.2625,30.0,2.7416782,Pune
2025-02-05 13:00:00+00:00,29.612501,38.0,2.7416782,Pune
2025-02-05 14:00:00+00:00,27.1625,46.0,4.5820518,Pune
2025-02-05 15:00:00+00:00,25.3125,47.0,8.669949,Pune
2025-02-05 16:00:00+00:00,23.8125,48.0,5.8048253,Pune
2025-02-05 17:00:00+00:00,22.4125,52.0,5.3517847,Pune
2025-02-05 18:00:00+00:00,20.5625,64.0,4.3349743,Pune
2025-02-05 19:00:00+00:00,19.8125,66.0,4.1046314,Pune
2025-02-05 20:00:00+00:00,19.1625,70.0,3.6,Pune
2025-02-05 21:00:00+00:00,18.8125,72.0,3.219938,Pune
2025-02-05 22:00:00+00:00,18.7125,72.0,2.6208394,Pune
2025-02-05 23:00:00+00:00,18.6625,72.0,2.52,Pune
2025-02-06 00:00:00+00:00,18.4625,74.0,1.1384199,Pune
2025-02-06 01:00:00+00:00,18.3125,74.0,0.71999997,Pune
2025-02-06 02:00:00+00:00,18.2125,74.0,1.1384199,Pune
2025-02-06 03:00:00+00:00,20.0625,70.0,1.5273507,Pune
2025-02-06 04:00:00+00:00,23.0125,57.0,4.829907,Pune
2025-02-06 05:00:00+00:00,25.3125,52.0,10.086427,Pune
2025-02-06 06:00:00+00:00,27.112501,47.0,10.1376915,Pune
2025-02-06 07:00:00+00:00,29.0625,44.0,10.464798,Pune
2025-02-06 08:00:00+00:00,30.612501,40.0,9.0645685,Pune
2025-02-06 09:00:00+00:00,31.6625,36.0,7.24486,Pune
2025-02-06 10:00:00+00:00,32.1625,31.0,5.0911684,Pune
2025-02-06 11:00:00+00:00,31.9125,31.0,3.8939953,Pune
2025-02-06 12:00:00+00:00,31.2625,33.0,2.6208394,Pune
2025-02-06 13:00:00+00:00,29.5625,43.0,2.8116899,Pune
2025-02-06 14:00:00+00:00,27.4125,52.0,2.5959969,Pune
2025-02-06 15:00:00+00:00,26.862501,56.0,1.8,Pune
2025-02-06 16:00:00+00:00,25.7625,56.0,5.0911684,Pune
2025-02-06 17:00:00+00:00,24.2625,66.0,4.2136917,Pune
2025-02-06 18:00:00+00:00,23.7625,67.0,4.0249224,Pune
2025-02-06 19:00:00+00:00,23.112501,71.0,2.7416782,Pune
2025-02-06 20:00:00+00:00,22.9625,72.0,1.8,Pune
2025-02-06 21:00:00+00:00,22.8125,71.0,1.1384199,Pune
2025-02-06 22:00:00+00:00,22.2125,72.0,2.5455842,Pune
2025-02-06 23:00:00+00:00,21.612501,73.0,1.9386592,Pune
2025-02-07 00:00:00+00:00,20.9125,76.0,1.484318,Pune
2025-02-07 01:00:00+00:00,20.5625,77.0,1.1384199,Pune
2025-02-07 02:00:00+00:00,20.2625,78.0,1.1384199,Pune
2025-02-07 03:00:00+00:00,21.4125,76.0,1.9386592,Pune
2025-02-07 04:00:00+00:00,23.9125,65.0,5.4833565,Pune
2025-02-07 05:00:00+00:00,26.0125,58.0,7.289444,Pune
2025-02-07 06:00:00+00:00,27.9625,52.0,5.815978,Pune
2025-02-07 07:00:00+00:00,29.8125,47.0,6.489992,Pune
2025-02-07 08:00:00+00:00,31.2125,40.0,4.3498964,Pune
2025-02-07 09:00:00+00:00,32.1125,35.0,1.2979984,Pune
2025-02-07 10:00:00+00:00,32.4125,31.0,0.35999998,Pune
2025-02-07 11:00:00+00:00,32.262497,30.0,1.484318,Pune
2025-02-07 12:00:00+00:00,31.6625,33.0,2.4149535,Pune
2025-02-07 13:00:00+00:00,29.612501,43.0,4.8965297,Pune
2025-02-07 14:00:00+00:00,27.612501,50.0,4.3349743,Pune
2025-02-07 15:00:00+00:00,27.1625,53.0,2.0991426,Pune
2025-02-07 16:00:00+00:00,25.5125,59.0,6.924738,Pune
2025-02-07 17:00:00+00:00,25.3125,60.0,6.162207,Pune
2025-02-07 18:00:00+00:00,24.3125,62.0,3.8773184,Pune
2025-02-07 19:00:00+00:00,23.5125,66.0,2.8116899,Pune
2025-02-07 20:00:00+00:00,22.5125,70.0,3.6,Pune
2025-02-07 21:00:00+00:00,21.862501,71.0,3.563818,Pune
2025-02-07 22:00:00+00:00,21.5125,72.0,2.9024127,Pune
2025-02-07 23:00:00+00:00,21.4125,72.0,2.2768397,Pune
2025-02-08 00:00:00+00:00,20.9625,74.0,1.2979984,Pune
2025-02-08 01:00:00+00:00,20.9625,73.0,0.8049845,Pune
2025-02-08 02:00:00+00:00,20.6625,73.0,2.0991426,Pune
2025-02-08 03:00:00+00:00,21.612501,73.0,1.484318,Pune
2025-02-08 04:00:00+00:00,24.5625,61.0,3.396233,Pune
2025-02-08 05:00:00+00:00,26.862501,53.0,6.151683,Pune
2025-02-08 06:00:00+00:00,29.0625,46.0,3.5455887,Pune
2025-02-08 07:00:00+00:00,30.9625,40.0,2.6208394,Pune
2025-02-08 08:00:00+00:00,32.212498,35.0,1.609969,Pune
2025-02-08 09:00:00+00:00,32.712498,33.0,4.0249224,Pune
2025-02-08 10:00:00+00:00,32.9125,32.0,6.519877,Pune
2025-02-08 11:00:00+00:00,32.5625,32.0,7.5170207,Pune
2025-02-08 12:00:00+00:00,31.7125,33.0,5.1544156,Pune
2025-02-08 13:00:00+00:00,29.7125,42.0,2.9024127,Pune
2025-02-08 14:00:00+00:00,28.6625,45.0,1.1384199,Pune
2025-02-08 15:00:00+00:00,28.1625,44.0,3.671294,Pune
2025-02-08 16:00:00+00:00,25.3125,55.0,5.8048253,Pune
2025-02-08 17:00:00+00:00,24.5125,62.0,3.8939953,Pune
2025-02-08 18:00:00+00:00,24.112501,65.0,3.8268526,Pune
2025-02-08 19:00:00+00:00,23.1625,71.0,3.319036,Pune
2025-02-08 20:00:00+00:00,22.9125,73.0,2.8116899,Pune
2025-02-08 21:00:00+00:00,23.0125,73.0,2.0991426,Pune
2025-02-08 22:00:00+00:00,22.9125,73.0,2.2768397,Pune
2025-02-08 23:00:00+00:00,22.3125,75.0,2.2768397,Pune
2025-02-09 00:00:00+00:00,20.0125,86.0,3.8268526,Pune
2025-02-09 01:00:00+00:00,19.362501,89.0,3.6,Pune
2025-02-09 02:00:00+00:00,18.7625,91.0,3.319036,Pune
2025-02-09 03:00:00+00:00,20.7125,86.0,2.2768397,Pune
2025-02-09 04:00:00+00:00,24.9125,65.0,1.835647,Pune
2025-02-09 05:00:00+00:00,27.6625,54.0,4.5820518,Pune
2025-02-09 06:00:00+00:00,29.5625,45.0,3.8773184,Pune
2025-02-09 07:00:00+00:00,31.0125,41.0,3.2599385,Pune
2025-02-09 08:00:00+00:00,31.9625,37.0,2.8116899,Pune
2025-02-09 09:00:00+00:00,32.462498,35.0,4.3349743,Pune
2025-02-09 10:00:00+00:00,32.6125,33.0,5.771239,Pune
2025-02-09 11:00:00+00:00,32.4125,32.0,6.519877,Pune
2025-02-09 12:00:00+00:00,31.862501,33.0,5.315336,Pune
2025-02-09 13:00:00+00:00,30.0125,39.0,3.319036,Pune
2025-02-09 14:00:00+00:00,28.612501,43.0,2.2768397,Pune
2025-02-09 15:00:00+00:00,27.862501,43.0,2.0364676,Pune
2025-02-09 16:00:00+00:00,25.6625,50.0,5.4119864,Pune
2025-02-09 17:00:00+00:00,24.612501,58.0,5.3517847,Pune
2025-02-09 18:00:00+00:00,24.1625,59.0,4.3498964,Pune
2025-02-09 19:00:00+00:00,23.612501,62.0,3.563818,Pune
2025-02-09 20:00:00+00:00,23.0125,66.0,3.319036,Pune
2025-02-09 21:00:00+00:00,22.4125,69.0,3.396233,Pune
2025-02-09 22:00:00+00:00,22.0625,71.0,3.396233,Pune
2025-02-09 23:00:00+00:00,21.612501,73.0,3.8268526,Pune
2025-02-10 00:00:00+00:00,20.612501,77.0,4.072935,Pune
2025-02-10 01:00:00+00:00,20.5625,78.0,3.319036,Pune
2025-02-10 02:00:00+00:00,20.5625,78.0,3.096837,Pune
2025-02-10 03:00:00+00:00,22.0125,75.0,2.3051248,Pune
2025-02-10 04:00:00+00:00,25.112501,61.0,1.1384199,Pune
2025-02-10 05:00:00+00:00,27.7125,46.0,2.6208394,Pune
2025-02-10 06:00:00+00:00,29.862501,39.0,3.671294,Pune
2025-02-10 07:00:00+00:00,31.4625,35.0,2.8116899,Pune
2025-02-10 08:00:00+00:00,32.6125,32.0,3.4152596,Pune
2025-02-10 09:00:00+00:00,33.212498,29.0,3.6,Pune
2025-02-10 10:00:00+00:00,33.3625,28.0,4.198285,Pune
2025-02-10 11:00:00+00:00,33.1625,28.0,4.452954,Pune
2025-02-10 12:00:00+00:00,32.462498,31.0,5.2416787,Pune
2025-02-10 13:00:00+00:00,30.5625,37.0,5.3517847,Pune
2025-02-10 14:00:00+00:00,28.1625,40.0,8.404285,Pune
2025-02-10 15:00:00+00:00,26.612501,41.0,7.2,Pune
2025-02-10 16:00:00+00:00,24.9125,46.0,6.130579,Pune
2025-02-10 17:00:00+00:00,23.5625,52.0,5.00128,Pune
2025-02-10 18:00:00+00:00,22.0125,61.0,3.8268526,Pune
2025-02-10 19:00:00+00:00,21.612501,64.0,3.8268526,Pune
2025-02-10 20:00:00+00:00,21.2625,66.0,3.6,Pune
2025-02-10 21:00:00+00:00,20.9625,68.0,2.9024127,Pune
2025-02-10 22:00:00+00:00,20.7625,69.0,2.6208394,Pune
2025-02-10 23:00:00+00:00,20.362501,70.0,3.0758414,Pune
2025-02-11 00:00:00+00:00,19.7125,72.0,2.968636,Pune
2025-02-11 01:00:00+00:00,19.2125,74.0,3.219938,Pune
2025-02-11 02:00:00+00:00,18.862501,74.0,3.6,Pune
2025-02-11 03:00:00+00:00,20.6625,70.0,2.5959969,Pune
2025-02-11 04:00:00+00:00,24.6625,54.0,1.1384199,Pune
2025-02-11 05:00:00+00:00,27.7625,39.0,1.609969,Pune
2025-02-11 06:00:00+00:00,30.2625,31.0,2.5455842,Pune
2025-02-11 07:00:00+00:00,31.6625,29.0,1.484318,Pune
2025-02-11 08:00:00+00:00,32.5625,28.0,3.0758414,Pune
2025-02-11 09:00:00+00:00,33.262497,27.0,6.0347,Pune
2025-02-11 10:00:00+00:00,33.3625,27.0,6.6185193,Pune
2025-02-11 11:00:00+00:00,33.012497,29.0,9.585739,Pune
2025-02-11 12:00:00+00:00,32.3125,29.0,11.4862,Pune
2025-02-11 13:00:00+00:00,29.8125,30.0,12.287555,Pune
2025-02-11 14:00:00+00:00,27.3125,37.0,8.699793,Pune
2025-02-11 15:00:00+00:00,25.4625,43.0,6.162207,Pune
2025-02-11 16:00:00+00:00,23.9125,51.0,4.73506,Pune
2025-02-11 17:00:00+00:00,22.9125,57.0,4.2136917,Pune
2025-02-11 18:00:00+00:00,22.4125,58.0,4.0249224,Pune
2025-02-11 19:00:00+00:00,21.612501,62.0,3.563818,Pune
2025-02-11 20:00:00+00:00,20.6625,67.0,3.219938,Pune
2025-02-11 21:00:00+00:00,19.7125,72.0,2.7416782,Pune
2025-02-11 22:00:00+00:00,19.0125,75.0,2.5959969,Pune
2025-02-11 23:00:00+00:00,18.5625,76.0,3.0547013,Pune
2025-02-12 00:00:00+00:00,17.9625,78.0,3.0547013,Pune
2025-02-12 01:00:00+00:00,17.7125,78.0,2.8116899,Pune
2025-02-12 02:00:00+00:00,17.4125,78.0,2.5455842,Pune
2025-02-12 03:00:00+00:00,19.0625,74.0,1.8,Pune
2025-02-12 04:00:00+00:00,22.9125,56.0,1.2979984,Pune
2025-02-12 05:00:00+00:00,26.7625,42.0,1.4399999,Pune
2025-02-12 06:00:00+00:00,29.9125,29.0,1.835647,Pune
2025-02-12 07:00:00+00:00,31.9125,23.0,3.6,Pune
2025-02-12 08:00:00+00:00,33.1625,23.0,5.315336,Pune
2025-02-12 09:00:00+00:00,33.8125,22.0,6.6087217,Pune
2025-02-12 10:00:00+00:00,34.0625,20.0,7.42159,Pune
2025-02-12 11:00:00+00:00,33.8625,19.0,7.6367526,Pune
2025-02-12 12:00:00+00:00,33.262497,23.0,7.928177,Pune
2025-02-12 13:00:00+00:00,30.5625,28.0,8.049845,Pune
2025-02-12 14:00:00+00:00,28.112501,30.0,6.763786,Pune
2025-02-12 15:00:00+00:00,26.0625,35.0,4.452954,Pune
2025-02-12 16:00:00+00:00,24.9625,38.0,3.096837,Pune
2025-02-12 17:00:00+00:00,23.5125,42.0,3.4152596,Pune
2025-02-12 18:00:00+00:00,21.862501,50.0,3.0547013,Pune
2025-02-12 19:00:00+00:00,21.1625,52.0,2.9024127,Pune
2025-02-12 20:00:00+00:00,20.5625,54.0,1.835647,Pune
2025-02-12 21:00:00+00:00,19.9625,57.0,1.1384199,Pune
2025-02-12 22:00:00+00:00,19.362501,60.0,0.8049845,Pune
2025-02-12 23:00:00+00:00,19.112501,60.0,0.5091169,Pune
2025-02-13 00:00:00+00:00,18.3125,66.0,1.1384199,Pune
2025-02-13 01:00:00+00:00,18.112501,65.0,1.835647,Pune
2025-02-13 02:00:00+00:00,17.7625,66.0,2.3051248,Pune
2025-02-13 03:00:00+00:00,19.2625,64.0,2.5455842,Pune
2025-02-13 04:00:00+00:00,23.1625,53.0,3.319036,Pune
2025-02-13 05:00:00+00:00,25.7125,46.0,7.10031,Pune
2025-02-13 06:00:00+00:00,28.3125,38.0,8.373386,Pune
2025-02-13 07:00:00+00:00,30.3125,31.0,8.209263,Pune
2025-02-13 08:00:00+00:00,31.6625,27.0,6.489992,Pune
2025-02-13 09:00:00+00:00,32.512497,25.0,5.315336,Pune
2025-02-13 10:00:00+00:00,32.9125,24.0,4.8433046,Pune
2025-02-13 11:00:00+00:00,33.012497,22.0,5.3517847,Pune
2025-02-13 12:00:00+00:00,32.4125,25.0,2.4149535,Pune
2025-02-13 13:00:00+00:00,30.9625,34.0,0.8049845,Pune
2025-02-13 14:00:00+00:00,29.2625,34.0,2.4149535,Pune
2025-02-13 15:00:00+00:00,27.862501,35.0,1.8,Pune
2025-02-13 16:00:00+00:00,26.8125,36.0,1.1384199,Pune
2025-02-13 17:00:00+00:00,25.7125,38.0,2.0991426,Pune
2025-02-13 18:00:00+00:00,24.0125,44.0,2.0991426,Pune
2025-02-13 19:00:00+00:00,23.4125,44.0,1.484318,Pune
2025-02-13 20:00:00+00:00,22.4625,46.0,1.2979984,Pune
2025-02-13 21:00:00+00:00,21.6625,48.0,1.5273507,Pune
2025-02-13 22:00:00+00:00,21.0625,51.0,1.5273507,Pune
2025-02-13 23:00:00+00:00,20.4125,53.0,2.3051248,Pune
2025-02-14 00:00:00+00:00,19.1625,59.0,1.8,Pune
2025-02-14 01:00:00+00:00,18.612501,61.0,2.4149535,Pune
2025-02-14 02:00:00+00:00,18.112501,63.0,2.8116899,Pune
2025-02-14 03:00:00+00:00,19.612501,62.0,3.0547013,Pune
2025-02-14 04:00:00+00:00,23.612501,50.0,3.7585104,Pune
2025-02-14 05:00:00+00:00,26.2125,42.0,6.87779,Pune
2025-02-14 06:00:00+00:00,28.7125,35.0,6.489992,Pune
2025-02-14 07:00:00+00:00,30.4125,30.0,6.5693827,Pune
2025-02-14 08:00:00+00:00,31.6625,27.0,4.198285,Pune
2025-02-14 09:00:00+00:00,32.3625,26.0,3.2399998,Pune
2025-02-14 10:00:00+00:00,32.6625,26.0,3.319036,Pune
2025-02-14 11:00:00+00:00,32.6125,27.0,3.219938,Pune
2025-02-14 12:00:00+00:00,31.9625,29.0,0.8049845,Pune
2025-02-14 13:00:00+00:00,30.1625,38.0,2.7416782,Pune
2025-02-14 14:00:00+00:00,27.362501,45.0,4.0249224,Pune
2025-02-14 15:00:00+00:00,24.8125,49.0,4.2136917,Pune
2025-02-14 16:00:00+00:00,23.7625,50.0,3.319036,Pune
2025-02-14 17:00:00+00:00,21.9125,57.0,3.96,Pune
2025-02-14 18:00:00+00:00,20.112501,66.0,3.4152596,Pune
2025-02-14 19:00:00+00:00,19.0125,72.0,2.968636,Pune
2025-02-14 20:00:00+00:00,18.1625,75.0,2.8799999,Pune
2025-02-14 21:00:00+00:00,17.7125,76.0,2.8799999,Pune
2025-02-14 22:00:00+00:00,17.4625,75.0,2.9024127,Pune
2025-02-14 23:00:00+00:00,17.1625,74.0,3.2599385,Pune
2025-02-15 00:00:00+00:00,15.8125,81.0,3.2399998,Pune
2025-02-15 01:00:00+00:00,15.762501,79.0,2.968636,Pune
2025-02-15 02:00:00+00:00,15.512501,79.0,2.9024127,Pune
2025-02-15 03:00:00+00:00,17.5625,78.0,2.16,Pune
2025-02-15 04:00:00+00:00,23.6625,56.0,1.1384199,Pune
2025-02-15 05:00:00+00:00,26.862501,42.0,4.6938252,Pune
2025-02-15 06:00:00+00:00,29.6625,33.0,5.315336,Pune
2025-02-15 07:00:00+00:00,31.612501,26.0,5.8603754,Pune
2025-02-15 08:00:00+00:00,33.012497,21.0,5.495161,Pune
2025-02-15 09:00:00+00:00,33.8125,18.0,4.68,Pune
2025-02-15 10:00:00+00:00,34.0625,17.0,5.1919937,Pune
2025-02-15 11:00:00+00:00,33.8625,16.0,5.0911684,Pune
2025-02-15 12:00:00+00:00,33.1125,19.0,2.7416782,Pune
2025-02-15 13:00:00+00:00,30.9125,29.0,2.2768397,Pune
2025-02-15 14:00:00+00:00,27.8125,32.0,5.6920996,Pune
2025-02-15 15:00:00+00:00,24.7125,42.0,3.8773184,Pune
2025-02-15 16:00:00+00:00,23.3125,45.0,4.5536795,Pune
2025-02-15 17:00:00+00:00,21.7125,48.0,4.8965297,Pune
2025-02-15 18:00:00+00:00,20.4625,53.0,4.3349743,Pune
2025-02-15 19:00:00+00:00,19.5125,58.0,3.8268526,Pune
2025-02-15 20:00:00+00:00,18.5125,63.0,3.8939953,Pune
2025-02-15 21:00:00+00:00,17.5125,67.0,4.198285,Pune
2025-02-15 22:00:00+00:00,16.7625,71.0,3.6,Pune
2025-02-15 23:00:00+00:00,16.1625,73.0,3.7064266,Pune
2025-02-16 00:00:00+00:00,15.212501,80.0,3.5455887,Pune
2025-02-16 01:00:00+00:00,14.6125,82.0,3.219938,Pune
2025-02-16 02:00:00+00:00,14.212501,84.0,3.219938,Pune
2025-02-16 03:00:00+00:00,17.0625,78.0,2.2768397,Pune
2025-02-16 04:00:00+00:00,23.4625,54.0,0.8049845,Pune
2025-02-16 05:00:00+00:00,27.4125,38.0,1.9386592,Pune
2025-02-16 06:00:00+00:00,30.5125,30.0,2.9024127,Pune
2025-02-16 07:00:00+00:00,32.212498,24.0,2.9024127,Pune
2025-02-16 08:00:00+00:00,33.512497,17.0,5.904439,Pune
2025-02-16 09:00:00+00:00,34.012497,14.0,7.754637,Pune
2025-02-16 10:00:00+00:00,34.0625,15.0,6.638072,Pune
2025-02-16 11:00:00+00:00,33.712498,16.0,5.4477882,Pune
2025-02-16 12:00:00+00:00,33.1625,19.0,4.6938252,Pune
2025-02-16 13:00:00+00:00,29.9125,24.0,6.9899354,Pune
2025-02-16 14:00:00+00:00,26.7625,27.0,5.937272,Pune
2025-02-16 15:00:00+00:00,25.0625,32.0,4.6938252,Pune
2025-02-16 16:00:00+00:00,23.2125,41.0,4.510787,Pune
2025-02-16 17:00:00+00:00,22.0125,49.0,3.8268526,Pune
2025-02-16 18:00:00+00:00,21.0125,55.0,3.8939953,Pune
2025-02-16 19:00:00+00:00,20.112501,60.0,3.8939953,Pune
2025-02-16 20:00:00+00:00,19.4125,64.0,3.8268526,Pune
2025-02-16 21:00:00+00:00,18.6625,66.0,3.563818,Pune
2025-02-16 22:00:00+00:00,17.862501,69.0,3.563818,Pune
2025-02-16 23:00:00+00:00,17.0625,71.0,3.319036,Pune
2025-02-17 00:00:00+00:00,15.762501,77.0,3.319036,Pune
2025-02-17 01:00:00+00:00,15.1625,78.0,3.096837,Pune
2025-02-17 02:00:00+00:00,14.6625,79.0,2.7416782,Pune
2025-02-17 03:00:00+00:00,17.0125,74.0,1.9386592,Pune
2025-02-17 04:00:00+00:00,23.1625,51.0,0.0,Pune
2025-02-17 05:00:00+00:00,27.112501,37.0,2.8116899,Pune
2025-02-17 06:00:00+00:00,30.6625,24.0,4.6102495,Pune
2025-02-17 07:00:00+00:00,32.712498,20.0,4.6102495,Pune
2025-02-17 08:00:00+00:00,33.9125,18.0,2.0991426,Pune
2025-02-17 09:00:00+00:00,34.4125,16.0,1.1384199,Pune
2025-02-17 10:00:00+00:00,34.6125,16.0,2.5455842,Pune
2025-02-17 11:00:00+00:00,34.3625,16.0,4.3498964,Pune
2025-02-17 12:00:00+00:00,33.6125,18.0,2.9024127,Pune
2025-02-17 13:00:00+00:00,31.2125,26.0,3.396233,Pune
2025-02-17 14:00:00+00:00,28.4125,30.0,5.8048253,Pune
2025-02-17 15:00:00+00:00,26.1625,32.0,5.4119864,Pune
2025-02-17 16:00:00+00:00,24.5625,35.0,5.154415,Pune
2025-02-17 17:00:00+00:00,22.7625,41.0,4.8965297,Pune
2025-02-17 18:00:00+00:00,20.6625,54.0,4.5820518,Pune
2025-02-17 19:00:00+00:00,19.8125,59.0,4.39436,Pune
2025-02-17 20:00:00+00:00,19.1625,65.0,4.1046314,Pune
2025-02-17 21:00:00+00:00,18.862501,68.0,3.319036,Pune
2025-02-17 22:00:00+00:00,18.612501,71.0,3.8268526,Pune
2025-02-17 23:00:00+00:00,17.862501,75.0,3.8939953,Pune
2025-02-18 00:00:00+00:00,17.5125,76.0,3.6,Pune
2025-02-18 01:00:00+00:00,17.2125,77.0,3.396233,Pune
2025-02-18 02:00:00+00:00,17.1625,77.0,3.0758414,Pune
2025-02-18 03:00:00+00:00,19.362501,72.0,1.609969,Pune
2025-02-18 04:00:00+00:00,24.8125,49.0,0.8049845,Pune
2025-02-18 05:00:00+00:00,27.7625,39.0,3.219938,Pune
2025-02-18 06:00:00+00:00,30.9125,30.0,5.506941,Pune
2025-02-18 07:00:00+00:00,32.762497,25.0,4.379589,Pune
2025-02-18 08:00:00+00:00,34.012497,22.0,0.0,Pune
2025-02-18 09:00:00+00:00,34.712498,20.0,5.315336,Pune
2025-02-18 10:00:00+00:00,34.9125,19.0,9.19939,Pune
2025-02-18 11:00:00+00:00,34.462498,19.0,8.707237,Pune
2025-02-18 12:00:00+00:00,33.6125,22.0,6.6087217,Pune
2025-02-18 13:00:00+00:00,31.5125,30.0,5.692099,Pune
2025-02-18 14:00:00+00:00,28.862501,33.0,7.172949,Pune
2025-02-18 15:00:00+00:00,26.7625,34.0,6.489992,Pune
2025-02-18 16:00:00+00:00,24.9625,43.0,5.937272,Pune
2025-02-18 17:00:00+00:00,23.7125,53.0,5.315336,Pune
2025-02-18 18:00:00+00:00,22.6625,60.0,3.396233,Pune
2025-02-18 19:00:00+00:00,21.8125,64.0,3.6,Pune
2025-02-18 20:00:00+00:00,20.612501,69.0,4.072935,Pune
2025-02-18 21:00:00+00:00,19.7625,73.0,3.8268526,Pune
2025-02-18 22:00:00+00:00,19.112501,76.0,3.563818,Pune
2025-02-18 23:00:00+00:00,18.6625,77.0,3.563818,Pune
2025-02-19 00:00:00+00:00,18.0625,79.0,3.6,Pune
2025-02-19 01:00:00+00:00,17.6625,80.0,3.6,Pune
2025-02-19 02:00:00+00:00,17.2625,81.0,3.096837,Pune
2025-02-19 03:00:00+00:00,19.4125,75.0,1.9386592,Pune
2025-02-19 04:00:00+00:00,24.7625,53.0,0.71999997,Pune
2025-02-19 05:00:00+00:00,27.862501,38.0,5.0911684,Pune
2025-02-19 06:00:00+00:00,30.5625,30.0,3.7064266,Pune
2025-02-19 07:00:00+00:00,32.262497,25.0,2.7416782,Pune
2025-02-19 08:00:00+00:00,33.4125,23.0,6.489992,Pune
2025-02-19 09:00:00+00:00,34.012497,21.0,9.19939,Pune
2025-02-19 10:00:00+00:00,34.1125,21.0,9.885262,Pune
2025-02-19 11:00:00+00:00,33.8625,22.0,13.281023,Pune
2025-02-19 12:00:00+00:00,33.3125,22.0,11.113451,Pune
2025-02-19 13:00:00+00:00,31.112501,22.0,10.587917,Pune
2025-02-19 14:00:00+00:00,28.5625,28.0,8.311245,Pune
2025-02-19 15:00:00+00:00,26.7625,35.0,6.2145634,Pune
2025-02-19 16:00:00+00:00,25.0625,42.0,5.0911684,Pune
2025-02-19 17:00:00+00:00,23.7625,48.0,4.452954,Pune
2025-02-19 18:00:00+00:00,21.9625,59.0,3.8939953,Pune
2025-02-19 19:00:00+00:00,20.862501,67.0,3.8268526,Pune
2025-02-19 20:00:00+00:00,19.7125,74.0,4.072935,Pune
2025-02-19 21:00:00+00:00,19.0125,78.0,3.6,Pune
2025-02-19 22:00:00+00:00,18.4625,81.0,3.563818,Pune
2025-02-19 23:00:00+00:00,17.7625,84.0,3.563818,Pune
2025-02-20 00:00:00+00:00,17.8125,82.0,2.9024127,Pune
2025-02-20 01:00:00+00:00,17.5125,83.0,2.8116899,Pune
2025-02-20 02:00:00+00:00,17.5625,82.0,2.5959969,Pune
2025-02-20 03:00:00+00:00,19.7125,74.0,1.1384199,Pune
2025-02-20 04:00:00+00:00,24.7625,49.0,1.835647,Pune
2025-02-20 05:00:00+00:00,27.7125,38.0,5.904439,Pune
2025-02-20 06:00:00+00:00,30.6625,31.0,6.3690495,Pune
2025-02-20 07:00:00+00:00,32.4125,27.0,4.6938257,Pune
2025-02-20 08:00:00+00:00,33.6625,22.0,1.8,Pune
2025-02-20 09:00:00+00:00,34.262497,17.0,2.3051248,Pune
2025-02-20 10:00:00+00:00,34.462498,15.0,3.8268526,Pune
2025-02-20 11:00:00+00:00,34.262497,13.0,4.6102495,Pune
2025-02-20 12:00:00+00:00,33.4125,16.0,3.563818,Pune
2025-02-20 13:00:00+00:00,31.5625,22.0,2.5959969,Pune
2025-02-20 14:00:00+00:00,30.4125,24.0,3.096837,Pune
2025-02-20 15:00:00+00:00,27.0625,32.0,4.829907,Pune
2025-02-20 16:00:00+00:00,25.2125,40.0,4.8433046,Pune
2025-02-20 17:00:00+00:00,23.9125,45.0,4.39436,Pune
2025-02-20 18:00:00+00:00,22.2625,51.0,3.319036,Pune
2025-02-20 19:00:00+00:00,22.4625,50.0,2.4149535,Pune
2025-02-20 20:00:00+00:00,22.5125,48.0,1.8,Pune
2025-02-20 21:00:00+00:00,22.3125,49.0,1.4399999,Pune
2025-02-20 22:00:00+00:00,21.8125,50.0,1.4399999,Pune
2025-02-20 23:00:00+00:00,21.4125,52.0,1.8,Pune
2025-02-21 00:00:00+00:00,19.9625,61.0,1.8,Pune
2025-02-21 01:00:00+00:00,19.7625,60.0,1.9386592,Pune
2025-02-21 02:00:00+00:00,19.8125,59.0,2.52,Pune
2025-02-21 03:00:00+00:00,21.5125,56.0,2.0991426,Pune
2025-02-21 04:00:00+00:00,25.112501,43.0,2.8799999,Pune
2025-02-21 05:00:00+00:00,27.7125,34.0,7.42159,Pune
2025-02-21 06:00:00+00:00,30.2625,28.0,7.208994,Pune
2025-02-21 07:00:00+00:00,32.0625,25.0,7.928178,Pune
2025-02-21 08:00:00+00:00,33.262497,24.0,6.162207,Pune
2025-02-21 09:00:00+00:00,33.5625,24.0,3.319036,Pune
2025-02-21 10:00:00+00:00,33.8125,22.0,2.8799999,Pune
2025-02-21 11:00:00+00:00,33.762497,20.0,5.5887027,Pune
2025-02-21 12:00:00+00:00,32.8125,23.0,4.510787,Pune
2025-02-21 13:00:00+00:00,30.9125,32.0,2.968636,Pune
2025-02-21 14:00:00+00:00,28.612501,37.0,6.489992,Pune
2025-02-21 15:00:00+00:00,26.7625,42.0,5.7599998,Pune
2025-02-21 16:00:00+00:00,25.0625,50.0,5.0911684,Pune
2025-02-21 17:00:00+00:00,24.1625,54.0,4.0249224,Pune
2025-02-21 18:00:00+00:00,23.9625,51.0,3.2399998,Pune
2025-02-21 19:00:00+00:00,24.0125,48.0,2.4149535,Pune
2025-02-21 20:00:00+00:00,23.7625,45.0,2.6208394,Pune
2025-02-21 21:00:00+00:00,22.9125,47.0,1.08,Pune
2025-02-21 22:00:00+00:00,22.2625,50.0,3.319036,Pune
2025-02-21 23:00:00+00:00,21.112501,52.0,3.9763298,Pune
2025-02-22 00:00:00+00:00,19.4125,63.0,3.2599385,Pune
2025-02-22 01:00:00+00:00,18.612501,67.0,3.2599385,Pune
2025-02-22 02:00:00+00:00,18.2125,70.0,3.219938,Pune
2025-02-22 03:00:00+00:00,20.362501,68.0,2.5959969,Pune
2025-02-22 04:00:00+00:00,25.0125,45.0,4.3349743,Pune
2025-02-22 05:00:00+00:00,27.362501,38.0,6.379216,Pune
2025-02-22 06:00:00+00:00,29.9125,32.0,5.771239,Pune
2025-02-22 07:00:00+00:00,31.862501,28.0,5.8048253,Pune
2025-02-22 08:00:00+00:00,33.212498,26.0,3.219938,Pune
2025-02-22 09:00:00+00:00,33.9125,21.0,4.5536795,Pune
2025-02-22 10:00:00+00:00,33.962498,21.0,6.4096174,Pune
2025-02-22 11:00:00+00:00,33.962498,20.0,6.297428,Pune
2025-02-22 12:00:00+00:00,33.212498,23.0,2.6208394,Pune
2025-02-22 13:00:00+00:00,31.3125,31.0,2.5959969,Pune
2025-02-22 14:00:00+00:00,28.6625,36.0,4.8433046,Pune
2025-02-22 15:00:00+00:00,26.862501,39.0,3.0547013,Pune
2025-02-22 16:00:00+00:00,26.7125,38.0,2.7416782,Pune
2025-02-22 17:00:00+00:00,25.612501,41.0,2.7416782,Pune
2025-02-22 18:00:00+00:00,24.0125,51.0,1.9386592,Pune
2025-02-22 19:00:00+00:00,23.2125,55.0,1.835647,Pune
2025-02-22 20:00:00+00:00,22.2125,60.0,1.609969,Pune
2025-02-22 21:00:00+00:00,21.4625,63.0,1.0182338,Pune
2025-02-22 22:00:00+00:00,20.9125,64.0,1.835647,Pune
2025-02-22 23:00:00+00:00,20.4625,64.0,2.3051248,Pune
2025-02-23 00:00:00+00:00,19.0625,69.0,1.609969,Pune
2025-02-23 01:00:00+00:00,18.7625,68.0,1.0182338,Pune
2025-02-23 02:00:00+00:00,18.8125,67.0,0.8049845,Pune
2025-02-23 03:00:00+00:00,21.4125,59.0,1.08,Pune
2025-02-23 04:00:00+00:00,25.112501,46.0,2.7416782,Pune
2025-02-23 05:00:00+00:00,27.8125,38.0,7.289444,Pune
2025-02-23 06:00:00+00:00,30.4625,31.0,6.162207,Pune
2025-02-23 07:00:00+00:00,32.212498,28.0,6.924738,Pune
2025-02-23 08:00:00+00:00,33.3125,24.0,2.9024127,Pune
2025-02-23 09:00:00+00:00,33.762497,20.0,8.089993,Pune
2025-02-23 10:00:00+00:00,33.6125,20.0,7.7879906,Pune
2025-02-23 11:00:00+00:00,33.6125,21.0,5.0142193,Pune
2025-02-23 12:00:00+00:00,33.1125,23.0,0.35999998,Pune
2025-02-23 13:00:00+00:00,31.7125,30.0,1.9386592,Pune
2025-02-23 14:00:00+00:00,29.862501,37.0,0.8049845,Pune
2025-02-23 15:00:00+00:00,28.7125,38.0,2.8799999,Pune
2025-02-23 16:00:00+00:00,27.1625,41.0,3.6179552,Pune
2025-02-23 17:00:00+00:00,25.6625,46.0,1.4399999,Pune
2025-02-23 18:00:00+00:00,25.1625,46.0,2.3051248,Pune
2025-02-23 19:00:00+00:00,23.8125,49.0,1.484318,Pune
2025-02-23 20:00:00+00:00,22.2125,53.0,2.16,Pune
2025-02-23 21:00:00+00:00,20.9625,57.0,3.0758414,Pune
2025-02-23 22:00:00+00:00,19.112501,65.0,3.8773184,Pune
2025-02-23 23:00:00+00:00,17.4625,75.0,3.8773184,Pune
2025-02-24 00:00:00+00:00,16.9125,73.0,3.671294,Pune
2025-02-24 01:00:00+00:00,16.362501,75.0,3.2599385,Pune
2025-02-24 02:00:00+00:00,16.0625,75.0,3.2399998,Pune
2025-02-24 03:00:00+00:00,18.612501,69.0,1.8,Pune
2025-02-24 04:00:00+00:00,24.2125,46.0,3.0758414,Pune
2025-02-24 05:00:00+00:00,27.7125,34.0,7.289444,Pune
2025-02-24 06:00:00+00:00,31.112501,22.0,9.693296,Pune
2025-02-24 07:00:00+00:00,32.6125,18.0,9.114471,Pune
2025-02-24 08:00:00+00:00,33.462498,17.0,5.506941,Pune
2025-02-24 09:00:00+00:00,33.8125,16.0,1.8,Pune
2025-02-24 10:00:00+00:00,33.8625,16.0,1.8,Pune
2025-02-24 11:00:00+00:00,33.6625,17.0,2.8116899,Pune
2025-02-24 12:00:00+00:00,33.3125,19.0,3.0547013,Pune
2025-02-24 13:00:00+00:00,31.612501,26.0,2.4149535,Pune
2025-02-24 14:00:00+00:00,29.8125,32.0,1.835647,Pune
2025-02-24 15:00:00+00:00,28.612501,33.0,2.0364676,Pune
2025-02-24 16:00:00+00:00,27.862501,33.0,4.6800003,Pune
2025-02-24 17:00:00+00:00,24.4125,45.0,4.1046314,Pune
2025-02-24 18:00:00+00:00,23.112501,50.0,4.072935,Pune
2025-02-24 19:00:00+00:00,21.7625,55.0,3.319036,Pune
2025-02-24 20:00:00+00:00,20.7125,58.0,3.096837,Pune
2025-02-24 21:00:00+00:00,20.2125,59.0,3.096837,Pune
2025-02-24 22:00:00+00:00,20.2125,58.0,2.4149535,Pune
2025-02-24 23:00:00+00:00,20.4625,55.0,1.484318,Pune
2025-02-25 00:00:00+00:00,20.1625,55.0,2.3051248,Pune
2025-02-25 01:00:00+00:00,19.7125,55.0,3.219938,Pune
2025-02-25 02:00:00+00:00,18.9125,58.0,3.219938,Pune
2025-02-25 03:00:00+00:00,20.2625,59.0,2.7416782,Pune
2025-02-25 04:00:00+00:00,24.7625,40.0,4.6938252,Pune
2025-02-25 05:00:00+00:00,27.5125,32.0,9.885262,Pune
2025-02-25 06:00:00+00:00,29.6625,30.0,9.47012,Pune
2025-02-25 07:00:00+00:00,31.1625,29.0,10.08,Pune
2025-02-25 08:00:00+00:00,32.462498,27.0,8.64,Pune
2025-02-25 09:00:00+00:00,33.1625,24.0,5.937272,Pune
2025-02-25 10:00:00+00:00,33.3125,23.0,4.072935,Pune
2025-02-25 11:00:00+00:00,33.012497,24.0,2.7416782,Pune
2025-02-25 12:00:00+00:00,32.4125,27.0,0.5091169,Pune
2025-02-25 13:00:00+00:00,31.112501,33.0,2.8799999,Pune
2025-02-25 14:00:00+00:00,28.5125,41.0,3.9763298,Pune
2025-02-25 15:00:00+00:00,27.112501,48.0,1.835647,Pune
2025-02-25 16:00:00+00:00,27.1625,46.0,0.71999997,Pune
2025-02-25 17:00:00+00:00,26.7625,48.0,2.9024127,Pune
2025-02-25 18:00:00+00:00,24.862501,54.0,4.1046314,Pune
2025-02-25 19:00:00+00:00,23.2625,60.0,4.072935,Pune
2025-02-25 20:00:00+00:00,21.612501,64.0,3.8773184,Pune
2025-02-25 21:00:00+00:00,19.9125,69.0,3.396233,Pune
2025-02-25 22:00:00+00:00,19.0625,72.0,3.319036,Pune
2025-02-25 23:00:00+00:00,18.862501,72.0,3.096837,Pune
2025-02-26 00:00:00+00:00,18.7625,74.0,2.5959969,Pune
2025-02-26 01:00:00+00:00,18.4125,74.0,2.6208394,Pune
2025-02-26 02:00:00+00:00,18.3125,74.0,3.0758414,Pune
2025-02-26 03:00:00+00:00,20.7125,70.0,1.609969,Pune
2025-02-26 04:00:00+00:00,25.112501,50.0,3.2399998,Pune
2025-02-26 05:00:00+00:00,28.3125,39.0,9.36,Pune
2025-02-26 06:00:00+00:00,30.7625,32.0,9.007196,Pune
2025-02-26 07:00:00+00:00,32.3125,32.0,9.531505,Pune
2025-02-26 08:00:00+00:00,33.3125,29.0,10.446206,Pune
2025-02-26 09:00:00+00:00,33.762497,27.0,9.826088,Pune
2025-02-26 10:00:00+00:00,33.8625,28.0,8.473393,Pune
2025-02-26 11:00:00+00:00,33.6125,28.0,7.69592,Pune
2025-02-26 12:00:00+00:00,33.0625,30.0,7.5942073,Pune
2025-02-26 13:00:00+00:00,31.612501,33.0,6.28713,Pune
2025-02-26 14:00:00+00:00,29.2125,40.0,5.6920996,Pune
2025-02-26 15:00:00+00:00,27.5125,45.0,6.151683,Pune
2025-02-26 16:00:00+00:00,26.3125,49.0,5.3999996,Pune
2025-02-26 17:00:00+00:00,25.3125,54.0,2.968636,Pune
2025-02-26 18:00:00+00:00,23.612501,62.0,2.5455842,Pune
2025-02-26 19:00:00+00:00,22.7625,65.0,2.8799999,Pune
2025-02-26 20:00:00+00:00,21.4625,72.0,2.9024127,Pune
2025-02-26 21:00:00+00:00,20.4625,77.0,2.9024127,Pune
2025-02-26 22:00:00+00:00,20.112501,78.0,3.096837,Pune
2025-02-26 23:00:00+00:00,19.9625,78.0,3.096837,Pune
2025-02-27 00:00:00+00:00,19.7625,76.0,2.2768397,Pune
2025-02-27 01:00:00+00:00,19.7625,75.0,2.1897945,Pune
2025-02-27 02:00:00+00:00,19.7125,74.0,2.4149535,Pune
2025-02-27 03:00:00+00:00,21.9125,68.0,1.9386592,Pune
2025-02-27 04:00:00+00:00,25.8125,53.0,6.519877,Pune
2025-02-27 05:00:00+00:00,28.9125,44.0,10.00256,Pune
2025-02-27 06:00:00+00:00,31.862501,34.0,10.883676,Pune
2025-02-27 07:00:00+00:00,33.262497,28.0,11.043261,Pune
2025-02-27 08:00:00+00:00,34.1625,25.0,10.538843,Pune
2025-02-27 09:00:00+00:00,34.6125,24.0,9.3669195,Pune
2025-02-27 10:00:00+00:00,34.712498,23.0,7.5685663,Pune
2025-02-27 11:00:00+00:00,34.3625,23.0,6.87779,Pune
2025-02-27 12:00:00+00:00,33.6625,25.0,5.1544156,Pune
2025-02-27 13:00:00+00:00,32.212498,28.0,4.6938252,Pune
2025-02-27 14:00:00+00:00,29.9625,35.0,5.00128,Pune
2025-02-27 15:00:00+00:00,28.3125,41.0,2.5455842,Pune
2025-02-27 16:00:00+00:00,26.612501,47.0,9.531505,Pune
2025-02-27 17:00:00+00:00,26.112501,47.0,6.519877,Pune
2025-02-27 18:00:00+00:00,25.2125,50.0,5.3517847,Pune
2025-02-27 19:00:00+00:00,23.9125,55.0,5.1165614,Pune
2025-02-27 20:00:00+00:00,22.862501,59.0,4.8965297,Pune
2025-02-27 21:00:00+00:00,22.0625,63.0,4.3349743,Pune
2025-02-27 22:00:00+00:00,21.362501,66.0,4.3349743,Pune
2025-02-27 23:00:00+00:00,20.8125,68.0,4.072935,Pune
2025-02-28 00:00:00+00:00,19.5625,73.0,3.563818,Pune
2025-02-28 01:00:00+00:00,19.2125,74.0,3.319036,Pune
2025-02-28 02:00:00+00:00,18.862501,75.0,3.7064266,Pune
2025-02-28 03:00:00+00:00,21.6625,67.0,2.3051248,Pune
2025-02-28 04:00:00+00:00,25.9625,48.0,1.2979984,Pune
2025-02-28 05:00:00+00:00,29.4625,37.0,1.8,Pune
2025-02-28 06:00:00+00:00,31.8125,31.0,1.5273507,Pune
2025-02-28 07:00:00+00:00,33.3625,28.0,2.0991426,Pune
2025-02-28 08:00:00+00:00,34.262497,26.0,3.8939953,Pune
2025-02-28 09:00:00+00:00,34.762497,24.0,6.151683,Pune
2025-02-28 10:00:00+00:00,34.8625,23.0,6.9899354,Pune
2025-02-28 11:00:00+00:00,34.6625,21.0,7.208994,Pune
2025-02-28 12:00:00+00:00,33.8125,24.0,4.6800003,Pune
2025-02-28 13:00:00+00:00,32.512497,28.0,2.2768397,Pune
2025-02-28 14:00:00+00:00,31.7625,30.0,0.5091169,Pune
2025-02-28 15:00:00+00:00,30.9125,31.0,2.5455842,Pune
2025-02-28 16:00:00+00:00,28.362501,39.0,4.198285,Pune
2025-02-28 17:00:00+00:00,26.612501,48.0,4.39436,Pune
2025-02-28 18:00:00+00:00,24.5625,56.0,4.198285,Pune
2025-02-28 19:00:00+00:00,23.5125,61.0,3.8773184,Pune
2025-02-28 20:00:00+00:00,22.5125,66.0,3.219938,Pune
2025-02-28 21:00:00+00:00,21.8125,71.0,3.0547013,Pune
2025-02-28 22:00:00+00:00,21.4125,73.0,3.319036,Pune
2025-02-28 23:00:00+00:00,21.0125,76.0,3.8268526,Pune
2025-03-01 00:00:00+00:00,19.9125,80.0,3.8268526,Pune
2025-03-01 01:00:00+00:00,19.612501,82.0,3.5455887,Pune
2025-03-01 02:00:00+00:00,19.3125,82.0,2.8799999,Pune
2025-03-01 03:00:00+00:00,22.0625,74.0,1.609969,Pune
2025-03-01 04:00:00+00:00,26.4125,53.0,1.9386592,Pune
2025-03-01 05:00:00+00:00,29.362501,42.0,3.319036,Pune
2025-03-01 06:00:00+00:00,32.1125,35.0,3.7064266,Pune
2025-03-01 07:00:00+00:00,33.762497,30.0,4.1046314,Pune
2025-03-01 08:00:00+00:00,34.6125,27.0,2.9024127,Pune
2025-03-01 09:00:00+00:00,35.0625,26.0,0.8049845,Pune
2025-03-01 10:00:00+00:00,34.962498,25.0,1.9386592,Pune
2025-03-01 11:00:00+00:00,34.6625,26.0,4.0249224,Pune
2025-03-01 12:00:00+00:00,33.962498,27.0,3.4152596,Pune
2025-03-01 13:00:00+00:00,32.5625,30.0,5.04,Pune
2025-03-01 14:00:00+00:00,29.9125,38.0,7.2,Pune
2025-03-01 15:00:00+00:00,27.7625,47.0,9.114471,Pune
2025-03-01 16:00:00+00:00,26.7125,51.0,7.208994,Pune
2025-03-01 17:00:00+00:00,25.5125,56.0,4.6800003,Pune
2025-03-01 18:00:00+00:00,24.6625,60.0,3.319036,Pune
2025-03-01 19:00:00+00:00,23.8125,64.0,3.8268526,Pune
2025-03-01 20:00:00+00:00,23.1625,67.0,4.072935,Pune
2025-03-01 21:00:00+00:00,22.9625,68.0,3.8268526,Pune
2025-03-01 22:00:00+00:00,22.7125,69.0,3.319036,Pune
2025-03-01 23:00:00+00:00,22.4125,71.0,3.0547013,Pune
2025-03-02 00:00:00+00:00,21.4125,73.0,3.6,Pune
2025-03-02 01:00:00+00:00,20.9625,75.0,3.096837,Pune
2025-03-02 02:00:00+00:00,20.7625,76.0,3.219938,Pune
2025-03-02 03:00:00+00:00,23.0125,71.0,2.4149535,Pune
2025-03-02 04:00:00+00:00,26.9125,51.0,0.5091169,Pune
2025-03-02 05:00:00+00:00,29.6625,38.0,4.6938257,Pune
2025-03-02 06:00:00+00:00,32.462498,28.0,5.904439,Pune
2025-03-02 07:00:00+00:00,34.012497,25.0,4.510787,Pune
2025-03-02 08:00:00+00:00,34.762497,22.0,4.1046314,Pune
2025-03-02 09:00:00+00:00,34.962498,21.0,6.9153743,Pune
2025-03-02 10:00:00+00:00,34.8125,21.0,6.3690495,Pune
2025-03-02 11:00:00+00:00,34.462498,22.0,6.297428,Pune
2025-03-02 12:00:00+00:00,34.262497,23.0,8.435069,Pune
2025-03-02 13:00:00+00:00,32.5625,24.0,11.304229,Pune
2025-03-02 14:00:00+00:00,30.4625,29.0,9.085988,Pune
2025-03-02 15:00:00+00:00,28.7625,33.0,8.707237,Pune
2025-03-02 16:00:00+00:00,27.612501,38.0,5.6920996,Pune
2025-03-02 17:00:00+00:00,26.5625,43.0,3.319036,Pune
2025-03-02 18:00:00+00:00,25.362501,50.0,3.8268526,Pune
2025-03-02 19:00:00+00:00,24.5125,55.0,3.6,Pune
2025-03-02 20:00:00+00:00,23.9125,59.0,3.0547013,Pune
2025-03-02 21:00:00+00:00,23.2125,62.0,2.8116899,Pune
2025-03-02 22:00:00+00:00,22.4625,65.0,2.5455842,Pune
2025-03-02 23:00:00+00:00,22.0125,67.0,2.3051248,Pune
2025-03-03 00:00:00+00:00,20.5125,72.0,2.5455842,Pune
2025-03-03 01:00:00+00:00,20.2125,73.0,2.0364676,Pune
2025-03-03 02:00:00+00:00,20.3125,71.0,1.9386592,Pune
2025-03-03 03:00:00+00:00,22.5125,65.0,0.8049845,Pune
2025-03-03 04:00:00+00:00,26.2125,49.0,1.484318,Pune
2025-03-03 05:00:00+00:00,29.612501,34.0,3.8773184,Pune
2025-03-03 06:00:00+00:00,32.6625,25.0,4.0249224,Pune
2025-03-03 07:00:00+00:00,34.712498,20.0,5.0528407,Pune
2025-03-03 08:00:00+00:00,35.712498,18.0,5.3517847,Pune
2025-03-03 09:00:00+00:00,36.1625,18.0,6.792466,Pune
2025-03-03 10:00:00+00:00,36.1625,17.0,4.39436,Pune
2025-03-03 11:00:00+00:00,36.012497,17.0,10.315115,Pune
2025-03-03 12:00:00+00:00,34.6625,18.0,14.84318,Pune
2025-03-03 13:00:00+00:00,32.4125,22.0,12.738099,Pune
2025-03-03 14:00:00+00:00,29.9625,30.0,8.4963045,Pune
2025-03-03 15:00:00+00:00,28.112501,36.0,5.0142193,Pune
2025-03-03 16:00:00+00:00,26.6625,42.0,3.5455887,Pune
2025-03-03 17:00:00+00:00,25.4625,48.0,2.5959969,Pune
2025-03-03 18:00:00+00:00,24.3125,50.0,2.9024127,Pune
2025-03-03 19:00:00+00:00,23.112501,54.0,3.319036,Pune
2025-03-03 20:00:00+00:00,22.0125,59.0,3.096837,Pune
2025-03-03 21:00:00+00:00,21.9625,60.0,2.4149535,Pune
2025-03-03 22:00:00+00:00,22.2625,57.0,1.484318,Pune
2025-03-03 23:00:00+00:00,22.1625,56.0,0.8049845,Pune
2025-03-04 00:00:00+00:00,20.7625,65.0,2.1897945,Pune
2025-03-04 01:00:00+00:00,20.862501,62.0,2.1897945,Pune
2025-03-04 02:00:00+00:00,21.1625,59.0,2.16,Pune
2025-03-04 03:00:00+00:00,23.362501,54.0,1.1384199,Pune
2025-03-04 04:00:00+00:00,26.6625,41.0,3.0758414,Pune
2025-03-04 05:00:00+00:00,29.3125,34.0,5.6233797,Pune
2025-03-04 06:00:00+00:00,32.5625,26.0,6.3690495,Pune
2025-03-04 07:00:00+00:00,34.262497,23.0,5.3999996,Pune
2025-03-04 08:00:00+00:00,35.4125,21.0,3.219938,Pune
2025-03-04 09:00:00+00:00,36.012497,19.0,4.3498964,Pune
2025-03-04 10:00:00+00:00,36.1125,18.0,6.618519,Pune
2025-03-04 11:00:00+00:00,35.6625,18.0,7.491114,Pune
2025-03-04 12:00:00+00:00,35.0625,19.0,6.8777895,Pune
2025-03-04 13:00:00+00:00,33.3125,22.0,7.386582,Pune
2025-03-04 14:00:00+00:00,30.3125,28.0,9.585739,Pune
2025-03-04 15:00:00+00:00,28.362501,34.0,6.696387,Pune
2025-03-04 16:00:00+00:00,26.362501,43.0,3.6179552,Pune
2025-03-04 17:00:00+00:00,24.8125,50.0,3.4152596,Pune
2025-03-04 18:00:00+00:00,24.9625,48.0,1.1384199,Pune
2025-03-04 19:00:00+00:00,24.7125,47.0,2.6208394,Pune
2025-03-04 20:00:00+00:00,23.7625,48.0,2.6208394,Pune
2025-03-04 21:00:00+00:00,23.112501,51.0,1.8,Pune
2025-03-04 22:00:00+00:00,22.612501,52.0,1.484318,Pune
2025-03-04 23:00:00+00:00,22.0125,53.0,2.3051248,Pune
2025-03-05 00:00:00+00:00,21.3125,55.0,3.6,Pune
2025-03-05 01:00:00+00:00,20.2625,59.0,2.5959969,Pune
2025-03-05 02:00:00+00:00,20.1625,59.0,2.0364676,Pune
2025-03-05 03:00:00+00:00,22.3125,54.0,1.1384199,Pune
2025-03-05 04:00:00+00:00,25.0625,40.0,5.495161,Pune
2025-03-05 05:00:00+00:00,27.7625,34.0,8.049845,Pune
2025-03-05 06:00:00+00:00,30.862501,27.0,7.7043357,Pune
2025-03-05 07:00:00+00:00,32.9125,24.0,6.297428,Pune
2025-03-05 08:00:00+00:00,34.462498,21.0,3.0758414,Pune
2025-03-05 09:00:00+00:00,35.3625,16.0,5.3517847,Pune
2025-03-05 10:00:00+00:00,35.6625,14.0,8.39657,Pune
2025-03-05 11:00:00+00:00,35.3125,13.0,8.217153,Pune
2025-03-05 12:00:00+00:00,34.5625,16.0,4.1046314,Pune
2025-03-05 13:00:00+00:00,33.012497,25.0,1.0182338,Pune
2025-03-05 14:00:00+00:00,31.7625,24.0,0.71999997,Pune
2025-03-05 15:00:00+00:00,29.612501,27.0,4.1046314,Pune
2025-03-05 16:00:00+00:00,27.4625,35.0,1.609969,Pune
2025-03-05 17:00:00+00:00,26.7125,32.0,5.1544156,Pune
2025-03-05 18:00:00+00:00,22.4125,40.0,3.4152596,Pune
2025-03-05 19:00:00+00:00,21.862501,40.0,1.8,Pune
2025-03-05 20:00:00+00:00,21.2625,38.0,1.8,Pune
2025-03-05 21:00:00+00:00,20.612501,38.0,2.9024127,Pune
2025-03-05 22:00:00+00:00,19.7125,39.0,3.396233,Pune
2025-03-05 23:00:00+00:00,18.9625,40.0,3.5455887,Pune
2025-03-06 00:00:00+00:00,16.7125,50.0,3.6179552,Pune
2025-03-06 01:00:00+00:00,16.2125,51.0,3.0758414,Pune
2025-03-06 02:00:00+00:00,16.1625,52.0,3.319036,Pune
2025-03-06 03:00:00+00:00,18.862501,50.0,2.3051248,Pune
2025-03-06 04:00:00+00:00,23.8125,32.0,4.73506,Pune
2025-03-06 05:00:00+00:00,26.5625,27.0,6.489992,Pune
2025-03-06 06:00:00+00:00,30.3125,19.0,5.8048253,Pune
2025-03-06 07:00:00+00:00,32.512497,16.0,6.162207,Pune
2025-03-06 08:00:00+00:00,34.3125,15.0,3.5455887,Pune
2025-03-06 09:00:00+00:00,35.4125,11.0,4.6938257,Pune
2025-03-06 10:00:00+00:00,35.9125,8.0,8.14587,Pune
2025-03-06 11:00:00+00:00,35.6125,8.0,7.8954163,Pune
2025-03-06 12:00:00+00:00,34.6125,11.0,3.7064266,Pune
2025-03-06 13:00:00+00:00,32.762497,19.0,2.968636,Pune
2025-03-06 14:00:00+00:00,27.8125,25.0,6.9899354,Pune
2025-03-06 15:00:00+00:00,25.612501,29.0,3.671294,Pune
2025-03-06 16:00:00+00:00,24.5125,33.0,3.8939953,Pune
2025-03-06 17:00:00+00:00,22.4125,40.0,4.198285,Pune
2025-03-06 18:00:00+00:00,20.6625,45.0,3.319036,Pune
2025-03-06 19:00:00+00:00,19.862501,49.0,2.8116899,Pune
2025-03-06 20:00:00+00:00,19.362501,51.0,2.8116899,Pune
2025-03-06 21:00:00+00:00,18.6625,54.0,2.8116899,Pune
2025-03-06 22:00:00+00:00,17.7125,58.0,3.319036,Pune
2025-03-06 23:00:00+00:00,16.7625,61.0,3.6,Pune
2025-03-07 00:00:00+00:00,14.1125,74.0,3.7064266,Pune
2025-03-07 01:00:00+00:00,13.962501,71.0,3.396233,Pune
2025-03-07 02:00:00+00:00,14.212501,68.0,2.9024127,Pune
2025-03-07 03:00:00+00:00,17.9625,58.0,0.71999997,Pune
2025-03-07 04:00:00+00:00,24.5125,31.0,2.6208394,Pune
2025-03-07 05:00:00+00:00,28.1625,21.0,6.379216,Pune
2025-03-07 06:00:00+00:00,31.8125,14.0,6.9899354,Pune
2025-03-07 07:00:00+00:00,33.5625,12.0,7.5942073,Pune
2025-03-07 08:00:00+00:00,34.712498,11.0,5.506941,Pune
2025-03-07 09:00:00+00:00,35.3625,11.0,2.968636,Pune
2025-03-07 10:00:00+00:00,35.5625,11.0,0.8049845,Pune
2025-03-07 11:00:00+00:00,35.3125,11.0,1.1384199,Pune
2025-03-07 12:00:00+00:00,34.5625,12.0,3.0758414,Pune
2025-03-07 13:00:00+00:00,32.212498,20.0,2.9024127,Pune
2025-03-07 14:00:00+00:00,29.1625,25.0,3.2599385,Pune
2025-03-07 15:00:00+00:00,27.3125,27.0,1.0182338,Pune
2025-03-07 16:00:00+00:00,26.2125,30.0,3.7585104,Pune
2025-03-07 17:00:00+00:00,22.862501,36.0,5.0911684,Pune
2025-03-07 18:00:00+00:00,20.1625,46.0,4.6938257,Pune
2025-03-07 19:00:00+00:00,18.362501,55.0,3.8939953,Pune
2025-03-07 20:00:00+00:00,17.0125,63.0,3.8939953,Pune
2025-03-07 21:00:00+00:00,15.8625,70.0,3.8268526,Pune
2025-03-07 22:00:00+00:00,14.962501,76.0,4.1046314,Pune
2025-03-07 23:00:00+00:00,14.262501,80.0,4.1046314,Pune
2025-02-04 00:00:00+00:00,16.5395,79.0,3.96,Jaipur
2025-02-04 01:00:00+00:00,16.3895,82.0,3.8939953,Jaipur
2025-02-04 02:00:00+00:00,16.1395,84.0,4.6938257,Jaipur
2025-02-04 03:00:00+00:00,16.8895,81.0,4.6102495,Jaipur
2025-02-04 04:00:00+00:00,18.3895,73.0,5.5887027,Jaipur
2025-02-04 05:00:00+00:00,20.439499,60.0,9.726665,Jaipur
2025-02-04 06:00:00+00:00,22.0895,49.0,11.720751,Jaipur
2025-02-04 07:00:00+00:00,23.2395,47.0,9.83268,Jaipur
2025-02-04 08:00:00+00:00,24.189499,47.0,7.653705,Jaipur
2025-02-04 09:00:00+00:00,24.8395,46.0,6.87779,Jaipur
2025-02-04 10:00:00+00:00,25.1395,45.0,7.9932966,Jaipur
2025-02-04 11:00:00+00:00,25.0395,40.0,9.511088,Jaipur
2025-02-04 12:00:00+00:00,24.3395,43.0,5.904439,Jaipur
2025-02-04 13:00:00+00:00,22.8395,49.0,4.198285,Jaipur
2025-02-04 14:00:00+00:00,21.5395,54.0,3.9763298,Jaipur
2025-02-04 15:00:00+00:00,20.3395,56.0,5.00128,Jaipur
2025-02-04 16:00:00+00:00,18.939499,58.0,5.4833565,Jaipur
2025-02-04 17:00:00+00:00,17.4895,57.0,5.495161,Jaipur
2025-02-04 18:00:00+00:00,16.1395,60.0,4.8433046,Jaipur
2025-02-04 19:00:00+00:00,15.289499,57.0,5.991594,Jaipur
2025-02-04 20:00:00+00:00,14.4395,63.0,7.24486,Jaipur
2025-02-04 21:00:00+00:00,13.839499,78.0,7.628263,Jaipur
2025-02-04 22:00:00+00:00,13.539499,91.0,8.707238,Jaipur
2025-02-04 23:00:00+00:00,13.589499,94.0,9.007196,Jaipur
2025-02-05 00:00:00+00:00,13.339499,94.0,7.2359104,Jaipur
2025-02-05 01:00:00+00:00,12.9395,91.0,6.519877,Jaipur
2025-02-05 02:00:00+00:00,12.4395,88.0,5.8603754,Jaipur
2025-02-05 03:00:00+00:00,13.8895,77.0,5.4477882,Jaipur
2025-02-05 04:00:00+00:00,16.939499,59.0,7.2805495,Jaipur
2025-02-05 05:00:00+00:00,19.5895,41.0,9.47012,Jaipur
2025-02-05 06:00:00+00:00,21.7395,22.0,9.826088,Jaipur
2025-02-05 07:00:00+00:00,22.689499,19.0,11.043261,Jaipur
2025-02-05 08:00:00+00:00,23.3895,18.0,9.178235,Jaipur
2025-02-05 09:00:00+00:00,23.7395,17.0,8.78872,Jaipur
2025-02-05 10:00:00+00:00,23.689499,16.0,9.0,Jaipur
2025-02-05 11:00:00+00:00,23.189499,17.0,8.4963045,Jaipur
2025-02-05 12:00:00+00:00,22.7395,18.0,4.8433046,Jaipur
2025-02-05 13:00:00+00:00,20.689499,25.0,3.096837,Jaipur
2025-02-05 14:00:00+00:00,19.2395,28.0,3.7585104,Jaipur
2025-02-05 15:00:00+00:00,18.189499,29.0,3.9763298,Jaipur
2025-02-05 16:00:00+00:00,17.189499,30.0,4.6938252,Jaipur
2025-02-05 17:00:00+00:00,15.8895,33.0,4.6800003,Jaipur
2025-02-05 18:00:00+00:00,14.539499,39.0,4.5536795,Jaipur
2025-02-05 19:00:00+00:00,13.4395,44.0,4.3498964,Jaipur
2025-02-05 20:00:00+00:00,12.7395,47.0,4.3498964,Jaipur
2025-02-05 21:00:00+00:00,12.089499,49.0,4.6800003,Jaipur
2025-02-05 22:00:00+00:00,11.589499,50.0,4.3498964,Jaipur
2025-02-05 23:00:00+00:00,11.2395,50.0,4.3498964,Jaipur
2025-02-06 00:00:00+00:00,11.589499,52.0,4.0249224,Jaipur
2025-02-06 01:00:00+00:00,11.2395,53.0,4.0249224,Jaipur
2025-02-06 02:00:00+00:00,10.9395,55.0,4.3498964,Jaipur
2025-02-06 03:00:00+00:00,12.2395,53.0,3.8773184,Jaipur
2025-02-06 04:00:00+00:00,16.5895,42.0,3.8939953,Jaipur
2025-02-06 05:00:00+00:00,19.689499,34.0,6.4096174,Jaipur
2025-02-06 06:00:00+00:00,21.8395,24.0,6.924738,Jaipur
2025-02-06 07:00:00+00:00,23.0395,18.0,7.42159,Jaipur
2025-02-06 08:00:00+00:00,23.7895,16.0,8.534353,Jaipur
2025-02-06 09:00:00+00:00,24.0895,16.0,8.557102,Jaipur
2025-02-06 10:00:00+00:00,23.9895,16.0,8.557102,Jaipur
2025-02-06 11:00:00+00:00,23.4895,17.0,7.968939,Jaipur
2025-02-06 12:00:00+00:00,23.2395,16.0,6.2145634,Jaipur
2025-02-06 13:00:00+00:00,20.689499,20.0,4.802999,Jaipur
2025-02-06 14:00:00+00:00,18.5395,23.0,5.771239,Jaipur
2025-02-06 15:00:00+00:00,17.0895,27.0,6.130579,Jaipur
2025-02-06 16:00:00+00:00,15.9895,30.0,6.489992,Jaipur
2025-02-06 17:00:00+00:00,15.1895,31.0,6.849467,Jaipur
2025-02-06 18:00:00+00:00,14.4895,36.0,5.771239,Jaipur
2025-02-06 19:00:00+00:00,13.7395,37.0,5.771239,Jaipur
2025-02-06 20:00:00+00:00,13.289499,40.0,6.12,Jaipur
2025-02-06 21:00:00+00:00,12.8895,42.0,6.130579,Jaipur
2025-02-06 22:00:00+00:00,12.539499,45.0,6.489992,Jaipur
2025-02-06 23:00:00+00:00,12.289499,46.0,6.130579,Jaipur
2025-02-07 00:00:00+00:00,12.539499,48.0,5.04,Jaipur
2025-02-07 01:00:00+00:00,12.289499,49.0,4.6938252,Jaipur
2025-02-07 02:00:00+00:00,12.4395,48.0,3.96,Jaipur
2025-02-07 03:00:00+00:00,13.8895,45.0,2.9024127,Jaipur
2025-02-07 04:00:00+00:00,17.0895,35.0,3.671294,Jaipur
2025-02-07 05:00:00+00:00,19.7895,26.0,6.9899354,Jaipur
2025-02-07 06:00:00+00:00,21.3895,19.0,8.435069,Jaipur
2025-02-07 07:00:00+00:00,22.7895,17.0,8.942214,Jaipur
2025-02-07 08:00:00+00:00,23.8395,15.0,9.885262,Jaipur
2025-02-07 09:00:00+00:00,24.439499,15.0,9.511088,Jaipur
2025-02-07 10:00:00+00:00,24.5395,15.0,9.793059,Jaipur
2025-02-07 11:00:00+00:00,24.0895,16.0,9.220499,Jaipur
2025-02-07 12:00:00+00:00,23.7895,17.0,6.8777895,Jaipur
2025-02-07 13:00:00+00:00,21.2395,21.0,4.3349743,Jaipur
2025-02-07 14:00:00+00:00,19.5895,24.0,4.6800003,Jaipur
2025-02-07 15:00:00+00:00,18.439499,26.0,4.802999,Jaipur
2025-02-07 16:00:00+00:00,17.5395,28.0,4.73506,Jaipur
2025-02-07 17:00:00+00:00,16.8895,31.0,4.452954,Jaipur
2025-02-07 18:00:00+00:00,16.1395,34.0,4.1046314,Jaipur
2025-02-07 19:00:00+00:00,15.8895,36.0,3.4152596,Jaipur
2025-02-07 20:00:00+00:00,15.339499,39.0,3.319036,Jaipur
2025-02-07 21:00:00+00:00,15.2395,38.0,4.0249224,Jaipur
2025-02-07 22:00:00+00:00,14.839499,39.0,3.9763298,Jaipur
2025-02-07 23:00:00+00:00,14.4895,39.0,3.9763298,Jaipur
2025-02-08 00:00:00+00:00,12.7395,47.0,4.68,Jaipur
2025-02-08 01:00:00+00:00,12.4395,48.0,4.32,Jaipur
2025-02-08 02:00:00+00:00,12.4895,47.0,4.3349743,Jaipur
2025-02-08 03:00:00+00:00,13.9895,42.0,3.6,Jaipur
2025-02-08 04:00:00+00:00,17.7395,32.0,4.3349743,Jaipur
2025-02-08 05:00:00+00:00,20.939499,24.0,6.379216,Jaipur
2025-02-08 06:00:00+00:00,24.3395,14.0,3.2599385,Jaipur
2025-02-08 07:00:00+00:00,26.189499,11.0,2.8116899,Jaipur
2025-02-08 08:00:00+00:00,27.4895,10.0,3.2599385,Jaipur
2025-02-08 09:00:00+00:00,27.8895,10.0,4.2136917,Jaipur
2025-02-08 10:00:00+00:00,27.7895,10.0,5.00128,Jaipur
2025-02-08 11:00:00+00:00,27.1395,11.0,5.692099,Jaipur
2025-02-08 12:00:00+00:00,25.5895,17.0,7.342588,Jaipur
2025-02-08 13:00:00+00:00,22.689499,26.0,6.4799995,Jaipur
2025-02-08 14:00:00+00:00,20.3895,32.0,5.0528407,Jaipur
2025-02-08 15:00:00+00:00,18.9895,36.0,3.6179552,Jaipur
2025-02-08 16:00:00+00:00,18.0895,41.0,2.2768397,Jaipur
2025-02-08 17:00:00+00:00,17.8395,38.0,1.1384199,Jaipur
2025-02-08 18:00:00+00:00,16.689499,43.0,3.5455887,Jaipur
2025-02-08 19:00:00+00:00,15.789499,44.0,4.1046314,Jaipur
2025-02-08 20:00:00+00:00,14.8895,46.0,4.1046314,Jaipur
2025-02-08 21:00:00+00:00,14.6895,46.0,4.1046314,Jaipur
2025-02-08 22:00:00+00:00,14.339499,46.0,4.2136917,Jaipur
2025-02-08 23:00:00+00:00,13.839499,48.0,4.3498964,Jaipur
2025-02-09 00:00:00+00:00,12.6895,56.0,4.198285,Jaipur
2025-02-09 01:00:00+00:00,12.289499,56.0,4.1046314,Jaipur
2025-02-09 02:00:00+00:00,12.089499,57.0,4.072935,Jaipur
2025-02-09 03:00:00+00:00,13.839499,52.0,3.319036,Jaipur
2025-02-09 04:00:00+00:00,18.3395,39.0,2.8799999,Jaipur
2025-02-09 05:00:00+00:00,21.6395,30.0,4.1046314,Jaipur
2025-02-09 06:00:00+00:00,24.7395,20.0,6.9899354,Jaipur
2025-02-09 07:00:00+00:00,26.0895,18.0,7.5942073,Jaipur
2025-02-09 08:00:00+00:00,26.939499,16.0,7.9526596,Jaipur
2025-02-09 09:00:00+00:00,27.0395,15.0,7.342588,Jaipur
2025-02-09 10:00:00+00:00,26.9895,15.0,6.489992,Jaipur
2025-02-09 11:00:00+00:00,26.3895,16.0,5.8048253,Jaipur
2025-02-09 12:00:00+00:00,25.9895,18.0,4.6938252,Jaipur
2025-02-09 13:00:00+00:00,23.1395,26.0,3.96,Jaipur
2025-02-09 14:00:00+00:00,21.1395,33.0,3.96,Jaipur
2025-02-09 15:00:00+00:00,20.189499,37.0,3.671294,Jaipur
2025-02-09 16:00:00+00:00,19.9895,38.0,2.9024127,Jaipur
2025-02-09 17:00:00+00:00,19.689499,40.0,2.7416782,Jaipur
2025-02-09 18:00:00+00:00,17.8895,46.0,3.671294,Jaipur
2025-02-09 19:00:00+00:00,17.3895,46.0,3.396233,Jaipur
2025-02-09 20:00:00+00:00,17.2395,45.0,3.319036,Jaipur
2025-02-09 21:00:00+00:00,16.6395,46.0,3.96,Jaipur
2025-02-09 22:00:00+00:00,16.2895,46.0,4.379589,Jaipur
2025-02-09 23:00:00+00:00,15.6395,47.0,4.0249224,Jaipur
2025-02-10 00:00:00+00:00,16.3895,44.0,4.1046314,Jaipur
2025-02-10 01:00:00+00:00,15.4895,47.0,4.3498964,Jaipur
2025-02-10 02:00:00+00:00,14.789499,49.0,4.198285,Jaipur
2025-02-10 03:00:00+00:00,15.839499,48.0,3.6,Jaipur
2025-02-10 04:00:00+00:00,20.689499,37.0,1.2979984,Jaipur
2025-02-10 05:00:00+00:00,23.9895,30.0,3.96,Jaipur
2025-02-10 06:00:00+00:00,26.1395,30.0,6.5693827,Jaipur
2025-02-10 07:00:00+00:00,27.439499,27.0,8.707237,Jaipur
2025-02-10 08:00:00+00:00,28.2895,24.0,9.422101,Jaipur
2025-02-10 09:00:00+00:00,28.6395,23.0,9.290511,Jaipur
2025-02-10 10:00:00+00:00,28.689499,22.0,9.021574,Jaipur
2025-02-10 11:00:00+00:00,28.2895,22.0,8.699793,Jaipur
2025-02-10 12:00:00+00:00,27.7895,22.0,5.904439,Jaipur
2025-02-10 13:00:00+00:00,24.9895,29.0,3.8773184,Jaipur
2025-02-10 14:00:00+00:00,22.939499,37.0,3.6179552,Jaipur
2025-02-10 15:00:00+00:00,21.2895,45.0,3.096837,Jaipur
2025-02-10 16:00:00+00:00,20.5895,50.0,1.2979984,Jaipur
2025-02-10 17:00:00+00:00,20.2395,50.0,0.8049845,Jaipur
2025-02-10 18:00:00+00:00,18.4895,59.0,1.4399999,Jaipur
2025-02-10 19:00:00+00:00,18.189499,58.0,1.8,Jaipur
2025-02-10 20:00:00+00:00,17.7395,60.0,2.9024127,Jaipur
2025-02-10 21:00:00+00:00,17.2895,61.0,2.9024127,Jaipur
2025-02-10 22:00:00+00:00,16.8395,63.0,2.52,Jaipur
2025-02-10 23:00:00+00:00,16.439499,64.0,1.9386592,Jaipur
2025-02-11 00:00:00+00:00,14.9895,70.0,3.8773184,Jaipur
2025-02-11 01:00:00+00:00,14.7395,71.0,4.0249224,Jaipur
2025-02-11 02:00:00+00:00,14.6395,71.0,3.7585104,Jaipur
2025-02-11 03:00:00+00:00,16.7395,67.0,3.4152596,Jaipur
2025-02-11 04:00:00+00:00,21.2895,51.0,1.609969,Jaipur
2025-02-11 05:00:00+00:00,24.6395,37.0,4.8433046,Jaipur
2025-02-11 06:00:00+00:00,28.0395,24.0,7.172949,Jaipur
2025-02-11 07:00:00+00:00,29.3395,20.0,9.028754,Jaipur
2025-02-11 08:00:00+00:00,29.9895,17.0,10.440001,Jaipur
2025-02-11 09:00:00+00:00,30.189499,16.0,10.495713,Jaipur
2025-02-11 10:00:00+00:00,29.939499,15.0,10.948973,Jaipur
2025-02-11 11:00:00+00:00,29.189499,15.0,11.013882,Jaipur
2025-02-11 12:00:00+00:00,28.3395,17.0,7.5685663,Jaipur
2025-02-11 13:00:00+00:00,24.8395,24.0,3.671294,Jaipur
2025-02-11 14:00:00+00:00,23.3395,28.0,3.4152596,Jaipur
2025-02-11 15:00:00+00:00,22.1395,31.0,3.2399998,Jaipur
2025-02-11 16:00:00+00:00,21.2395,33.0,3.6,Jaipur
2025-02-11 17:00:00+00:00,19.939499,32.0,5.4119864,Jaipur
2025-02-11 18:00:00+00:00,19.7395,39.0,4.3498964,Jaipur
2025-02-11 19:00:00+00:00,18.8395,40.0,4.6938257,Jaipur
2025-02-11 20:00:00+00:00,17.939499,42.0,4.6800003,Jaipur
2025-02-11 21:00:00+00:00,17.1395,42.0,5.634891,Jaipur
2025-02-11 22:00:00+00:00,16.2395,45.0,5.0142193,Jaipur
2025-02-11 23:00:00+00:00,15.6395,49.0,5.0142193,Jaipur
2025-02-12 00:00:00+00:00,16.1395,47.0,5.8048253,Jaipur
2025-02-12 01:00:00+00:00,15.4395,51.0,6.28713,Jaipur
2025-02-12 02:00:00+00:00,15.039499,55.0,6.9899354,Jaipur
2025-02-12 03:00:00+00:00,17.6395,52.0,7.5685663,Jaipur
2025-02-12 04:00:00+00:00,21.3395,47.0,9.885262,Jaipur
2025-02-12 05:00:00+00:00,24.1395,41.0,12.074766,Jaipur
2025-02-12 06:00:00+00:00,25.689499,23.0,12.6462,Jaipur
2025-02-12 07:00:00+00:00,26.8895,15.0,12.224107,Jaipur
2025-02-12 08:00:00+00:00,27.3895,12.0,13.217443,Jaipur
2025-02-12 09:00:00+00:00,27.3895,14.0,13.684735,Jaipur
2025-02-12 10:00:00+00:00,26.9895,15.0,13.783817,Jaipur
2025-02-12 11:00:00+00:00,26.2395,16.0,13.246826,Jaipur
2025-02-12 12:00:00+00:00,25.439499,18.0,9.504272,Jaipur
2025-02-12 13:00:00+00:00,22.7395,23.0,5.3999996,Jaipur
2025-02-12 14:00:00+00:00,20.8395,27.0,4.6938257,Jaipur
2025-02-12 15:00:00+00:00,19.939499,29.0,4.510787,Jaipur
2025-02-12 16:00:00+00:00,19.0395,30.0,4.379589,Jaipur
2025-02-12 17:00:00+00:00,18.1395,33.0,4.6938252,Jaipur
2025-02-12 18:00:00+00:00,18.0895,34.0,4.3349743,Jaipur
2025-02-12 19:00:00+00:00,17.189499,36.0,4.452954,Jaipur
2025-02-12 20:00:00+00:00,16.939499,37.0,4.379589,Jaipur
2025-02-12 21:00:00+00:00,16.8395,38.0,3.7585104,Jaipur
2025-02-12 22:00:00+00:00,16.5895,38.0,4.6800003,Jaipur
2025-02-12 23:00:00+00:00,15.289499,42.0,4.5536795,Jaipur
2025-02-13 00:00:00+00:00,15.089499,48.0,4.379589,Jaipur
2025-02-13 01:00:00+00:00,15.039499,49.0,4.0249224,Jaipur
2025-02-13 02:00:00+00:00,14.9895,51.0,3.319036,Jaipur
2025-02-13 03:00:00+00:00,16.189499,50.0,3.5455887,Jaipur
2025-02-13 04:00:00+00:00,19.189499,42.0,5.634891,Jaipur
2025-02-13 05:00:00+00:00,21.7395,32.0,9.659814,Jaipur
2025-02-13 06:00:00+00:00,24.2395,21.0,7.386582,Jaipur
2025-02-13 07:00:00+00:00,25.7895,16.0,9.178235,Jaipur
2025-02-13 08:00:00+00:00,26.7395,14.0,10.296251,Jaipur
2025-02-13 09:00:00+00:00,27.189499,13.0,11.885453,Jaipur
2025-02-13 10:00:00+00:00,27.0395,14.0,13.104198,Jaipur
2025-02-13 11:00:00+00:00,26.3895,15.0,12.096214,Jaipur
2025-02-13 12:00:00+00:00,25.5895,16.0,8.714677,Jaipur
2025-02-13 13:00:00+00:00,23.1395,19.0,5.1919937,Jaipur
2025-02-13 14:00:00+00:00,21.5395,23.0,4.2136917,Jaipur
2025-02-13 15:00:00+00:00,20.7395,25.0,3.8773184,Jaipur
2025-02-13 16:00:00+00:00,20.1395,27.0,3.8773184,Jaipur
2025-02-13 17:00:00+00:00,19.5395,30.0,2.9024127,Jaipur
2025-02-13 18:00:00+00:00,18.9895,31.0,2.7416782,Jaipur
2025-02-13 19:00:00+00:00,18.189499,32.0,2.968636,Jaipur
2025-02-13 20:00:00+00:00,17.6395,33.0,2.6208394,Jaipur
2025-02-13 21:00:00+00:00,17.0395,34.0,3.4152596,Jaipur
2025-02-13 22:00:00+00:00,16.7895,34.0,3.4152596,Jaipur
2025-02-13 23:00:00+00:00,16.3895,35.0,2.2768397,Jaipur
2025-02-14 00:00:00+00:00,15.6395,38.0,2.3051248,Jaipur
2025-02-14 01:00:00+00:00,15.039499,39.0,2.1897945,Jaipur
2025-02-14 02:00:00+00:00,14.839499,40.0,2.16,Jaipur
2025-02-14 03:00:00+00:00,16.3895,41.0,2.1897945,Jaipur
2025-02-14 04:00:00+00:00,20.2895,28.0,1.2979984,Jaipur
2025-02-14 05:00:00+00:00,23.7895,21.0,4.379589,Jaipur
2025-02-14 06:00:00+00:00,27.1395,16.0,6.130579,Jaipur
2025-02-14 07:00:00+00:00,28.439499,15.0,9.0,Jaipur
2025-02-14 08:00:00+00:00,29.2395,14.0,10.1376915,Jaipur
2025-02-14 09:00:00+00:00,29.5395,14.0,12.313893,Jaipur
2025-02-14 10:00:00+00:00,29.2395,14.0,12.979984,Jaipur
2025-02-14 11:00:00+00:00,28.4895,16.0,12.181625,Jaipur
2025-02-14 12:00:00+00:00,27.7895,18.0,7.8625183,Jaipur
2025-02-14 13:00:00+00:00,25.2895,22.0,3.4152596,Jaipur
2025-02-14 14:00:00+00:00,24.0395,27.0,3.319036,Jaipur
2025-02-14 15:00:00+00:00,23.3395,28.0,3.319036,Jaipur
2025-02-14 16:00:00+00:00,22.7395,28.0,4.198285,Jaipur
2025-02-14 17:00:00+00:00,21.8895,28.0,0.71999997,Jaipur
2025-02-14 18:00:00+00:00,19.9895,36.0,1.5273507,Jaipur
2025-02-14 19:00:00+00:00,19.439499,37.0,1.2979984,Jaipur
2025-02-14 20:00:00+00:00,18.939499,38.0,1.08,Jaipur
2025-02-14 21:00:00+00:00,18.3895,40.0,2.968636,Jaipur
2025-02-14 22:00:00+00:00,17.8395,42.0,3.2399998,Jaipur
2025-02-14 23:00:00+00:00,17.3395,44.0,2.52,Jaipur
2025-02-15 00:00:00+00:00,16.6395,53.0,3.0758414,Jaipur
2025-02-15 01:00:00+00:00,16.3895,55.0,2.6208394,Jaipur
2025-02-15 02:00:00+00:00,16.2395,56.0,2.1897945,Jaipur
2025-02-15 03:00:00+00:00,17.8895,53.0,2.9024127,Jaipur
2025-02-15 04:00:00+00:00,20.939499,43.0,4.6800003,Jaipur
2025-02-15 05:00:00+00:00,24.3395,36.0,7.7879906,Jaipur
2025-02-15 06:00:00+00:00,27.6395,28.0,11.440979,Jaipur
2025-02-15 07:00:00+00:00,29.2895,29.0,13.849476,Jaipur
2025-02-15 08:00:00+00:00,30.439499,27.0,14.4,Jaipur
2025-02-15 09:00:00+00:00,30.7895,25.0,14.869351,Jaipur
2025-02-15 10:00:00+00:00,30.7395,24.0,14.264361,Jaipur
2025-02-15 11:00:00+00:00,30.1395,23.0,13.797913,Jaipur
2025-02-15 12:00:00+00:00,29.5895,25.0,8.707238,Jaipur
2025-02-15 13:00:00+00:00,26.8895,30.0,4.5536795,Jaipur
2025-02-15 14:00:00+00:00,25.2895,32.0,4.1046314,Jaipur
2025-02-15 15:00:00+00:00,23.8395,34.0,5.0911684,Jaipur
2025-02-15 16:00:00+00:00,21.6395,47.0,7.2,Jaipur
2025-02-15 17:00:00+00:00,20.689499,62.0,7.2805495,Jaipur
2025-02-15 18:00:00+00:00,20.1395,63.0,5.937272,Jaipur
2025-02-15 19:00:00+00:00,19.3895,66.0,4.8965297,Jaipur
2025-02-15 20:00:00+00:00,18.689499,67.0,4.1046314,Jaipur
2025-02-15 21:00:00+00:00,17.8395,70.0,3.4152596,Jaipur
2025-02-15 22:00:00+00:00,17.0895,73.0,4.0249224,Jaipur
2025-02-15 23:00:00+00:00,16.3395,74.0,4.3498964,Jaipur
2025-02-16 00:00:00+00:00,16.1395,75.0,4.0249224,Jaipur
2025-02-16 01:00:00+00:00,15.789499,75.0,4.3349743,Jaipur
2025-02-16 02:00:00+00:00,15.589499,75.0,4.5820518,Jaipur
2025-02-16 03:00:00+00:00,18.2395,64.0,3.8939953,Jaipur
2025-02-16 04:00:00+00:00,22.189499,48.0,6.162207,Jaipur
2025-02-16 05:00:00+00:00,24.439499,40.0,8.427383,Jaipur
2025-02-16 06:00:00+00:00,26.689499,34.0,7.6367526,Jaipur
2025-02-16 07:00:00+00:00,27.9895,32.0,6.297428,Jaipur
2025-02-16 08:00:00+00:00,28.939499,28.0,5.154415,Jaipur
2025-02-16 09:00:00+00:00,29.439499,25.0,7.289444,Jaipur
2025-02-16 10:00:00+00:00,29.439499,23.0,9.0645685,Jaipur
2025-02-16 11:00:00+00:00,29.0395,20.0,9.3876505,Jaipur
2025-02-16 12:00:00+00:00,28.5895,19.0,9.0645685,Jaipur
2025-02-16 13:00:00+00:00,26.3895,21.0,5.6233797,Jaipur
2025-02-16 14:00:00+00:00,24.7895,24.0,5.1544156,Jaipur
2025-02-16 15:00:00+00:00,23.8895,25.0,7.754637,Jaipur
2025-02-16 16:00:00+00:00,22.7395,38.0,10.799999,Jaipur
2025-02-16 17:00:00+00:00,21.8895,46.0,10.009036,Jaipur
2025-02-16 18:00:00+00:00,20.8895,54.0,7.754637,Jaipur
2025-02-16 19:00:00+00:00,20.189499,58.0,6.792466,Jaipur
2025-02-16 20:00:00+00:00,19.8395,59.0,6.696387,Jaipur
2025-02-16 21:00:00+00:00,19.3395,61.0,5.1165614,Jaipur
2025-02-16 22:00:00+00:00,18.7895,61.0,5.3999996,Jaipur
2025-02-16 23:00:00+00:00,18.5895,60.0,6.151683,Jaipur
2025-02-17 00:00:00+00:00,18.6395,60.0,5.5887027,Jaipur
2025-02-17 01:00:00+00:00,18.5395,58.0,6.193674,Jaipur
2025-02-17 02:00:00+00:00,18.3895,56.0,6.151683,Jaipur
2025-02-17 03:00:00+00:00,20.0895,49.0,7.928178,Jaipur
2025-02-17 04:00:00+00:00,21.939499,44.0,11.013882,Jaipur
2025-02-17 05:00:00+00:00,23.8395,40.0,13.358861,Jaipur
2025-02-17 06:00:00+00:00,25.9895,33.0,10.948973,Jaipur
2025-02-17 07:00:00+00:00,27.3395,30.0,11.440978,Jaipur
2025-02-17 08:00:00+00:00,28.2895,29.0,10.587917,Jaipur
2025-02-17 09:00:00+00:00,28.8395,29.0,9.178235,Jaipur
2025-02-17 10:00:00+00:00,28.7895,29.0,8.209263,Jaipur
2025-02-17 11:00:00+00:00,28.189499,30.0,8.669949,Jaipur
2025-02-17 12:00:00+00:00,27.2395,32.0,10.805999,Jaipur
2025-02-17 13:00:00+00:00,25.2395,37.0,7.6367526,Jaipur
2025-02-17 14:00:00+00:00,23.4895,42.0,8.12197,Jaipur
2025-02-17 15:00:00+00:00,22.3395,47.0,7.69592,Jaipur
2025-02-17 16:00:00+00:00,21.5395,53.0,7.771331,Jaipur
2025-02-17 17:00:00+00:00,21.2395,54.0,7.771331,Jaipur
2025-02-17 18:00:00+00:00,20.9895,57.0,8.12197,Jaipur
2025-02-17 19:00:00+00:00,20.6395,56.0,8.12197,Jaipur
2025-02-17 20:00:00+00:00,20.3895,54.0,8.311245,Jaipur
2025-02-17 21:00:00+00:00,20.3895,51.0,7.729527,Jaipur
2025-02-17 22:00:00+00:00,19.7895,53.0,7.289445,Jaipur
2025-02-17 23:00:00+00:00,19.3895,56.0,9.178235,Jaipur
2025-02-18 00:00:00+00:00,19.1395,54.0,5.0528407,Jaipur
2025-02-18 01:00:00+00:00,18.1395,62.0,10.630672,Jaipur
2025-02-18 02:00:00+00:00,17.2395,72.0,11.480557,Jaipur
2025-02-18 03:00:00+00:00,18.0895,69.0,8.854829,Jaipur
2025-02-18 04:00:00+00:00,17.7395,76.0,7.42159,Jaipur
2025-02-18 05:00:00+00:00,18.1395,73.0,7.42159,Jaipur
2025-02-18 06:00:00+00:00,19.9895,67.0,8.825508,Jaipur
2025-02-18 07:00:00+00:00,20.5895,67.0,9.360001,Jaipur
2025-02-18 08:00:00+00:00,22.5395,57.0,10.495713,Jaipur
2025-02-18 09:00:00+00:00,24.3395,51.0,7.729527,Jaipur
2025-02-18 10:00:00+00:00,25.2395,47.0,5.8048253,Jaipur
2025-02-18 11:00:00+00:00,25.3395,47.0,4.6938257,Jaipur
2025-02-18 12:00:00+00:00,25.6395,45.0,2.4149535,Jaipur
2025-02-18 13:00:00+00:00,24.1395,51.0,3.2599385,Jaipur
2025-02-18 14:00:00+00:00,22.3395,59.0,3.5455887,Jaipur
2025-02-18 15:00:00+00:00,20.8395,65.0,4.2136917,Jaipur
2025-02-18 16:00:00+00:00,20.0895,69.0,3.4152596,Jaipur
2025-02-18 17:00:00+00:00,19.5895,70.0,3.5455887,Jaipur
2025-02-18 18:00:00+00:00,19.3395,70.0,4.32,Jaipur
2025-02-18 19:00:00+00:00,18.689499,73.0,4.0249224,Jaipur
2025-02-18 20:00:00+00:00,18.0895,76.0,3.8773184,Jaipur
2025-02-18 21:00:00+00:00,17.7395,78.0,3.8939953,Jaipur
2025-02-18 22:00:00+00:00,17.3895,80.0,3.8268526,Jaipur
2025-02-18 23:00:00+00:00,16.9895,81.0,3.219938,Jaipur
2025-02-19 00:00:00+00:00,15.339499,87.0,2.9024127,Jaipur
2025-02-19 01:00:00+00:00,14.9895,89.0,2.6208394,Jaipur
2025-02-19 02:00:00+00:00,15.339499,87.0,3.7064266,Jaipur
2025-02-19 03:00:00+00:00,17.2895,78.0,3.6,Jaipur
2025-02-19 04:00:00+00:00,20.689499,64.0,4.072935,Jaipur
2025-02-19 05:00:00+00:00,22.7895,53.0,7.2,Jaipur
2025-02-19 06:00:00+00:00,25.7395,41.0,5.3517847,Jaipur
2025-02-19 07:00:00+00:00,27.0895,37.0,6.151683,Jaipur
2025-02-19 08:00:00+00:00,28.1395,33.0,7.2805495,Jaipur
2025-02-19 09:00:00+00:00,28.439499,30.0,5.8048253,Jaipur
2025-02-19 10:00:00+00:00,28.189499,28.0,7.491114,Jaipur
2025-02-19 11:00:00+00:00,27.1395,31.0,9.726664,Jaipur
2025-02-19 12:00:00+00:00,27.189499,32.0,8.217153,Jaipur
2025-02-19 13:00:00+00:00,25.3895,37.0,5.4833565,Jaipur
2025-02-19 14:00:00+00:00,23.689499,43.0,5.815978,Jaipur
2025-02-19 15:00:00+00:00,21.8395,52.0,5.95906,Jaipur
2025-02-19 16:00:00+00:00,20.689499,57.0,3.2399998,Jaipur
2025-02-19 17:00:00+00:00,19.4895,63.0,5.3999996,Jaipur
2025-02-19 18:00:00+00:00,19.1395,67.0,7.7879906,Jaipur
2025-02-19 19:00:00+00:00,19.0895,68.0,10.30883,Jaipur
2025-02-19 20:00:00+00:00,18.2895,72.0,9.565437,Jaipur
2025-02-19 21:00:00+00:00,17.3395,78.0,13.551501,Jaipur
2025-02-19 22:00:00+00:00,17.439499,77.0,13.324863,Jaipur
2025-02-19 23:00:00+00:00,17.4895,77.0,5.3517847,Jaipur
2025-02-20 00:00:00+00:00,17.8895,76.0,6.162207,Jaipur
2025-02-20 01:00:00+00:00,17.1395,80.0,10.823973,Jaipur
2025-02-20 02:00:00+00:00,16.939499,83.0,13.397612,Jaipur
2025-02-20 03:00:00+00:00,17.7395,79.0,16.24394,Jaipur
2025-02-20 04:00:00+00:00,19.4895,70.0,15.141414,Jaipur
2025-02-20 05:00:00+00:00,21.8395,60.0,16.179987,Jaipur
2025-02-20 06:00:00+00:00,24.4895,50.0,14.76439,Jaipur
2025-02-20 07:00:00+00:00,26.4895,41.0,12.397806,Jaipur
2025-02-20 08:00:00+00:00,28.0395,37.0,12.429127,Jaipur
2025-02-20 09:00:00+00:00,28.7395,33.0,12.88981,Jaipur
2025-02-20 10:00:00+00:00,29.0895,30.0,15.042659,Jaipur
2025-02-20 11:00:00+00:00,28.8895,27.0,16.215992,Jaipur
2025-02-20 12:00:00+00:00,28.1395,29.0,10.1376915,Jaipur
2025-02-20 13:00:00+00:00,26.189499,28.0,8.049845,Jaipur
2025-02-20 14:00:00+00:00,23.7395,33.0,7.2,Jaipur
2025-02-20 15:00:00+00:00,22.189499,37.0,7.7879906,Jaipur
2025-02-20 16:00:00+00:00,21.0395,37.0,7.9036193,Jaipur
2025-02-20 17:00:00+00:00,20.0395,38.0,8.373386,Jaipur
2025-02-20 18:00:00+00:00,19.189499,40.0,8.089993,Jaipur
2025-02-20 19:00:00+00:00,18.439499,47.0,9.47012,Jaipur
2025-02-20 20:00:00+00:00,18.0395,46.0,10.105681,Jaipur
2025-02-20 21:00:00+00:00,17.5395,42.0,9.9571085,Jaipur
2025-02-20 22:00:00+00:00,16.7895,41.0,10.587917,Jaipur
2025-02-20 23:00:00+00:00,15.789499,49.0,10.163227,Jaipur
2025-02-21 00:00:00+00:00,15.539499,59.0,9.983106,Jaipur
2025-02-21 01:00:00+00:00,15.089499,65.0,9.826088,Jaipur
2025-02-21 02:00:00+00:00,14.8895,74.0,8.587338,Jaipur
2025-02-21 03:00:00+00:00,16.5895,73.0,8.654987,Jaipur
2025-02-21 04:00:00+00:00,19.1395,65.0,9.387651,Jaipur
2025-02-21 05:00:00+00:00,21.6395,53.0,9.504273,Jaipur
2025-02-21 06:00:00+00:00,24.7395,30.0,4.6938252,Jaipur
2025-02-21 07:00:00+00:00,26.3395,23.0,5.8603754,Jaipur
2025-02-21 08:00:00+00:00,27.439499,19.0,10.383987,Jaipur
2025-02-21 09:00:00+00:00,27.7395,17.0,12.904882,Jaipur
2025-02-21 10:00:00+00:00,27.5895,15.0,14.20062,Jaipur
2025-02-21 11:00:00+00:00,26.8895,14.0,13.479583,Jaipur
2025-02-21 12:00:00+00:00,25.5895,17.0,10.587918,Jaipur
2025-02-21 13:00:00+00:00,23.3895,22.0,7.42159,Jaipur
2025-02-21 14:00:00+00:00,21.1395,28.0,6.489992,Jaipur
2025-02-21 15:00:00+00:00,19.5895,33.0,6.489992,Jaipur
2025-02-21 16:00:00+00:00,18.3895,37.0,6.2145634,Jaipur
2025-02-21 17:00:00+00:00,17.5395,43.0,6.130579,Jaipur
2025-02-21 18:00:00+00:00,17.3895,45.0,5.3999996,Jaipur
2025-02-21 19:00:00+00:00,16.7395,49.0,5.0528407,Jaipur
2025-02-21 20:00:00+00:00,16.2395,53.0,5.0911684,Jaipur
2025-02-21 21:00:00+00:00,15.789499,56.0,5.0911684,Jaipur
2025-02-21 22:00:00+00:00,15.3895,58.0,5.0911684,Jaipur
2025-02-21 23:00:00+00:00,14.9895,60.0,4.6938252,Jaipur
2025-02-22 00:00:00+00:00,14.289499,62.0,3.9763298,Jaipur
2025-02-22 01:00:00+00:00,13.9895,65.0,3.319036,Jaipur
2025-02-22 02:00:00+00:00,14.039499,66.0,2.52,Jaipur
2025-02-22 03:00:00+00:00,15.539499,61.0,1.2979984,Jaipur
2025-02-22 04:00:00+00:00,19.1395,48.0,1.08,Jaipur
2025-02-22 05:00:00+00:00,21.7895,38.0,1.8,Jaipur
2025-02-22 06:00:00+00:00,23.8395,30.0,3.2399998,Jaipur
2025-02-22 07:00:00+00:00,25.5395,26.0,7.5685663,Jaipur
2025-02-22 08:00:00+00:00,26.5395,25.0,10.1376915,Jaipur
2025-02-22 09:00:00+00:00,27.0395,23.0,11.525623,Jaipur
2025-02-22 10:00:00+00:00,27.0395,24.0,13.237039,Jaipur
2025-02-22 11:00:00+00:00,26.3395,26.0,12.879752,Jaipur
2025-02-22 12:00:00+00:00,25.9895,27.0,8.766573,Jaipur
2025-02-22 13:00:00+00:00,24.2395,31.0,5.3517847,Jaipur
2025-02-22 14:00:00+00:00,22.5395,36.0,4.072935,Jaipur
2025-02-22 15:00:00+00:00,21.1395,40.0,5.1544156,Jaipur
2025-02-22 16:00:00+00:00,20.0895,43.0,5.3999996,Jaipur
2025-02-22 17:00:00+00:00,19.2395,45.0,5.0528407,Jaipur
2025-02-22 18:00:00+00:00,18.0895,48.0,5.0528407,Jaipur
2025-02-22 19:00:00+00:00,17.4895,51.0,4.802999,Jaipur
2025-02-22 20:00:00+00:00,16.8895,54.0,4.2136917,Jaipur
2025-02-22 21:00:00+00:00,16.439499,57.0,3.396233,Jaipur
2025-02-22 22:00:00+00:00,16.2895,59.0,2.7416782,Jaipur
2025-02-22 23:00:00+00:00,15.8895,61.0,3.0758414,Jaipur
2025-02-23 00:00:00+00:00,14.789499,68.0,3.7064266,Jaipur
2025-02-23 01:00:00+00:00,14.339499,70.0,3.8939953,Jaipur
2025-02-23 02:00:00+00:00,14.2395,71.0,3.563818,Jaipur
2025-02-23 03:00:00+00:00,16.439499,63.0,2.3051248,Jaipur
2025-02-23 04:00:00+00:00,20.5395,47.0,2.8799999,Jaipur
2025-02-23 05:00:00+00:00,23.0395,39.0,4.2136917,Jaipur
2025-02-23 06:00:00+00:00,25.0395,33.0,2.968636,Jaipur
2025-02-23 07:00:00+00:00,26.439499,30.0,3.5455887,Jaipur
2025-02-23 08:00:00+00:00,27.7895,25.0,5.5887027,Jaipur
2025-02-23 09:00:00+00:00,28.439499,22.0,7.92,Jaipur
2025-02-23 10:00:00+00:00,28.5395,19.0,8.905908,Jaipur
2025-02-23 11:00:00+00:00,28.189499,17.0,10.00256,Jaipur
2025-02-23 12:00:00+00:00,27.5395,17.0,8.534353,Jaipur
2025-02-23 13:00:00+00:00,25.2895,22.0,4.6938257,Jaipur
2025-02-23 14:00:00+00:00,23.3395,28.0,3.6,Jaipur
2025-02-23 15:00:00+00:00,22.3395,31.0,4.5536795,Jaipur
2025-02-23 16:00:00+00:00,20.439499,36.0,7.42159,Jaipur
2025-02-23 17:00:00+00:00,19.6395,48.0,7.653705,Jaipur
2025-02-23 18:00:00+00:00,18.5895,58.0,6.638072,Jaipur
2025-02-23 19:00:00+00:00,18.1395,60.0,5.991594,Jaipur
2025-02-23 20:00:00+00:00,17.5395,63.0,5.1919937,Jaipur
2025-02-23 21:00:00+00:00,16.9895,65.0,4.39436,Jaipur
2025-02-23 22:00:00+00:00,16.3895,69.0,4.39436,Jaipur
2025-02-23 23:00:00+00:00,15.8895,72.0,4.6800003,Jaipur
2025-02-24 00:00:00+00:00,14.8895,76.0,4.39436,Jaipur
2025-02-24 01:00:00+00:00,14.6895,78.0,4.829907,Jaipur
2025-02-24 02:00:00+00:00,14.839499,79.0,4.6800003,Jaipur
2025-02-24 03:00:00+00:00,17.7395,67.0,4.3349743,Jaipur
2025-02-24 04:00:00+00:00,20.9895,53.0,8.12197,Jaipur
2025-02-24 05:00:00+00:00,23.5395,45.0,9.028754,Jaipur
2025-02-24 06:00:00+00:00,25.7895,37.0,7.2,Jaipur
2025-02-24 07:00:00+00:00,27.3395,32.0,5.991594,Jaipur
2025-02-24 08:00:00+00:00,28.439499,28.0,4.32,Jaipur
2025-02-24 09:00:00+00:00,28.8395,25.0,1.4399999,Jaipur
2025-02-24 10:00:00+00:00,29.1395,23.0,2.7416782,Jaipur
2025-02-24 11:00:00+00:00,28.8395,22.0,3.7585104,Jaipur
2025-02-24 12:00:00+00:00,28.4895,23.0,3.96,Jaipur
2025-02-24 13:00:00+00:00,26.7895,27.0,3.219938,Jaipur
2025-02-24 14:00:00+00:00,25.2395,36.0,1.5273507,Jaipur
2025-02-24 15:00:00+00:00,23.189499,38.0,5.3999996,Jaipur
2025-02-24 16:00:00+00:00,22.0395,43.0,5.6002855,Jaipur
2025-02-24 17:00:00+00:00,21.189499,45.0,5.495161,Jaipur
2025-02-24 18:00:00+00:00,20.0395,52.0,6.0347,Jaipur
2025-02-24 19:00:00+00:00,19.439499,55.0,5.771239,Jaipur
2025-02-24 20:00:00+00:00,18.8895,59.0,5.04,Jaipur
2025-02-24 21:00:00+00:00,18.3395,61.0,4.6938252,Jaipur
2025-02-24 22:00:00+00:00,17.8395,63.0,4.6938252,Jaipur
2025-02-24 23:00:00+00:00,17.439499,64.0,4.68,Jaipur
2025-02-25 00:00:00+00:00,16.8395,67.0,3.671294,Jaipur
2025-02-25 01:00:00+00:00,16.5395,68.0,3.671294,Jaipur
2025-02-25 02:00:00+00:00,16.3395,68.0,3.6179552,Jaipur
2025-02-25 03:00:00+00:00,18.939499,58.0,2.52,Jaipur
2025-02-25 04:00:00+00:00,22.7395,45.0,5.8603754,Jaipur
2025-02-25 05:00:00+00:00,25.3395,37.0,8.766573,Jaipur
2025-02-25 06:00:00+00:00,27.439499,31.0,10.446206,Jaipur
2025-02-25 07:00:00+00:00,28.8395,28.0,11.367109,Jaipur
2025-02-25 08:00:00+00:00,29.9895,25.0,11.384199,Jaipur
2025-02-25 09:00:00+00:00,30.5895,24.0,10.464797,Jaipur
2025-02-25 10:00:00+00:00,30.8895,23.0,9.504272,Jaipur
2025-02-25 11:00:00+00:00,30.5895,22.0,8.161764,Jaipur
2025-02-25 12:00:00+00:00,29.0395,27.0,6.130579,Jaipur
2025-02-25 13:00:00+00:00,27.1395,32.0,5.6920996,Jaipur
2025-02-25 14:00:00+00:00,24.8895,39.0,5.634891,Jaipur
2025-02-25 15:00:00+00:00,23.4895,43.0,5.00128,Jaipur
2025-02-25 16:00:00+00:00,22.6395,46.0,4.6938257,Jaipur
2025-02-25 17:00:00+00:00,22.1395,48.0,6.489992,Jaipur
2025-02-25 18:00:00+00:00,22.189499,50.0,4.73506,Jaipur
2025-02-25 19:00:00+00:00,21.7395,54.0,4.6800003,Jaipur
2025-02-25 20:00:00+00:00,21.439499,56.0,4.39436,Jaipur
2025-02-25 21:00:00+00:00,21.189499,56.0,3.7064266,Jaipur
2025-02-25 22:00:00+00:00,20.8895,58.0,4.1046314,Jaipur
2025-02-25 23:00:00+00:00,20.5895,59.0,2.5455842,Jaipur
2025-02-26 00:00:00+00:00,20.689499,57.0,6.519877,Jaipur
2025-02-26 01:00:00+00:00,20.0895,60.0,5.4119864,Jaipur
2025-02-26 02:00:00+00:00,19.8395,63.0,0.35999998,Jaipur
2025-02-26 03:00:00+00:00,21.3895,55.0,2.5455842,Jaipur
2025-02-26 04:00:00+00:00,24.7895,43.0,5.3517847,Jaipur
2025-02-26 05:00:00+00:00,27.3895,35.0,8.350138,Jaipur
2025-02-26 06:00:00+00:00,29.439499,29.0,10.08,Jaipur
2025-02-26 07:00:00+00:00,30.5895,27.0,11.252519,Jaipur
2025-02-26 08:00:00+00:00,31.2395,25.0,9.6932955,Jaipur
2025-02-26 09:00:00+00:00,30.9895,24.0,10.182337,Jaipur
2025-02-26 10:00:00+00:00,31.4895,23.0,9.0645685,Jaipur
2025-02-26 11:00:00+00:00,31.189499,23.0,9.422101,Jaipur
2025-02-26 12:00:00+00:00,30.689499,25.0,8.350138,Jaipur
2025-02-26 13:00:00+00:00,28.6395,31.0,5.8603754,Jaipur
2025-02-26 14:00:00+00:00,26.5395,37.0,4.5536795,Jaipur
2025-02-26 15:00:00+00:00,25.2895,41.0,3.7064266,Jaipur
2025-02-26 16:00:00+00:00,24.3895,44.0,4.3349743,Jaipur
2025-02-26 17:00:00+00:00,23.5895,46.0,5.3999996,Jaipur
2025-02-26 18:00:00+00:00,23.0395,49.0,5.154415,Jaipur
2025-02-26 19:00:00+00:00,22.439499,52.0,4.5536795,Jaipur
2025-02-26 20:00:00+00:00,21.939499,52.0,3.7585104,Jaipur
2025-02-26 21:00:00+00:00,21.439499,53.0,3.8773184,Jaipur
2025-02-26 22:00:00+00:00,20.8895,54.0,4.510787,Jaipur
2025-02-26 23:00:00+00:00,20.4895,56.0,4.198285,Jaipur
2025-02-27 00:00:00+00:00,20.1395,59.0,4.510787,Jaipur
2025-02-27 01:00:00+00:00,19.7895,61.0,4.198285,Jaipur
2025-02-27 02:00:00+00:00,19.7895,62.0,4.198285,Jaipur
2025-02-27 03:00:00+00:00,21.3395,57.0,4.6800003,Jaipur
2025-02-27 04:00:00+00:00,23.689499,48.0,8.12197,Jaipur
2025-02-27 05:00:00+00:00,25.6395,43.0,11.159999,Jaipur
2025-02-27 06:00:00+00:00,27.689499,37.0,9.0645685,Jaipur
2025-02-27 07:00:00+00:00,29.0395,34.0,9.360001,Jaipur
2025-02-27 08:00:00+00:00,30.189499,31.0,8.78872,Jaipur
2025-02-27 09:00:00+00:00,30.2895,31.0,8.699793,Jaipur
2025-02-27 10:00:00+00:00,30.189499,31.0,9.346143,Jaipur
2025-02-27 11:00:00+00:00,30.2395,31.0,7.5942073,Jaipur
2025-02-27 12:00:00+00:00,28.5895,38.0,7.42159,Jaipur
2025-02-27 13:00:00+00:00,27.3395,42.0,6.2145634,Jaipur
2025-02-27 14:00:00+00:00,25.7395,49.0,4.1046314,Jaipur
2025-02-27 15:00:00+00:00,24.689499,52.0,5.0911684,Jaipur
2025-02-27 16:00:00+00:00,23.3395,57.0,9.47012,Jaipur
2025-02-27 17:00:00+00:00,22.3395,62.0,8.654986,Jaipur
2025-02-27 18:00:00+00:00,21.3895,65.0,10.805999,Jaipur
2025-02-27 19:00:00+00:00,20.7895,68.0,10.805999,Jaipur
2025-02-27 20:00:00+00:00,20.2895,70.0,9.746631,Jaipur
2025-02-27 21:00:00+00:00,19.939499,72.0,7.6367526,Jaipur
2025-02-27 22:00:00+00:00,19.6395,73.0,6.2145634,Jaipur
2025-02-27 23:00:00+00:00,19.3895,74.0,5.5887027,Jaipur
2025-02-28 00:00:00+00:00,19.4895,76.0,3.319036,Jaipur
2025-02-28 01:00:00+00:00,19.3395,77.0,2.8116899,Jaipur
2025-02-28 02:00:00+00:00,19.3895,77.0,1.9386592,Jaipur
2025-02-28 03:00:00+00:00,20.1395,74.0,1.8,Jaipur
2025-02-28 04:00:00+00:00,21.4895,67.0,4.3498964,Jaipur
2025-02-28 05:00:00+00:00,23.2895,59.0,7.2,Jaipur
2025-02-28 06:00:00+00:00,25.1395,52.0,7.754637,Jaipur
2025-02-28 07:00:00+00:00,26.8395,43.0,10.195057,Jaipur
2025-02-28 08:00:00+00:00,28.5395,31.0,14.007655,Jaipur
2025-02-28 09:00:00+00:00,29.0395,29.0,14.654254,Jaipur
2025-02-28 10:00:00+00:00,29.2895,32.0,14.182355,Jaipur
2025-02-28 11:00:00+00:00,29.7895,27.0,15.509274,Jaipur
2025-02-28 12:00:00+00:00,27.9895,33.0,8.699793,Jaipur
2025-02-28 13:00:00+00:00,26.3395,38.0,4.0249224,Jaipur
2025-02-28 14:00:00+00:00,24.7895,47.0,2.4149535,Jaipur
2025-02-28 15:00:00+00:00,23.8895,50.0,2.52,Jaipur
2025-02-28 16:00:00+00:00,22.9895,53.0,3.096837,Jaipur
2025-02-28 17:00:00+00:00,22.3895,54.0,3.2399998,Jaipur
2025-02-28 18:00:00+00:00,22.0395,51.0,4.452954,Jaipur
2025-02-28 19:00:00+00:00,20.7895,57.0,4.3349743,Jaipur
2025-02-28 20:00:00+00:00,19.8895,62.0,4.510787,Jaipur
2025-02-28 21:00:00+00:00,19.2895,66.0,4.8965297,Jaipur
2025-02-28 22:00:00+00:00,18.7395,71.0,5.815978,Jaipur
2025-02-28 23:00:00+00:00,18.5395,74.0,6.638072,Jaipur
2025-03-01 00:00:00+00:00,18.7895,76.0,7.072878,Jaipur
2025-03-01 01:00:00+00:00,18.7895,76.0,6.8777895,Jaipur
2025-03-01 02:00:00+00:00,18.5395,78.0,5.2416787,Jaipur
2025-03-01 03:00:00+00:00,19.8895,76.0,6.0347,Jaipur
2025-03-01 04:00:00+00:00,21.2395,76.0,11.726277,Jaipur
2025-03-01 05:00:00+00:00,21.8895,73.0,13.358861,Jaipur
2025-03-01 06:00:00+00:00,24.5895,61.0,10.390226,Jaipur
2025-03-01 07:00:00+00:00,26.2895,55.0,8.0899935,Jaipur
2025-03-01 08:00:00+00:00,27.2395,49.0,3.9763298,Jaipur
2025-03-01 09:00:00+00:00,27.8395,43.0,5.991594,Jaipur
2025-03-01 10:00:00+00:00,27.9895,41.0,6.830519,Jaipur
2025-03-01 11:00:00+00:00,27.689499,40.0,4.73506,Jaipur
2025-03-01 12:00:00+00:00,27.7395,42.0,3.319036,Jaipur
2025-03-01 13:00:00+00:00,26.439499,49.0,2.0991426,Jaipur
2025-03-01 14:00:00+00:00,24.689499,53.0,7.7879906,Jaipur
2025-03-01 15:00:00+00:00,22.1395,74.0,13.979872,Jaipur
2025-03-01 16:00:00+00:00,21.2895,77.0,9.449572,Jaipur
2025-03-01 17:00:00+00:00,20.439499,81.0,9.686609,Jaipur
2025-03-01 18:00:00+00:00,20.2395,82.0,6.8777895,Jaipur
2025-03-01 19:00:00+00:00,19.689499,85.0,6.1305785,Jaipur
2025-03-01 20:00:00+00:00,19.2395,86.0,6.297428,Jaipur
2025-03-01 21:00:00+00:00,18.7895,88.0,6.6087217,Jaipur
2025-03-01 22:00:00+00:00,18.3395,90.0,6.792466,Jaipur
2025-03-01 23:00:00+00:00,17.939499,93.0,7.4128532,Jaipur
2025-03-02 00:00:00+00:00,17.9895,91.0,8.39657,Jaipur
2025-03-02 01:00:00+00:00,17.5895,92.0,10.1887,Jaipur
2025-03-02 02:00:00+00:00,17.5895,89.0,10.086427,Jaipur
2025-03-02 03:00:00+00:00,19.0395,79.0,11.525623,Jaipur
2025-03-02 04:00:00+00:00,21.0395,69.0,11.753876,Jaipur
2025-03-02 05:00:00+00:00,22.939499,61.0,11.212135,Jaipur
2025-03-02 06:00:00+00:00,24.6395,52.0,9.793059,Jaipur
2025-03-02 07:00:00+00:00,26.189499,46.0,8.14587,Jaipur
2025-03-02 08:00:00+00:00,27.3395,40.0,7.4128532,Jaipur
2025-03-02 09:00:00+00:00,27.6395,35.0,6.130579,Jaipur
2025-03-02 10:00:00+00:00,27.6395,33.0,6.725354,Jaipur
2025-03-02 11:00:00+00:00,27.3395,32.0,7.24486,Jaipur
2025-03-02 12:00:00+00:00,26.5895,32.0,4.6938257,Jaipur
2025-03-02 13:00:00+00:00,25.3895,35.0,4.39436,Jaipur
2025-03-02 14:00:00+00:00,23.7395,40.0,3.8773184,Jaipur
2025-03-02 15:00:00+00:00,22.5395,43.0,4.0249224,Jaipur
2025-03-02 16:00:00+00:00,21.7395,45.0,3.6179552,Jaipur
2025-03-02 17:00:00+00:00,20.8395,47.0,4.6800003,Jaipur
2025-03-02 18:00:00+00:00,18.939499,50.0,4.6800003,Jaipur
2025-03-02 19:00:00+00:00,18.189499,51.0,5.00128,Jaipur
2025-03-02 20:00:00+00:00,17.8895,50.0,5.3517847,Jaipur
2025-03-02 21:00:00+00:00,17.5895,49.0,4.6938257,Jaipur
2025-03-02 22:00:00+00:00,17.1395,50.0,4.3349743,Jaipur
2025-03-02 23:00:00+00:00,16.5895,52.0,4.0249224,Jaipur
2025-03-03 00:00:00+00:00,16.0395,54.0,3.096837,Jaipur
2025-03-03 01:00:00+00:00,15.8895,52.0,3.7064266,Jaipur
2025-03-03 02:00:00+00:00,16.0895,51.0,4.32,Jaipur
2025-03-03 03:00:00+00:00,18.7395,46.0,3.5455887,Jaipur
2025-03-03 04:00:00+00:00,21.8895,39.0,9.422101,Jaipur
2025-03-03 05:00:00+00:00,24.2395,35.0,11.885453,Jaipur
2025-03-03 06:00:00+00:00,26.939499,30.0,12.181625,Jaipur
2025-03-03 07:00:00+00:00,28.2895,31.0,12.7279215,Jaipur
2025-03-03 08:00:00+00:00,29.3895,31.0,12.682018,Jaipur
2025-03-03 09:00:00+00:00,30.0895,30.0,13.479583,Jaipur
2025-03-03 10:00:00+00:00,30.0395,30.0,15.459054,Jaipur
2025-03-03 11:00:00+00:00,30.439499,26.0,14.20062,Jaipur
2025-03-03 12:00:00+00:00,30.2895,24.0,13.5515,Jaipur
2025-03-03 13:00:00+00:00,28.3395,27.0,9.0645685,Jaipur
2025-03-03 14:00:00+00:00,26.0395,33.0,5.8603754,Jaipur
2025-03-03 15:00:00+00:00,24.4895,35.0,6.6185193,Jaipur
2025-03-03 16:00:00+00:00,23.1395,36.0,7.5685663,Jaipur
2025-03-03 17:00:00+00:00,22.1395,36.0,8.225035,Jaipur
2025-03-03 18:00:00+00:00,21.2895,37.0,7.42159,Jaipur
2025-03-03 19:00:00+00:00,20.2395,39.0,6.4799995,Jaipur
2025-03-03 20:00:00+00:00,19.689499,41.0,5.95906,Jaipur
2025-03-03 21:00:00+00:00,19.3895,43.0,6.6087217,Jaipur
2025-03-03 22:00:00+00:00,18.9895,46.0,6.989936,Jaipur
2025-03-03 23:00:00+00:00,18.5395,48.0,7.2,Jaipur
2025-03-04 00:00:00+00:00,18.0895,49.0,6.3690495,Jaipur
2025-03-04 01:00:00+00:00,17.4895,53.0,6.638072,Jaipur
2025-03-04 02:00:00+00:00,17.189499,53.0,6.8777895,Jaipur
2025-03-04 03:00:00+00:00,19.3895,44.0,7.928177,Jaipur
2025-03-04 04:00:00+00:00,22.189499,28.0,14.277983,Jaipur
2025-03-04 05:00:00+00:00,24.0895,19.0,19.386593,Jaipur
2025-03-04 06:00:00+00:00,24.4895,16.0,17.414474,Jaipur
2025-03-04 07:00:00+00:00,25.3395,18.0,16.79314,Jaipur
2025-03-04 08:00:00+00:00,25.939499,21.0,15.778516,Jaipur
2025-03-04 09:00:00+00:00,26.2395,22.0,15.192682,Jaipur
2025-03-04 10:00:00+00:00,26.0895,20.0,15.9134655,Jaipur
2025-03-04 11:00:00+00:00,25.2895,21.0,16.039202,Jaipur
2025-03-04 12:00:00+00:00,23.7895,22.0,12.538134,Jaipur
2025-03-04 13:00:00+00:00,22.0895,22.0,10.296251,Jaipur
2025-03-04 14:00:00+00:00,20.2895,27.0,7.491114,Jaipur
2025-03-04 15:00:00+00:00,18.7895,29.0,5.8048253,Jaipur
2025-03-04 16:00:00+00:00,17.3395,30.0,5.95906,Jaipur
2025-03-04 17:00:00+00:00,16.2895,31.0,5.815978,Jaipur
2025-03-04 18:00:00+00:00,15.589499,32.0,5.495161,Jaipur
2025-03-04 19:00:00+00:00,14.9895,35.0,4.829907,Jaipur
2025-03-04 20:00:00+00:00,14.539499,39.0,4.829907,Jaipur
2025-03-04 21:00:00+00:00,14.039499,43.0,4.6938257,Jaipur
2025-03-04 22:00:00+00:00,13.539499,46.0,5.692099,Jaipur
2025-03-04 23:00:00+00:00,13.1895,49.0,6.297428,Jaipur
2025-03-05 00:00:00+00:00,13.089499,52.0,7.4128532,Jaipur
2025-03-05 01:00:00+00:00,12.589499,57.0,6.6087217,Jaipur
2025-03-05 02:00:00+00:00,12.4895,59.0,6.489992,Jaipur
2025-03-05 03:00:00+00:00,14.589499,52.0,8.587338,Jaipur
2025-03-05 04:00:00+00:00,17.4895,38.0,10.883676,Jaipur
2025-03-05 05:00:00+00:00,20.3395,22.0,13.684735,Jaipur
2025-03-05 06:00:00+00:00,22.7395,15.0,13.584932,Jaipur
2025-03-05 07:00:00+00:00,24.439499,12.0,14.57889,Jaipur
2025-03-05 08:00:00+00:00,25.5395,10.0,16.179987,Jaipur
2025-03-05 09:00:00+00:00,25.939499,10.0,16.199999,Jaipur
2025-03-05 10:00:00+00:00,25.8395,10.0,16.575644,Jaipur
2025-03-05 11:00:00+00:00,25.2395,10.0,15.484185,Jaipur
2025-03-05 12:00:00+00:00,24.7895,11.0,12.218805,Jaipur
2025-03-05 13:00:00+00:00,22.8395,14.0,8.714677,Jaipur
2025-03-05 14:00:00+00:00,20.6395,18.0,5.904439,Jaipur
2025-03-05 15:00:00+00:00,19.0895,21.0,4.8433046,Jaipur
2025-03-05 16:00:00+00:00,18.2395,22.0,4.8433046,Jaipur
2025-03-05 17:00:00+00:00,17.4895,24.0,5.6002855,Jaipur
2025-03-05 18:00:00+00:00,16.2395,27.0,5.8603754,Jaipur
2025-03-05 19:00:00+00:00,15.789499,27.0,5.3517847,Jaipur
2025-03-05 20:00:00+00:00,15.4395,27.0,5.6233797,Jaipur
2025-03-05 21:00:00+00:00,15.1895,27.0,5.1919937,Jaipur
2025-03-05 22:00:00+00:00,14.9395,28.0,4.8965297,Jaipur
2025-03-05 23:00:00+00:00,14.6395,29.0,4.8433046,Jaipur
2025-03-06 00:00:00+00:00,13.9895,32.0,5.0911684,Jaipur
2025-03-06 01:00:00+00:00,13.789499,34.0,4.8433046,Jaipur
2025-03-06 02:00:00+00:00,14.089499,34.0,4.3349743,Jaipur
2025-03-06 03:00:00+00:00,16.8395,29.0,4.6102495,Jaipur
2025-03-06 04:00:00+00:00,20.5895,22.0,8.534353,Jaipur
2025-03-06 05:00:00+00:00,23.7895,18.0,9.83268,Jaipur
2025-03-06 06:00:00+00:00,27.2895,9.0,11.119281,Jaipur
2025-03-06 07:00:00+00:00,28.6395,8.0,11.631956,Jaipur
2025-03-06 08:00:00+00:00,29.5895,8.0,11.440978,Jaipur
2025-03-06 09:00:00+00:00,29.9895,7.0,12.783802,Jaipur
2025-03-06 10:00:00+00:00,29.8895,7.0,13.084402,Jaipur
2025-03-06 11:00:00+00:00,29.3395,7.0,12.783802,Jaipur
2025-03-06 12:00:00+00:00,28.8395,9.0,8.4042845,Jaipur
2025-03-06 13:00:00+00:00,26.439499,12.0,3.7585104,Jaipur
2025-03-06 14:00:00+00:00,24.9895,19.0,1.8,Jaipur
2025-03-06 15:00:00+00:00,24.0395,18.0,1.835647,Jaipur
2025-03-06 16:00:00+00:00,22.9895,19.0,1.8,Jaipur
2025-03-06 17:00:00+00:00,21.8395,20.0,2.0991426,Jaipur
2025-03-06 18:00:00+00:00,19.4895,25.0,3.219938,Jaipur
2025-03-06 19:00:00+00:00,18.6395,26.0,3.2599385,Jaipur
2025-03-06 20:00:00+00:00,18.5895,26.0,3.2599385,Jaipur
2025-03-06 21:00:00+00:00,18.4895,27.0,3.96,Jaipur
2025-03-06 22:00:00+00:00,18.4895,28.0,3.6179552,Jaipur
2025-03-06 23:00:00+00:00,18.2895,29.0,3.319036,Jaipur
2025-03-07 00:00:00+00:00,16.0895,39.0,3.7064266,Jaipur
2025-03-07 01:00:00+00:00,16.0895,38.0,3.5455887,Jaipur
2025-03-07 02:00:00+00:00,16.5395,39.0,3.0758414,Jaipur
2025-03-07 03:00:00+00:00,19.4895,33.0,2.5959969,Jaipur
2025-03-07 04:00:00+00:00,24.0395,25.0,4.1046314,Jaipur
2025-03-07 05:00:00+00:00,27.5395,19.0,6.6087217,Jaipur
2025-03-07 06:00:00+00:00,30.5395,14.0,8.587338,Jaipur
2025-03-07 07:00:00+00:00,31.7895,12.0,9.693296,Jaipur
2025-03-07 08:00:00+00:00,32.5895,11.0,11.384199,Jaipur
2025-03-07 09:00:00+00:00,32.9395,11.0,14.241629,Jaipur
2025-03-07 10:00:00+00:00,32.5895,12.0,15.379206,Jaipur
2025-03-07 11:00:00+00:00,32.1395,13.0,13.896187,Jaipur
2025-03-07 12:00:00+00:00,31.189499,12.0,13.207634,Jaipur
2025-03-07 13:00:00+00:00,28.5395,14.0,6.297428,Jaipur
2025-03-07 14:00:00+00:00,25.7895,19.0,3.5455887,Jaipur
2025-03-07 15:00:00+00:00,25.2395,25.0,3.319036,Jaipur
2025-03-07 16:00:00+00:00,23.7895,22.0,5.6920996,Jaipur
2025-03-07 17:00:00+00:00,22.1395,26.0,4.3498964,Jaipur
2025-03-07 18:00:00+00:00,21.0895,29.0,4.39436,Jaipur
2025-03-07 19:00:00+00:00,20.4895,32.0,3.563818,Jaipur
2025-03-07 20:00:00+00:00,19.7895,37.0,3.319036,Jaipur
2025-03-07 21:00:00+00:00,18.689499,39.0,4.0249224,Jaipur
2025-03-07 22:00:00+00:00,18.3895,40.0,4.802999,Jaipur
2025-03-07 23:00:00+00:00,16.9895,43.0,4.452954,Jaipur
2025-02-04 00:00:00+00:00,15.111,77.0,3.319036,Lucknow
2025-02-04 01:00:00+00:00,14.911,77.0,3.219938,Lucknow
2025-02-04 02:00:00+00:00,15.211,76.0,2.6208394,Lucknow
2025-02-04 03:00:00+00:00,16.361,73.0,1.08,Lucknow
2025-02-04 04:00:00+00:00,18.511,65.0,3.4152596,Lucknow
2025-02-04 05:00:00+00:00,21.311,54.0,4.510787,Lucknow
2025-02-04 06:00:00+00:00,23.811,46.0,5.0528407,Lucknow
2025-02-04 07:00:00+00:00,25.461,39.0,6.162207,Lucknow
2025-02-04 08:00:00+00:00,26.511,36.0,6.725354,Lucknow
2025-02-04 09:00:00+00:00,26.911001,36.0,7.4128532,Lucknow
2025-02-04 10:00:00+00:00,26.961,37.0,7.2,Lucknow
2025-02-04 11:00:00+00:00,26.311,38.0,7.386582,Lucknow
2025-02-04 12:00:00+00:00,25.111,46.0,4.8433046,Lucknow
2025-02-04 13:00:00+00:00,22.861,56.0,4.2136917,Lucknow
2025-02-04 14:00:00+00:00,21.611,61.0,3.6,Lucknow
2025-02-04 15:00:00+00:00,20.361,65.0,4.6938257,Lucknow
2025-02-04 16:00:00+00:00,19.911001,66.0,4.0249224,Lucknow
2025-02-04 17:00:00+00:00,19.761,68.0,3.4152596,Lucknow
2025-02-04 18:00:00+00:00,19.011,72.0,3.2599385,Lucknow
2025-02-04 19:00:00+00:00,18.311,73.0,3.6,Lucknow
2025-02-04 20:00:00+00:00,17.811,76.0,3.319036,Lucknow
2025-02-04 21:00:00+00:00,17.411001,78.0,4.1046314,Lucknow
2025-02-04 22:00:00+00:00,17.411001,76.0,5.8048253,Lucknow
2025-02-04 23:00:00+00:00,17.311,76.0,4.510787,Lucknow
2025-02-05 00:00:00+00:00,16.861,79.0,4.6800003,Lucknow
2025-02-05 01:00:00+00:00,16.611,80.0,5.0142193,Lucknow
2025-02-05 02:00:00+00:00,16.661001,80.0,5.0142193,Lucknow
2025-02-05 03:00:00+00:00,18.011,75.0,5.3517847,Lucknow
2025-02-05 04:00:00+00:00,20.511,64.0,8.825508,Lucknow
2025-02-05 05:00:00+00:00,22.761,57.0,7.7879906,Lucknow
2025-02-05 06:00:00+00:00,24.361,50.0,9.387651,Lucknow
2025-02-05 07:00:00+00:00,25.511,47.0,11.183201,Lucknow
2025-02-05 08:00:00+00:00,26.061,46.0,11.4862,Lucknow
2025-02-05 09:00:00+00:00,26.211,46.0,12.181624,Lucknow
2025-02-05 10:00:00+00:00,25.961,47.0,11.885453,Lucknow
2025-02-05 11:00:00+00:00,25.261,49.0,11.090103,Lucknow
2025-02-05 12:00:00+00:00,24.261,54.0,7.968939,Lucknow
2025-02-05 13:00:00+00:00,22.161001,63.0,6.28713,Lucknow
2025-02-05 14:00:00+00:00,20.611,68.0,6.725354,Lucknow
2025-02-05 15:00:00+00:00,19.361,70.0,7.289444,Lucknow
2025-02-05 16:00:00+00:00,18.111,68.0,7.8954163,Lucknow
2025-02-05 17:00:00+00:00,16.761,65.0,7.8954163,Lucknow
2025-02-05 18:00:00+00:00,16.011,57.0,8.654986,Lucknow
2025-02-05 19:00:00+00:00,15.011001,56.0,8.427383,Lucknow
2025-02-05 20:00:00+00:00,14.111,59.0,8.089993,Lucknow
2025-02-05 21:00:00+00:00,13.411,62.0,7.968939,Lucknow
2025-02-05 22:00:00+00:00,12.811001,64.0,7.968939,Lucknow
2025-02-05 23:00:00+00:00,12.261001,66.0,8.311245,Lucknow
2025-02-06 00:00:00+00:00,12.161,72.0,7.8625183,Lucknow
2025-02-06 01:00:00+00:00,11.711,74.0,7.8625183,Lucknow
2025-02-06 02:00:00+00:00,11.611,74.0,7.8625183,Lucknow
2025-02-06 03:00:00+00:00,13.361,66.0,8.766573,Lucknow
2025-02-06 04:00:00+00:00,16.211,56.0,9.83268,Lucknow
2025-02-06 05:00:00+00:00,18.961,47.0,10.495713,Lucknow
2025-02-06 06:00:00+00:00,22.211,30.0,12.10157,Lucknow
2025-02-06 07:00:00+00:00,23.811,24.0,12.522619,Lucknow
2025-02-06 08:00:00+00:00,24.861,21.0,12.57426,Lucknow
2025-02-06 09:00:00+00:00,25.361,19.0,12.849528,Lucknow
2025-02-06 10:00:00+00:00,25.161001,20.0,12.849528,Lucknow
2025-02-06 11:00:00+00:00,24.311,23.0,11.720751,Lucknow
2025-02-06 12:00:00+00:00,23.161001,31.0,7.9526596,Lucknow
2025-02-06 13:00:00+00:00,20.711,41.0,6.162207,Lucknow
2025-02-06 14:00:00+00:00,19.011,47.0,5.506941,Lucknow
2025-02-06 15:00:00+00:00,17.811,51.0,5.1544156,Lucknow
2025-02-06 16:00:00+00:00,16.611,56.0,5.8603754,Lucknow
2025-02-06 17:00:00+00:00,15.661,59.0,6.0347,Lucknow
2025-02-06 18:00:00+00:00,14.961,64.0,6.725354,Lucknow
2025-02-06 19:00:00+00:00,14.261001,66.0,6.9527545,Lucknow
2025-02-06 20:00:00+00:00,13.611,67.0,6.9527545,Lucknow
2025-02-06 21:00:00+00:00,12.961,67.0,7.072878,Lucknow
2025-02-06 22:00:00+00:00,12.311001,68.0,6.924738,Lucknow
2025-02-06 23:00:00+00:00,11.661,70.0,7.2359104,Lucknow
2025-02-07 00:00:00+00:00,11.311001,76.0,7.928178,Lucknow
2025-02-07 01:00:00+00:00,10.861,77.0,7.9526596,Lucknow
2025-02-07 02:00:00+00:00,10.761001,78.0,7.5685663,Lucknow
2025-02-07 03:00:00+00:00,12.611,70.0,8.64,Lucknow
2025-02-07 04:00:00+00:00,15.411,60.0,9.746631,Lucknow
2025-02-07 05:00:00+00:00,18.011,51.0,11.440978,Lucknow
2025-02-07 06:00:00+00:00,19.861,42.0,10.823973,Lucknow
2025-02-07 07:00:00+00:00,21.661001,37.0,12.620554,Lucknow
2025-02-07 08:00:00+00:00,22.761,33.0,12.964998,Lucknow
2025-02-07 09:00:00+00:00,23.411001,31.0,12.605142,Lucknow
2025-02-07 10:00:00+00:00,23.461,30.0,12.599999,Lucknow
2025-02-07 11:00:00+00:00,22.861,30.0,11.5199995,Lucknow
2025-02-07 12:00:00+00:00,22.411001,33.0,8.669949,Lucknow
2025-02-07 13:00:00+00:00,20.011,42.0,6.162207,Lucknow
2025-02-07 14:00:00+00:00,18.311,48.0,5.8048253,Lucknow
2025-02-07 15:00:00+00:00,16.961,53.0,5.771239,Lucknow
2025-02-07 16:00:00+00:00,16.111,55.0,5.7599998,Lucknow
2025-02-07 17:00:00+00:00,15.311001,58.0,5.771239,Lucknow
2025-02-07 18:00:00+00:00,14.461,64.0,6.130579,Lucknow
2025-02-07 19:00:00+00:00,13.761001,64.0,6.130579,Lucknow
2025-02-07 20:00:00+00:00,13.161,66.0,6.130579,Lucknow
2025-02-07 21:00:00+00:00,12.561001,67.0,6.12,Lucknow
2025-02-07 22:00:00+00:00,12.061001,68.0,6.489992,Lucknow
2025-02-07 23:00:00+00:00,11.611,70.0,6.489992,Lucknow
2025-02-08 00:00:00+00:00,11.311001,73.0,6.4799995,Lucknow
2025-02-08 01:00:00+00:00,10.911,75.0,6.130579,Lucknow
2025-02-08 02:00:00+00:00,10.911,75.0,6.519877,Lucknow
2025-02-08 03:00:00+00:00,12.661,70.0,6.130579,Lucknow
2025-02-08 04:00:00+00:00,15.461,61.0,6.87779,Lucknow
2025-02-08 05:00:00+00:00,18.061,55.0,6.87779,Lucknow
2025-02-08 06:00:00+00:00,21.011,44.0,6.130579,Lucknow
2025-02-08 07:00:00+00:00,22.911001,39.0,6.519877,Lucknow
2025-02-08 08:00:00+00:00,24.361,34.0,7.2359104,Lucknow
2025-02-08 09:00:00+00:00,25.161001,31.0,7.9526596,Lucknow
2025-02-08 10:00:00+00:00,25.461,29.0,8.669949,Lucknow
2025-02-08 11:00:00+00:00,25.061,30.0,7.928178,Lucknow
2025-02-08 12:00:00+00:00,23.961,35.0,5.4477882,Lucknow
2025-02-08 13:00:00+00:00,21.811,44.0,3.6179552,Lucknow
2025-02-08 14:00:00+00:00,20.361,49.0,3.2399998,Lucknow
2025-02-08 15:00:00+00:00,19.311,53.0,2.968636,Lucknow
2025-02-08 16:00:00+00:00,18.161001,56.0,3.2599385,Lucknow
2025-02-08 17:00:00+00:00,17.161001,59.0,2.9024127,Lucknow
2025-02-08 18:00:00+00:00,14.461,76.0,3.6,Lucknow
2025-02-08 19:00:00+00:00,13.661,79.0,3.671294,Lucknow
2025-02-08 20:00:00+00:00,13.111,81.0,4.0249224,Lucknow
2025-02-08 21:00:00+00:00,12.761001,81.0,4.1046314,Lucknow
2025-02-08 22:00:00+00:00,12.411,81.0,4.2136917,Lucknow
2025-02-08 23:00:00+00:00,12.011001,82.0,4.1046314,Lucknow
2025-02-09 00:00:00+00:00,11.811001,84.0,3.96,Lucknow
2025-02-09 01:00:00+00:00,11.361,85.0,3.6179552,Lucknow
2025-02-09 02:00:00+00:00,11.411,85.0,3.6,Lucknow
2025-02-09 03:00:00+00:00,13.511001,77.0,4.0249224,Lucknow
2025-02-09 04:00:00+00:00,16.861,66.0,4.3498964,Lucknow
2025-02-09 05:00:00+00:00,20.061,58.0,3.8939953,Lucknow
2025-02-09 06:00:00+00:00,23.911001,41.0,5.3517847,Lucknow
2025-02-09 07:00:00+00:00,25.661001,34.0,7.628263,Lucknow
2025-02-09 08:00:00+00:00,27.011,29.0,8.766573,Lucknow
2025-02-09 09:00:00+00:00,27.661001,26.0,8.766573,Lucknow
2025-02-09 10:00:00+00:00,27.711,25.0,8.654986,Lucknow
2025-02-09 11:00:00+00:00,27.211,25.0,8.209263,Lucknow
2025-02-09 12:00:00+00:00,26.011,32.0,4.802999,Lucknow
2025-02-09 13:00:00+00:00,23.361,42.0,4.0249224,Lucknow
2025-02-09 14:00:00+00:00,21.561,48.0,4.0249224,Lucknow
2025-02-09 15:00:00+00:00,20.211,51.0,3.7585104,Lucknow
2025-02-09 16:00:00+00:00,19.111,55.0,3.219938,Lucknow
2025-02-09 17:00:00+00:00,18.061,58.0,3.5455887,Lucknow
2025-02-09 18:00:00+00:00,15.211,74.0,4.0249224,Lucknow
2025-02-09 19:00:00+00:00,14.261001,76.0,3.7064266,Lucknow
2025-02-09 20:00:00+00:00,13.911,77.0,3.6,Lucknow
2025-02-09 21:00:00+00:00,13.711,76.0,3.6,Lucknow
2025-02-09 22:00:00+00:00,13.311001,77.0,3.6,Lucknow
2025-02-09 23:00:00+00:00,12.561001,80.0,3.8939953,Lucknow
2025-02-10 00:00:00+00:00,12.911,81.0,2.8116899,Lucknow
2025-02-10 01:00:00+00:00,12.711,81.0,1.8,Lucknow
2025-02-10 02:00:00+00:00,12.761001,83.0,1.08,Lucknow
2025-02-10 03:00:00+00:00,15.011001,76.0,1.1384199,Lucknow
2025-02-10 04:00:00+00:00,19.561,59.0,0.71999997,Lucknow
2025-02-10 05:00:00+00:00,22.861,51.0,1.5273507,Lucknow
2025-02-10 06:00:00+00:00,25.311,38.0,3.0758414,Lucknow
2025-02-10 07:00:00+00:00,26.861,34.0,6.162207,Lucknow
2025-02-10 08:00:00+00:00,27.861,31.0,7.5599995,Lucknow
2025-02-10 09:00:00+00:00,28.361,29.0,8.311245,Lucknow
2025-02-10 10:00:00+00:00,28.311,28.0,8.4042845,Lucknow
2025-02-10 11:00:00+00:00,27.661001,29.0,7.69592,Lucknow
2025-02-10 12:00:00+00:00,26.211,34.0,4.73506,Lucknow
2025-02-10 13:00:00+00:00,23.611,45.0,3.671294,Lucknow
2025-02-10 14:00:00+00:00,21.861,51.0,3.5455887,Lucknow
2025-02-10 15:00:00+00:00,20.411001,55.0,3.8939953,Lucknow
2025-02-10 16:00:00+00:00,19.161001,59.0,3.4152596,Lucknow
2025-02-10 17:00:00+00:00,17.761,65.0,3.96,Lucknow
2025-02-10 18:00:00+00:00,16.711,73.0,3.9763298,Lucknow
2025-02-10 19:00:00+00:00,16.261,74.0,3.671294,Lucknow
2025-02-10 20:00:00+00:00,15.611,77.0,4.1046314,Lucknow
2025-02-10 21:00:00+00:00,15.011001,80.0,4.2136917,Lucknow
2025-02-10 22:00:00+00:00,14.511001,81.0,4.2136917,Lucknow
2025-02-10 23:00:00+00:00,14.111,82.0,4.452954,Lucknow
2025-02-11 00:00:00+00:00,13.861,84.0,4.0249224,Lucknow
2025-02-11 01:00:00+00:00,13.461,85.0,4.1046314,Lucknow
2025-02-11 02:00:00+00:00,13.461,85.0,4.1046314,Lucknow
2025-02-11 03:00:00+00:00,15.911,75.0,5.2416787,Lucknow
2025-02-11 04:00:00+00:00,19.461,61.0,5.937272,Lucknow
2025-02-11 05:00:00+00:00,22.661001,52.0,6.9899354,Lucknow
2025-02-11 06:00:00+00:00,25.761,39.0,7.7879906,Lucknow
2025-02-11 07:00:00+00:00,27.561,30.0,9.885262,Lucknow
2025-02-11 08:00:00+00:00,28.811,27.0,10.1887,Lucknow
2025-02-11 09:00:00+00:00,29.511,25.0,10.990322,Lucknow
2025-02-11 10:00:00+00:00,29.511,24.0,10.685391,Lucknow
2025-02-11 11:00:00+00:00,28.861,25.0,9.387651,Lucknow
2025-02-11 12:00:00+00:00,27.061,33.0,5.6920996,Lucknow
2025-02-11 13:00:00+00:00,24.161001,45.0,4.73506,Lucknow
2025-02-11 14:00:00+00:00,22.311,51.0,4.68,Lucknow
2025-02-11 15:00:00+00:00,21.111,55.0,4.32,Lucknow
2025-02-11 16:00:00+00:00,20.361,56.0,3.96,Lucknow
2025-02-11 17:00:00+00:00,19.461,59.0,4.0249224,Lucknow
2025-02-11 18:00:00+00:00,18.111,69.0,3.671294,Lucknow
2025-02-11 19:00:00+00:00,17.411001,70.0,3.7064266,Lucknow
2025-02-11 20:00:00+00:00,16.761,73.0,4.1046314,Lucknow
2025-02-11 21:00:00+00:00,16.011,75.0,3.8268526,Lucknow
2025-02-11 22:00:00+00:00,15.511001,75.0,3.7585104,Lucknow
2025-02-11 23:00:00+00:00,15.011001,76.0,4.0249224,Lucknow
2025-02-12 00:00:00+00:00,15.211,77.0,4.0249224,Lucknow
2025-02-12 01:00:00+00:00,14.811001,77.0,4.1046314,Lucknow
2025-02-12 02:00:00+00:00,14.861,77.0,3.8773184,Lucknow
2025-02-12 03:00:00+00:00,17.211,70.0,3.7064266,Lucknow
2025-02-12 04:00:00+00:00,20.811,57.0,5.495161,Lucknow
2025-02-12 05:00:00+00:00,23.911001,49.0,5.95906,Lucknow
2025-02-12 06:00:00+00:00,26.361,40.0,6.151683,Lucknow
2025-02-12 07:00:00+00:00,28.111,28.0,9.227524,Lucknow
2025-02-12 08:00:00+00:00,28.711,25.0,10.182337,Lucknow
2025-02-12 09:00:00+00:00,28.811,26.0,11.542478,Lucknow
2025-02-12 10:00:00+00:00,28.361,28.0,12.682018,Lucknow
2025-02-12 11:00:00+00:00,27.461,32.0,11.720751,Lucknow
2025-02-12 12:00:00+00:00,26.311,41.0,8.350138,Lucknow
2025-02-12 13:00:00+00:00,23.761,52.0,6.5693827,Lucknow
2025-02-12 14:00:00+00:00,22.161001,58.0,6.638072,Lucknow
2025-02-12 15:00:00+00:00,20.861,61.0,7.771331,Lucknow
2025-02-12 16:00:00+00:00,19.561,62.0,8.557102,Lucknow
2025-02-12 17:00:00+00:00,18.411001,61.0,8.311245,Lucknow
2025-02-12 18:00:00+00:00,17.461,60.0,8.311245,Lucknow
2025-02-12 19:00:00+00:00,16.511,61.0,8.427383,Lucknow
2025-02-12 20:00:00+00:00,15.761001,61.0,9.360001,Lucknow
2025-02-12 21:00:00+00:00,15.061001,60.0,8.891344,Lucknow
2025-02-12 22:00:00+00:00,14.361,60.0,8.905908,Lucknow
2025-02-12 23:00:00+00:00,13.861,60.0,9.178235,Lucknow
2025-02-13 00:00:00+00:00,13.511001,67.0,8.707238,Lucknow
2025-02-13 01:00:00+00:00,13.061001,67.0,8.669949,Lucknow
2025-02-13 02:00:00+00:00,13.161,65.0,8.669949,Lucknow
2025-02-13 03:00:00+00:00,14.961,59.0,9.422101,Lucknow
2025-02-13 04:00:00+00:00,17.761,50.0,10.239453,Lucknow
2025-02-13 05:00:00+00:00,20.411001,42.0,12.413476,Lucknow
2025-02-13 06:00:00+00:00,22.861,33.0,14.578888,Lucknow
2025-02-13 07:00:00+00:00,24.111,29.0,14.345898,Lucknow
2025-02-13 08:00:00+00:00,24.961,28.0,13.556282,Lucknow
2025-02-13 09:00:00+00:00,25.411001,27.0,13.556282,Lucknow
2025-02-13 10:00:00+00:00,25.311,27.0,12.682018,Lucknow
2025-02-13 11:00:00+00:00,24.711,29.0,11.609651,Lucknow
2025-02-13 12:00:00+00:00,24.111,32.0,9.114471,Lucknow
2025-02-13 13:00:00+00:00,21.711,41.0,6.130579,Lucknow
2025-02-13 14:00:00+00:00,19.961,47.0,5.7599998,Lucknow
2025-02-13 15:00:00+00:00,18.561,51.0,6.130579,Lucknow
2025-02-13 16:00:00+00:00,17.561,54.0,6.489992,Lucknow
2025-02-13 17:00:00+00:00,16.661001,56.0,7.2,Lucknow
2025-02-13 18:00:00+00:00,15.861,62.0,7.5685663,Lucknow
2025-02-13 19:00:00+00:00,15.111,63.0,7.5942073,Lucknow
2025-02-13 20:00:00+00:00,14.561001,65.0,7.928178,Lucknow
2025-02-13 21:00:00+00:00,14.061001,67.0,7.92,Lucknow
2025-02-13 22:00:00+00:00,13.611,68.0,8.28,Lucknow
2025-02-13 23:00:00+00:00,13.211,68.0,8.28,Lucknow
2025-02-14 00:00:00+00:00,12.761001,70.0,8.4042845,Lucknow
2025-02-14 01:00:00+00:00,12.411,70.0,8.350138,Lucknow
2025-02-14 02:00:00+00:00,12.511001,68.0,8.350138,Lucknow
2025-02-14 03:00:00+00:00,14.561001,61.0,9.3669195,Lucknow
2025-02-14 04:00:00+00:00,17.611,52.0,10.464798,Lucknow
2025-02-14 05:00:00+00:00,20.511,43.0,11.304229,Lucknow
2025-02-14 06:00:00+00:00,23.261,33.0,13.276144,Lucknow
2025-02-14 07:00:00+00:00,24.811,28.0,15.281989,Lucknow
2025-02-14 08:00:00+00:00,25.911001,25.0,15.281989,Lucknow
2025-02-14 09:00:00+00:00,26.561,23.0,14.408997,Lucknow
2025-02-14 10:00:00+00:00,26.811,23.0,12.849528,Lucknow
2025-02-14 11:00:00+00:00,26.311,25.0,10.661107,Lucknow
2025-02-14 12:00:00+00:00,25.311,31.0,7.928178,Lucknow
2025-02-14 13:00:00+00:00,22.761,40.0,5.4833565,Lucknow
2025-02-14 14:00:00+00:00,21.111,47.0,5.4833565,Lucknow
2025-02-14 15:00:00+00:00,19.911001,51.0,5.815978,Lucknow
2025-02-14 16:00:00+00:00,18.811,55.0,6.28713,Lucknow
2025-02-14 17:00:00+00:00,17.961,58.0,6.489992,Lucknow
2025-02-14 18:00:00+00:00,16.611,66.0,6.87779,Lucknow
2025-02-14 19:00:00+00:00,15.961,68.0,6.2145634,Lucknow
2025-02-14 20:00:00+00:00,15.461,70.0,5.2416787,Lucknow
2025-02-14 21:00:00+00:00,14.911,72.0,4.73506,Lucknow
2025-02-14 22:00:00+00:00,14.461,73.0,4.3349743,Lucknow
2025-02-14 23:00:00+00:00,14.061001,74.0,3.9763298,Lucknow
2025-02-15 00:00:00+00:00,13.361,79.0,3.7585104,Lucknow
2025-02-15 01:00:00+00:00,13.011001,80.0,4.1046314,Lucknow
2025-02-15 02:00:00+00:00,13.161,79.0,3.5455887,Lucknow
2025-02-15 03:00:00+00:00,15.461,70.0,3.319036,Lucknow
2025-02-15 04:00:00+00:00,18.661001,60.0,1.835647,Lucknow
2025-02-15 05:00:00+00:00,21.461,49.0,2.0364676,Lucknow
2025-02-15 06:00:00+00:00,24.011,36.0,1.2979984,Lucknow
2025-02-15 07:00:00+00:00,25.711,33.0,0.35999998,Lucknow
2025-02-15 08:00:00+00:00,27.011,30.0,1.0182338,Lucknow
2025-02-15 09:00:00+00:00,27.661001,28.0,2.2768397,Lucknow
2025-02-15 10:00:00+00:00,27.761,29.0,2.0991426,Lucknow
2025-02-15 11:00:00+00:00,27.361,30.0,2.8799999,Lucknow
2025-02-15 12:00:00+00:00,26.711,35.0,3.096837,Lucknow
2025-02-15 13:00:00+00:00,23.961,44.0,4.8433046,Lucknow
2025-02-15 14:00:00+00:00,22.011,51.0,4.8433046,Lucknow
2025-02-15 15:00:00+00:00,20.711,54.0,4.39436,Lucknow
2025-02-15 16:00:00+00:00,19.561,58.0,4.2136917,Lucknow
2025-02-15 17:00:00+00:00,18.711,64.0,3.7585104,Lucknow
2025-02-15 18:00:00+00:00,18.161001,68.0,2.6208394,Lucknow
2025-02-15 19:00:00+00:00,17.611,70.0,2.5455842,Lucknow
2025-02-15 20:00:00+00:00,17.111,72.0,2.9024127,Lucknow
2025-02-15 21:00:00+00:00,16.411001,75.0,2.8116899,Lucknow
2025-02-15 22:00:00+00:00,15.711,78.0,3.219938,Lucknow
2025-02-15 23:00:00+00:00,14.861,81.0,3.319036,Lucknow
2025-02-16 00:00:00+00:00,13.761001,90.0,3.096837,Lucknow
2025-02-16 01:00:00+00:00,13.061001,92.0,3.219938,Lucknow
2025-02-16 02:00:00+00:00,13.211,92.0,2.52,Lucknow
2025-02-16 03:00:00+00:00,15.811001,81.0,1.2979984,Lucknow
2025-02-16 04:00:00+00:00,19.611,68.0,1.835647,Lucknow
2025-02-16 05:00:00+00:00,23.311,55.0,1.835647,Lucknow
2025-02-16 06:00:00+00:00,25.911001,38.0,1.4399999,Lucknow
2025-02-16 07:00:00+00:00,27.411001,32.0,1.484318,Lucknow
2025-02-16 08:00:00+00:00,28.461,29.0,3.0547013,Lucknow
2025-02-16 09:00:00+00:00,28.911001,27.0,4.3349743,Lucknow
2025-02-16 10:00:00+00:00,28.861,27.0,4.3349743,Lucknow
2025-02-16 11:00:00+00:00,28.361,28.0,4.8433046,Lucknow
2025-02-16 12:00:00+00:00,27.211,37.0,2.0364676,Lucknow
2025-02-16 13:00:00+00:00,25.311,44.0,2.9024127,Lucknow
2025-02-16 14:00:00+00:00,23.761,49.0,3.219938,Lucknow
2025-02-16 15:00:00+00:00,22.261,54.0,3.5455887,Lucknow
2025-02-16 16:00:00+00:00,20.661001,60.0,3.7064266,Lucknow
2025-02-16 17:00:00+00:00,19.861,63.0,3.319036,Lucknow
2025-02-16 18:00:00+00:00,18.461,74.0,3.6,Lucknow
2025-02-16 19:00:00+00:00,17.961,76.0,3.219938,Lucknow
2025-02-16 20:00:00+00:00,17.561,79.0,3.7585104,Lucknow
2025-02-16 21:00:00+00:00,17.311,80.0,2.968636,Lucknow
2025-02-16 22:00:00+00:00,17.061,80.0,2.4149535,Lucknow
2025-02-16 23:00:00+00:00,16.611,81.0,1.08,Lucknow
2025-02-17 00:00:00+00:00,16.261,84.0,1.8,Lucknow
2025-02-17 01:00:00+00:00,15.911,85.0,1.8,Lucknow
2025-02-17 02:00:00+00:00,16.111,85.0,1.2979984,Lucknow
2025-02-17 03:00:00+00:00,18.411001,76.0,1.1384199,Lucknow
2025-02-17 04:00:00+00:00,21.511,63.0,3.319036,Lucknow
2025-02-17 05:00:00+00:00,24.261,54.0,3.5455887,Lucknow
2025-02-17 06:00:00+00:00,25.961,46.0,2.5959969,Lucknow
2025-02-17 07:00:00+00:00,27.111,41.0,2.0364676,Lucknow
2025-02-17 08:00:00+00:00,27.761,38.0,1.08,Lucknow
2025-02-17 09:00:00+00:00,28.111,37.0,2.8116899,Lucknow
2025-02-17 10:00:00+00:00,28.061,37.0,3.319036,Lucknow
2025-02-17 11:00:00+00:00,27.461,38.0,4.198285,Lucknow
2025-02-17 12:00:00+00:00,26.811,43.0,3.396233,Lucknow
2025-02-17 13:00:00+00:00,24.761,52.0,2.5959969,Lucknow
2025-02-17 14:00:00+00:00,23.561,56.0,2.3051248,Lucknow
2025-02-17 15:00:00+00:00,22.261,59.0,2.5959969,Lucknow
2025-02-17 16:00:00+00:00,21.261,61.0,3.319036,Lucknow
2025-02-17 17:00:00+00:00,20.661001,63.0,3.7064266,Lucknow
2025-02-17 18:00:00+00:00,19.461,70.0,4.2136917,Lucknow
2025-02-17 19:00:00+00:00,19.011,71.0,4.452954,Lucknow
2025-02-17 20:00:00+00:00,18.461,73.0,5.6920996,Lucknow
2025-02-17 21:00:00+00:00,17.311,77.0,4.379589,Lucknow
2025-02-17 22:00:00+00:00,16.011,83.0,3.96,Lucknow
2025-02-17 23:00:00+00:00,15.661,84.0,3.319036,Lucknow
2025-02-18 00:00:00+00:00,15.711,84.0,2.8799999,Lucknow
2025-02-18 01:00:00+00:00,15.411,84.0,2.16,Lucknow
2025-02-18 02:00:00+00:00,15.561001,84.0,0.8049845,Lucknow
2025-02-18 03:00:00+00:00,18.061,76.0,1.2979984,Lucknow
2025-02-18 04:00:00+00:00,21.511,64.0,2.8799999,Lucknow
2025-02-18 05:00:00+00:00,24.711,54.0,3.6179552,Lucknow
2025-02-18 06:00:00+00:00,26.811,43.0,4.3349743,Lucknow
2025-02-18 07:00:00+00:00,27.861,38.0,6.379216,Lucknow
2025-02-18 08:00:00+00:00,27.911001,37.0,7.928178,Lucknow
2025-02-18 09:00:00+00:00,27.261,38.0,8.473393,Lucknow
2025-02-18 10:00:00+00:00,27.411001,37.0,9.178235,Lucknow
2025-02-18 11:00:00+00:00,26.961,36.0,8.825508,Lucknow
2025-02-18 12:00:00+00:00,26.161001,44.0,6.489992,Lucknow
2025-02-18 13:00:00+00:00,23.761,56.0,5.0528407,Lucknow
2025-02-18 14:00:00+00:00,22.061,64.0,4.452954,Lucknow
2025-02-18 15:00:00+00:00,20.561,71.0,4.452954,Lucknow
2025-02-18 16:00:00+00:00,19.561,76.0,4.452954,Lucknow
2025-02-18 17:00:00+00:00,18.711,79.0,4.3498964,Lucknow
2025-02-18 18:00:00+00:00,17.661001,85.0,4.2136917,Lucknow
2025-02-18 19:00:00+00:00,17.011,87.0,4.3498964,Lucknow
2025-02-18 20:00:00+00:00,16.461,88.0,4.510787,Lucknow
2025-02-18 21:00:00+00:00,15.911,89.0,4.39436,Lucknow
2025-02-18 22:00:00+00:00,15.361,90.0,4.072935,Lucknow
2025-02-18 23:00:00+00:00,14.961,90.0,3.8268526,Lucknow
2025-02-19 00:00:00+00:00,14.411,91.0,3.7585104,Lucknow
2025-02-19 01:00:00+00:00,14.011001,90.0,3.671294,Lucknow
2025-02-19 02:00:00+00:00,14.161,89.0,3.2399998,Lucknow
2025-02-19 03:00:00+00:00,16.911001,77.0,3.319036,Lucknow
2025-02-19 04:00:00+00:00,20.361,64.0,2.9024127,Lucknow
2025-02-19 05:00:00+00:00,23.011,54.0,3.5455887,Lucknow
2025-02-19 06:00:00+00:00,25.511,44.0,2.2768397,Lucknow
2025-02-19 07:00:00+00:00,27.061,38.0,4.2136917,Lucknow
2025-02-19 08:00:00+00:00,27.961,35.0,5.4477882,Lucknow
2025-02-19 09:00:00+00:00,28.261,32.0,5.937272,Lucknow
2025-02-19 10:00:00+00:00,28.161001,30.0,6.28713,Lucknow
2025-02-19 11:00:00+00:00,27.611,31.0,6.28713,Lucknow
2025-02-19 12:00:00+00:00,26.761,36.0,3.319036,Lucknow
2025-02-19 13:00:00+00:00,25.011,44.0,2.6208394,Lucknow
2025-02-19 14:00:00+00:00,23.861,47.0,1.9386592,Lucknow
2025-02-19 15:00:00+00:00,22.811,48.0,1.8,Lucknow
2025-02-19 16:00:00+00:00,21.811,50.0,2.0364676,Lucknow
2025-02-19 17:00:00+00:00,20.611,54.0,3.0758414,Lucknow
2025-02-19 18:00:00+00:00,18.261,68.0,3.2399998,Lucknow
2025-02-19 19:00:00+00:00,17.711,69.0,4.0249224,Lucknow
2025-02-19 20:00:00+00:00,17.161001,70.0,5.8603754,Lucknow
2025-02-19 21:00:00+00:00,16.011,75.0,4.5820518,Lucknow
2025-02-19 22:00:00+00:00,15.111,79.0,4.39436,Lucknow
2025-02-19 23:00:00+00:00,14.561001,81.0,4.5536795,Lucknow
2025-02-20 00:00:00+00:00,15.511001,79.0,4.3349743,Lucknow
2025-02-20 01:00:00+00:00,15.111,80.0,4.379589,Lucknow
2025-02-20 02:00:00+00:00,15.361,81.0,4.1046314,Lucknow
2025-02-20 03:00:00+00:00,18.111,72.0,5.5887027,Lucknow
2025-02-20 04:00:00+00:00,21.561,61.0,5.4833565,Lucknow
2025-02-20 05:00:00+00:00,24.661001,53.0,5.815978,Lucknow
2025-02-20 06:00:00+00:00,26.261,44.0,6.9899354,Lucknow
2025-02-20 07:00:00+00:00,27.561,39.0,7.968939,Lucknow
2025-02-20 08:00:00+00:00,28.211,36.0,5.6920996,Lucknow
2025-02-20 09:00:00+00:00,28.311,34.0,3.396233,Lucknow
2025-02-20 10:00:00+00:00,28.111,34.0,4.6938257,Lucknow
2025-02-20 11:00:00+00:00,27.561,35.0,5.0142193,Lucknow
2025-02-20 12:00:00+00:00,25.661001,49.0,4.072935,Lucknow
2025-02-20 13:00:00+00:00,23.361,60.0,4.1046314,Lucknow
2025-02-20 14:00:00+00:00,21.761,66.0,4.39436,Lucknow
2025-02-20 15:00:00+00:00,20.561,69.0,4.39436,Lucknow
2025-02-20 16:00:00+00:00,19.711,70.0,4.2136917,Lucknow
2025-02-20 17:00:00+00:00,19.011,71.0,4.5536795,Lucknow
2025-02-20 18:00:00+00:00,18.211,76.0,4.510787,Lucknow
2025-02-20 19:00:00+00:00,17.511,78.0,4.5820518,Lucknow
2025-02-20 20:00:00+00:00,16.811,81.0,4.6938257,Lucknow
2025-02-20 21:00:00+00:00,16.361,82.0,4.6938257,Lucknow
2025-02-20 22:00:00+00:00,16.061,84.0,4.8433046,Lucknow
2025-02-20 23:00:00+00:00,15.711,86.0,5.0142193,Lucknow
2025-02-21 00:00:00+00:00,15.711,89.0,6.162207,Lucknow
2025-02-21 01:00:00+00:00,15.811001,89.0,4.5536795,Lucknow
2025-02-21 02:00:00+00:00,16.361,86.0,4.6800003,Lucknow
2025-02-21 03:00:00+00:00,18.261,75.0,3.8268526,Lucknow
2025-02-21 04:00:00+00:00,21.011,60.0,3.8268526,Lucknow
2025-02-21 05:00:00+00:00,23.461,54.0,2.6208394,Lucknow
2025-02-21 06:00:00+00:00,26.361,41.0,2.9024127,Lucknow
2025-02-21 07:00:00+00:00,27.561,40.0,2.5959969,Lucknow
2025-02-21 08:00:00+00:00,28.661001,39.0,2.5455842,Lucknow
2025-02-21 09:00:00+00:00,29.061,38.0,2.5455842,Lucknow
2025-02-21 10:00:00+00:00,29.011,38.0,2.7416782,Lucknow
2025-02-21 11:00:00+00:00,28.511,39.0,2.6208394,Lucknow
2025-02-21 12:00:00+00:00,27.761,45.0,3.219938,Lucknow
2025-02-21 13:00:00+00:00,25.361,56.0,3.8268526,Lucknow
2025-02-21 14:00:00+00:00,23.761,63.0,3.8939953,Lucknow
2025-02-21 15:00:00+00:00,22.711,66.0,3.8268526,Lucknow
2025-02-21 16:00:00+00:00,21.761,69.0,3.8268526,Lucknow
2025-02-21 17:00:00+00:00,20.811,71.0,4.3349743,Lucknow
2025-02-21 18:00:00+00:00,20.011,74.0,4.1046314,Lucknow
2025-02-21 19:00:00+00:00,19.211,77.0,4.6102495,Lucknow
2025-02-21 20:00:00+00:00,18.711,80.0,3.8268526,Lucknow
2025-02-21 21:00:00+00:00,18.211,82.0,3.8268526,Lucknow
2025-02-21 22:00:00+00:00,17.811,83.0,3.8939953,Lucknow
2025-02-21 23:00:00+00:00,17.411001,84.0,2.8116899,Lucknow
2025-02-22 00:00:00+00:00,17.161001,83.0,3.319036,Lucknow
2025-02-22 01:00:00+00:00,16.411001,85.0,3.6179552,Lucknow
2025-02-22 02:00:00+00:00,16.461,84.0,3.8773184,Lucknow
2025-02-22 03:00:00+00:00,18.511,74.0,5.154415,Lucknow
2025-02-22 04:00:00+00:00,20.911001,65.0,6.297428,Lucknow
2025-02-22 05:00:00+00:00,23.161001,58.0,6.12,Lucknow
2025-02-22 06:00:00+00:00,24.711,48.0,6.489992,Lucknow
2025-02-22 07:00:00+00:00,25.861,44.0,6.9527545,Lucknow
2025-02-22 08:00:00+00:00,26.611,40.0,8.350138,Lucknow
2025-02-22 09:00:00+00:00,26.761,39.0,9.028754,Lucknow
2025-02-22 10:00:00+00:00,26.611,39.0,8.669949,Lucknow
2025-02-22 11:00:00+00:00,26.011,40.0,8.350138,Lucknow
2025-02-22 12:00:00+00:00,25.511,42.0,6.8399997,Lucknow
2025-02-22 13:00:00+00:00,23.711,51.0,4.68,Lucknow
2025-02-22 14:00:00+00:00,22.211,60.0,4.68,Lucknow
2025-02-22 15:00:00+00:00,21.111,65.0,4.452954,Lucknow
2025-02-22 16:00:00+00:00,20.061,68.0,4.510787,Lucknow
2025-02-22 17:00:00+00:00,19.161001,70.0,4.510787,Lucknow
2025-02-22 18:00:00+00:00,18.411001,71.0,5.0142193,Lucknow
2025-02-22 19:00:00+00:00,17.711,71.0,5.0142193,Lucknow
2025-02-22 20:00:00+00:00,17.011,72.0,4.6800003,Lucknow
2025-02-22 21:00:00+00:00,16.311,72.0,4.6800003,Lucknow
2025-02-22 22:00:00+00:00,15.711,74.0,4.5536795,Lucknow
2025-02-22 23:00:00+00:00,15.111,76.0,4.452954,Lucknow
2025-02-23 00:00:00+00:00,14.861,80.0,4.0249224,Lucknow
2025-02-23 01:00:00+00:00,14.411,81.0,3.7585104,Lucknow
2025-02-23 02:00:00+00:00,14.511001,81.0,4.0249224,Lucknow
2025-02-23 03:00:00+00:00,16.661001,73.0,4.1046314,Lucknow
2025-02-23 04:00:00+00:00,19.461,63.0,5.4833565,Lucknow
2025-02-23 05:00:00+00:00,22.011,57.0,4.452954,Lucknow
2025-02-23 06:00:00+00:00,23.861,49.0,5.3999996,Lucknow
2025-02-23 07:00:00+00:00,25.111,43.0,6.849467,Lucknow
2025-02-23 08:00:00+00:00,25.961,39.0,7.9932976,Lucknow
2025-02-23 09:00:00+00:00,26.311,38.0,8.350138,Lucknow
2025-02-23 10:00:00+00:00,26.311,37.0,8.4042845,Lucknow
2025-02-23 11:00:00+00:00,25.861,39.0,8.049845,Lucknow
2025-02-23 12:00:00+00:00,25.361,42.0,6.162207,Lucknow
2025-02-23 13:00:00+00:00,23.511,51.0,3.319036,Lucknow
2025-02-23 14:00:00+00:00,22.411001,56.0,3.096837,Lucknow
2025-02-23 15:00:00+00:00,21.561,59.0,2.5959969,Lucknow
2025-02-23 16:00:00+00:00,20.961,62.0,2.7416782,Lucknow
2025-02-23 17:00:00+00:00,20.611,62.0,2.3051248,Lucknow
2025-02-23 18:00:00+00:00,18.561,73.0,3.7064266,Lucknow
2025-02-23 19:00:00+00:00,17.811,76.0,4.198285,Lucknow
2025-02-23 20:00:00+00:00,17.461,77.0,4.2136917,Lucknow
2025-02-23 21:00:00+00:00,17.111,78.0,4.3349743,Lucknow
2025-02-23 22:00:00+00:00,16.611,80.0,4.3349743,Lucknow
2025-02-23 23:00:00+00:00,15.861,81.0,3.9763298,Lucknow
2025-02-24 00:00:00+00:00,15.011001,86.0,3.8773184,Lucknow
2025-02-24 01:00:00+00:00,14.411,88.0,3.563818,Lucknow
2025-02-24 02:00:00+00:00,14.711,87.0,2.5959969,Lucknow
2025-02-24 03:00:00+00:00,17.461,75.0,2.0991426,Lucknow
2025-02-24 04:00:00+00:00,21.011,63.0,2.0991426,Lucknow
2025-02-24 05:00:00+00:00,24.061,55.0,1.9386592,Lucknow
2025-02-24 06:00:00+00:00,26.111,39.0,3.96,Lucknow
2025-02-24 07:00:00+00:00,26.911001,35.0,3.9763298,Lucknow
2025-02-24 08:00:00+00:00,27.261,34.0,4.73506,Lucknow
2025-02-24 09:00:00+00:00,27.361,35.0,5.506941,Lucknow
2025-02-24 10:00:00+00:00,27.111,35.0,5.937272,Lucknow
2025-02-24 11:00:00+00:00,26.511,36.0,5.8603754,Lucknow
2025-02-24 12:00:00+00:00,26.211,36.0,5.0528407,Lucknow
2025-02-24 13:00:00+00:00,24.161001,46.0,3.96,Lucknow
2025-02-24 14:00:00+00:00,22.461,53.0,3.96,Lucknow
2025-02-24 15:00:00+00:00,21.011,57.0,4.32,Lucknow
2025-02-24 16:00:00+00:00,20.011,59.0,3.9763298,Lucknow
2025-02-24 17:00:00+00:00,19.161001,60.0,3.7585104,Lucknow
2025-02-24 18:00:00+00:00,18.111,68.0,3.671294,Lucknow
2025-02-24 19:00:00+00:00,17.311,69.0,3.4152596,Lucknow
2025-02-24 20:00:00+00:00,16.611,71.0,3.7064266,Lucknow
2025-02-24 21:00:00+00:00,15.761001,73.0,3.5455887,Lucknow
2025-02-24 22:00:00+00:00,15.061001,75.0,3.4152596,Lucknow
2025-02-24 23:00:00+00:00,14.811001,76.0,2.5959969,Lucknow
2025-02-25 00:00:00+00:00,14.061001,81.0,2.9024127,Lucknow
2025-02-25 01:00:00+00:00,13.661,82.0,3.2399998,Lucknow
2025-02-25 02:00:00+00:00,14.061001,81.0,2.5455842,Lucknow
2025-02-25 03:00:00+00:00,17.111,70.0,1.8,Lucknow
2025-02-25 04:00:00+00:00,20.461,59.0,1.8,Lucknow
2025-02-25 05:00:00+00:00,24.061,49.0,1.8,Lucknow
2025-02-25 06:00:00+00:00,25.911001,32.0,0.35999998,Lucknow
2025-02-25 07:00:00+00:00,26.761,29.0,1.2979984,Lucknow
2025-02-25 08:00:00+00:00,27.361,29.0,2.52,Lucknow
2025-02-25 09:00:00+00:00,27.661001,30.0,4.0249224,Lucknow
2025-02-25 10:00:00+00:00,27.561,30.0,2.5959969,Lucknow
2025-02-25 11:00:00+00:00,27.111,32.0,2.0991426,Lucknow
2025-02-25 12:00:00+00:00,26.511,34.0,2.6208394,Lucknow
2025-02-25 13:00:00+00:00,24.461,44.0,2.968636,Lucknow
2025-02-25 14:00:00+00:00,22.411001,51.0,3.6179552,Lucknow
2025-02-25 15:00:00+00:00,21.061,55.0,3.6,Lucknow
2025-02-25 16:00:00+00:00,20.411001,56.0,3.2599385,Lucknow
2025-02-25 17:00:00+00:00,19.911001,57.0,2.8799999,Lucknow
2025-02-25 18:00:00+00:00,18.411001,67.0,1.1384199,Lucknow
2025-02-25 19:00:00+00:00,17.761,68.0,1.835647,Lucknow
2025-02-25 20:00:00+00:00,16.961,72.0,2.5455842,Lucknow
2025-02-25 21:00:00+00:00,16.161001,75.0,2.968636,Lucknow
2025-02-25 22:00:00+00:00,15.611,77.0,2.968636,Lucknow
2025-02-25 23:00:00+00:00,15.361,78.0,2.968636,Lucknow
2025-02-26 00:00:00+00:00,15.111,82.0,1.2979984,Lucknow
2025-02-26 01:00:00+00:00,14.861,83.0,0.8049845,Lucknow
2025-02-26 02:00:00+00:00,15.311001,82.0,0.35999998,Lucknow
2025-02-26 03:00:00+00:00,18.661001,77.0,0.35999998,Lucknow
2025-02-26 04:00:00+00:00,22.261,60.0,0.8049845,Lucknow
2025-02-26 05:00:00+00:00,24.961,50.0,2.3051248,Lucknow
2025-02-26 06:00:00+00:00,26.061,44.0,5.3517847,Lucknow
2025-02-26 07:00:00+00:00,27.061,40.0,5.04,Lucknow
2025-02-26 08:00:00+00:00,27.861,38.0,4.072935,Lucknow
2025-02-26 09:00:00+00:00,27.861,38.0,4.802999,Lucknow
2025-02-26 10:00:00+00:00,27.461,40.0,6.151683,Lucknow
2025-02-26 11:00:00+00:00,27.361,41.0,7.42159,Lucknow
2025-02-26 12:00:00+00:00,27.111,44.0,5.95906,Lucknow
2025-02-26 13:00:00+00:00,24.961,55.0,3.5455887,Lucknow
2025-02-26 14:00:00+00:00,23.911001,59.0,2.7416782,Lucknow
2025-02-26 15:00:00+00:00,23.011,62.0,2.6208394,Lucknow
2025-02-26 16:00:00+00:00,22.261,65.0,2.3051248,Lucknow
2025-02-26 17:00:00+00:00,21.511,67.0,2.8116899,Lucknow
2025-02-26 18:00:00+00:00,18.961,81.0,3.4152596,Lucknow
2025-02-26 19:00:00+00:00,18.461,83.0,3.4152596,Lucknow
2025-02-26 20:00:00+00:00,18.111,85.0,3.2599385,Lucknow
2025-02-26 21:00:00+00:00,17.961,84.0,2.5959969,Lucknow
2025-02-26 22:00:00+00:00,17.861,84.0,2.4149535,Lucknow
2025-02-26 23:00:00+00:00,17.461,85.0,3.0758414,Lucknow
2025-02-27 00:00:00+00:00,17.161001,88.0,3.8773184,Lucknow
2025-02-27 01:00:00+00:00,16.911001,88.0,4.2136917,Lucknow
2025-02-27 02:00:00+00:00,17.511,86.0,4.6800003,Lucknow
2025-02-27 03:00:00+00:00,20.261,75.0,6.151683,Lucknow
2025-02-27 04:00:00+00:00,23.411001,65.0,6.28713,Lucknow
2025-02-27 05:00:00+00:00,26.211,56.0,7.289445,Lucknow
2025-02-27 06:00:00+00:00,28.261,48.0,6.1305785,Lucknow
2025-02-27 07:00:00+00:00,29.611,44.0,5.6920996,Lucknow
2025-02-27 08:00:00+00:00,30.561,41.0,6.638072,Lucknow
2025-02-27 09:00:00+00:00,30.961,39.0,9.387651,Lucknow
2025-02-27 10:00:00+00:00,30.261,38.0,11.808878,Lucknow
2025-02-27 11:00:00+00:00,29.211,43.0,12.24,Lucknow
2025-02-27 12:00:00+00:00,27.561,53.0,6.12,Lucknow
2025-02-27 13:00:00+00:00,25.261,65.0,4.73506,Lucknow
2025-02-27 14:00:00+00:00,23.861,74.0,3.671294,Lucknow
2025-02-27 15:00:00+00:00,22.961,77.0,3.2399998,Lucknow
2025-02-27 16:00:00+00:00,22.461,78.0,2.5455842,Lucknow
2025-02-27 17:00:00+00:00,21.911001,79.0,3.671294,Lucknow
2025-02-27 18:00:00+00:00,21.911001,76.0,1.609969,Lucknow
2025-02-27 19:00:00+00:00,21.461,76.0,1.2979984,Lucknow
2025-02-27 20:00:00+00:00,20.761,79.0,1.0182338,Lucknow
2025-02-27 21:00:00+00:00,20.261,81.0,0.8049845,Lucknow
2025-02-27 22:00:00+00:00,19.661001,85.0,2.5455842,Lucknow
2025-02-27 23:00:00+00:00,19.761,80.0,7.2805495,Lucknow
2025-02-28 00:00:00+00:00,19.961,83.0,6.989936,Lucknow
2025-02-28 01:00:00+00:00,19.661001,78.0,8.049845,Lucknow
2025-02-28 02:00:00+00:00,19.611,79.0,6.519877,Lucknow
2025-02-28 03:00:00+00:00,20.461,79.0,7.92,Lucknow
2025-02-28 04:00:00+00:00,21.411001,79.0,9.0645685,Lucknow
2025-02-28 05:00:00+00:00,23.461,76.0,11.525623,Lucknow
2025-02-28 06:00:00+00:00,25.961,63.0,11.367109,Lucknow
2025-02-28 07:00:00+00:00,26.961,59.0,11.631956,Lucknow
2025-02-28 08:00:00+00:00,27.911001,56.0,10.630672,Lucknow
2025-02-28 09:00:00+00:00,28.811,51.0,9.885262,Lucknow
2025-02-28 10:00:00+00:00,29.111,48.0,9.686609,Lucknow
2025-02-28 11:00:00+00:00,28.811,48.0,8.942214,Lucknow
2025-02-28 12:00:00+00:00,27.761,55.0,5.7599998,Lucknow
2025-02-28 13:00:00+00:00,25.861,64.0,6.725354,Lucknow
2025-02-28 14:00:00+00:00,24.361,70.0,7.771331,Lucknow
2025-02-28 15:00:00+00:00,23.311,70.0,8.4042845,Lucknow
2025-02-28 16:00:00+00:00,22.311,72.0,8.049845,Lucknow
2025-02-28 17:00:00+00:00,21.611,75.0,6.8399997,Lucknow
2025-02-28 18:00:00+00:00,21.261,75.0,6.28713,Lucknow
2025-02-28 19:00:00+00:00,20.711,78.0,5.04,Lucknow
2025-02-28 20:00:00+00:00,19.961,82.0,7.172949,Lucknow
2025-02-28 21:00:00+00:00,19.561,85.0,6.8777895,Lucknow
2025-02-28 22:00:00+00:00,19.211,87.0,6.618519,Lucknow
2025-02-28 23:00:00+00:00,18.711,88.0,11.592894,Lucknow
2025-03-01 00:00:00+00:00,18.561,89.0,10.97262,Lucknow
2025-03-01 01:00:00+00:00,18.411001,87.0,10.086427,Lucknow
2025-03-01 02:00:00+00:00,18.511,85.0,8.669949,Lucknow
2025-03-01 03:00:00+00:00,19.511,81.0,6.4799995,Lucknow
2025-03-01 04:00:00+00:00,21.011,75.0,6.151683,Lucknow
2025-03-01 05:00:00+00:00,23.111,68.0,5.95906,Lucknow
2025-03-01 06:00:00+00:00,27.011,53.0,3.4152596,Lucknow
2025-03-01 07:00:00+00:00,28.861,47.0,1.9386592,Lucknow
2025-03-01 08:00:00+00:00,30.311,41.0,1.835647,Lucknow
2025-03-01 09:00:00+00:00,29.961,41.0,3.7585104,Lucknow
2025-03-01 10:00:00+00:00,29.311,43.0,4.802999,Lucknow
2025-03-01 11:00:00+00:00,29.011,44.0,8.311245,Lucknow
2025-03-01 12:00:00+00:00,28.361,48.0,2.4149535,Lucknow
2025-03-01 13:00:00+00:00,26.861,55.0,3.0758414,Lucknow
2025-03-01 14:00:00+00:00,25.311,62.0,3.8773184,Lucknow
2025-03-01 15:00:00+00:00,24.311,66.0,3.4152596,Lucknow
2025-03-01 16:00:00+00:00,23.611,68.0,3.8268526,Lucknow
2025-03-01 17:00:00+00:00,22.511,72.0,5.6002855,Lucknow
2025-03-01 18:00:00+00:00,21.811,70.0,4.5536795,Lucknow
2025-03-01 19:00:00+00:00,21.011,76.0,4.1046314,Lucknow
2025-03-01 20:00:00+00:00,20.411001,80.0,4.452954,Lucknow
2025-03-01 21:00:00+00:00,19.911001,84.0,4.3498964,Lucknow
2025-03-01 22:00:00+00:00,19.411001,87.0,4.2136917,Lucknow
2025-03-01 23:00:00+00:00,19.011,88.0,4.3349743,Lucknow
2025-03-02 00:00:00+00:00,18.661001,87.0,4.0249224,Lucknow
2025-03-02 01:00:00+00:00,18.111,88.0,3.96,Lucknow
2025-03-02 02:00:00+00:00,18.511,85.0,4.3349743,Lucknow
2025-03-02 03:00:00+00:00,20.611,75.0,6.0347,Lucknow
2025-03-02 04:00:00+00:00,23.311,64.0,6.489992,Lucknow
2025-03-02 05:00:00+00:00,25.911001,53.0,8.373386,Lucknow
2025-03-02 06:00:00+00:00,28.511,37.0,10.538843,Lucknow
2025-03-02 07:00:00+00:00,30.011,30.0,11.177405,Lucknow
2025-03-02 08:00:00+00:00,30.961,26.0,11.841756,Lucknow
2025-03-02 09:00:00+00:00,31.411001,23.0,12.57426,Lucknow
2025-03-02 10:00:00+00:00,31.261,23.0,12.768586,Lucknow
2025-03-02 11:00:00+00:00,30.561,24.0,12.074766,Lucknow
2025-03-02 12:00:00+00:00,28.961,29.0,10.829959,Lucknow
2025-03-02 13:00:00+00:00,26.911001,35.0,6.9899354,Lucknow
2025-03-02 14:00:00+00:00,24.961,43.0,6.28713,Lucknow
2025-03-02 15:00:00+00:00,23.461,48.0,5.3517847,Lucknow
2025-03-02 16:00:00+00:00,22.361,51.0,5.3999996,Lucknow
2025-03-02 17:00:00+00:00,21.211,55.0,6.1094027,Lucknow
2025-03-02 18:00:00+00:00,20.261,57.0,6.1094027,Lucknow
2025-03-02 19:00:00+00:00,19.511,57.0,6.4096174,Lucknow
2025-03-02 20:00:00+00:00,18.811,56.0,6.9153743,Lucknow
2025-03-02 21:00:00+00:00,18.061,56.0,7.42159,Lucknow
2025-03-02 22:00:00+00:00,17.311,57.0,6.989936,Lucknow
2025-03-02 23:00:00+00:00,16.611,57.0,6.193674,Lucknow
2025-03-03 00:00:00+00:00,16.061,64.0,4.6102495,Lucknow
2025-03-03 01:00:00+00:00,15.611,64.0,4.3498964,Lucknow
2025-03-03 02:00:00+00:00,15.861,64.0,4.32,Lucknow
2025-03-03 03:00:00+00:00,18.061,57.0,5.0528407,Lucknow
2025-03-03 04:00:00+00:00,20.961,47.0,6.849467,Lucknow
2025-03-03 05:00:00+00:00,23.611,41.0,7.5942073,Lucknow
2025-03-03 06:00:00+00:00,26.311,32.0,8.669949,Lucknow
2025-03-03 07:00:00+00:00,28.111,27.0,10.440001,Lucknow
2025-03-03 08:00:00+00:00,29.511,24.0,11.966953,Lucknow
2025-03-03 09:00:00+00:00,30.161001,22.0,12.9249525,Lucknow
2025-03-03 10:00:00+00:00,30.211,23.0,13.009903,Lucknow
2025-03-03 11:00:00+00:00,29.611,25.0,11.792404,Lucknow
2025-03-03 12:00:00+00:00,28.661001,30.0,9.726665,Lucknow
2025-03-03 13:00:00+00:00,26.211,39.0,6.379216,Lucknow
2025-03-03 14:00:00+00:00,24.211,47.0,5.95906,Lucknow
2025-03-03 15:00:00+00:00,22.861,52.0,6.12,Lucknow
2025-03-03 16:00:00+00:00,21.861,56.0,6.28713,Lucknow
2025-03-03 17:00:00+00:00,21.161001,59.0,6.725354,Lucknow
2025-03-03 18:00:00+00:00,21.111,60.0,5.506941,Lucknow
2025-03-03 19:00:00+00:00,20.561,63.0,4.73506,Lucknow
2025-03-03 20:00:00+00:00,20.061,66.0,3.2399998,Lucknow
2025-03-03 21:00:00+00:00,19.711,68.0,1.1384199,Lucknow
2025-03-03 22:00:00+00:00,19.561,67.0,3.7064266,Lucknow
2025-03-03 23:00:00+00:00,19.511,67.0,1.609969,Lucknow
2025-03-04 00:00:00+00:00,19.111,69.0,5.1544156,Lucknow
2025-03-04 01:00:00+00:00,19.011,71.0,3.219938,Lucknow
2025-03-04 02:00:00+00:00,19.311,72.0,1.1384199,Lucknow
2025-03-04 03:00:00+00:00,21.261,65.0,2.6208394,Lucknow
2025-03-04 04:00:00+00:00,24.211,55.0,5.00128,Lucknow
2025-03-04 05:00:00+00:00,26.261,49.0,8.209263,Lucknow
2025-03-04 06:00:00+00:00,28.161001,40.0,7.8954163,Lucknow
2025-03-04 07:00:00+00:00,29.811,30.0,11.808878,Lucknow
2025-03-04 08:00:00+00:00,30.711,27.0,11.753876,Lucknow
2025-03-04 09:00:00+00:00,31.211,23.0,12.594856,Lucknow
2025-03-04 10:00:00+00:00,30.961,21.0,13.049689,Lucknow
2025-03-04 11:00:00+00:00,30.011,25.0,12.758432,Lucknow
2025-03-04 12:00:00+00:00,28.511,31.0,10.661107,Lucknow
2025-03-04 13:00:00+00:00,26.511,36.0,6.87779,Lucknow
2025-03-04 14:00:00+00:00,24.661001,43.0,7.208994,Lucknow
2025-03-04 15:00:00+00:00,22.911001,46.0,8.287822,Lucknow
2025-03-04 16:00:00+00:00,21.211,46.0,8.669949,Lucknow
2025-03-04 17:00:00+00:00,19.711,48.0,8.350138,Lucknow
2025-03-04 18:00:00+00:00,18.761,43.0,8.647496,Lucknow
2025-03-04 19:00:00+00:00,18.311,48.0,9.47012,Lucknow
2025-03-04 20:00:00+00:00,18.061,54.0,10.308831,Lucknow
2025-03-04 21:00:00+00:00,17.511,60.0,10.829959,Lucknow
2025-03-04 22:00:00+00:00,16.911001,64.0,10.390226,Lucknow
2025-03-04 23:00:00+00:00,16.361,68.0,10.594036,Lucknow
2025-03-05 00:00:00+00:00,15.561001,73.0,10.440001,Lucknow
2025-03-05 01:00:00+00:00,15.061001,73.0,11.159999,Lucknow
2025-03-05 02:00:00+00:00,15.261001,72.0,12.245294,Lucknow
2025-03-05 03:00:00+00:00,16.961,63.0,14.081478,Lucknow
2025-03-05 04:00:00+00:00,19.111,52.0,14.917212,Lucknow
2025-03-05 05:00:00+00:00,21.411001,41.0,16.766108,Lucknow
2025-03-05 06:00:00+00:00,23.211,33.0,14.618837,Lucknow
2025-03-05 07:00:00+00:00,24.511,28.0,14.685176,Lucknow
2025-03-05 08:00:00+00:00,25.511,25.0,14.759999,Lucknow
2025-03-05 09:00:00+00:00,26.011,23.0,15.111424,Lucknow
2025-03-05 10:00:00+00:00,26.011,22.0,14.618837,Lucknow
2025-03-05 11:00:00+00:00,25.511,22.0,14.512064,Lucknow
2025-03-05 12:00:00+00:00,24.611,26.0,12.6462,Lucknow
2025-03-05 13:00:00+00:00,22.511,31.0,7.928178,Lucknow
2025-03-05 14:00:00+00:00,20.511,39.0,6.849467,Lucknow
2025-03-05 15:00:00+00:00,19.111,44.0,7.2805495,Lucknow
2025-03-05 16:00:00+00:00,18.061,46.0,8.049845,Lucknow
2025-03-05 17:00:00+00:00,17.311,47.0,8.12197,Lucknow
2025-03-05 18:00:00+00:00,16.761,51.0,7.6367526,Lucknow
2025-03-05 19:00:00+00:00,16.161001,52.0,7.5685663,Lucknow
2025-03-05 20:00:00+00:00,15.561001,54.0,7.5942073,Lucknow
2025-03-05 21:00:00+00:00,15.011001,55.0,7.9526596,Lucknow
2025-03-05 22:00:00+00:00,14.461,56.0,7.6367526,Lucknow
2025-03-05 23:00:00+00:00,13.911,57.0,7.69592,Lucknow
2025-03-06 00:00:00+00:00,13.311001,61.0,7.172949,Lucknow
2025-03-06 01:00:00+00:00,12.861,62.0,6.379216,Lucknow
2025-03-06 02:00:00+00:00,13.211,62.0,6.379216,Lucknow
2025-03-06 03:00:00+00:00,15.461,55.0,7.2805495,Lucknow
2025-03-06 04:00:00+00:00,18.261,48.0,8.64,Lucknow
2025-03-06 05:00:00+00:00,20.811,42.0,9.531505,Lucknow
2025-03-06 06:00:00+00:00,23.411001,36.0,10.182337,Lucknow
2025-03-06 07:00:00+00:00,25.061,34.0,10.464798,Lucknow
2025-03-06 08:00:00+00:00,26.411001,31.0,10.446206,Lucknow
2025-03-06 09:00:00+00:00,27.161001,29.0,10.495713,Lucknow
2025-03-06 10:00:00+00:00,27.411001,28.0,10.105681,Lucknow
2025-03-06 11:00:00+00:00,27.061,28.0,10.182337,Lucknow
2025-03-06 12:00:00+00:00,26.111,28.0,8.049845,Lucknow
2025-03-06 13:00:00+00:00,23.861,35.0,4.6938252,Lucknow
2025-03-06 14:00:00+00:00,22.211,40.0,4.379589,Lucknow
2025-03-06 15:00:00+00:00,20.861,44.0,4.2136917,Lucknow
2025-03-06 16:00:00+00:00,19.711,47.0,4.198285,Lucknow
2025-03-06 17:00:00+00:00,18.861,50.0,3.6,Lucknow
2025-03-06 18:00:00+00:00,15.911,67.0,2.8116899,Lucknow
2025-03-06 19:00:00+00:00,15.511001,66.0,3.319036,Lucknow
2025-03-06 20:00:00+00:00,15.261001,67.0,4.8433046,Lucknow
2025-03-06 21:00:00+00:00,15.061001,68.0,4.8433046,Lucknow
2025-03-06 22:00:00+00:00,14.711,70.0,4.6102495,Lucknow
2025-03-06 23:00:00+00:00,14.161,74.0,4.39436,Lucknow
2025-03-07 00:00:00+00:00,13.761001,78.0,4.3349743,Lucknow
2025-03-07 01:00:00+00:00,13.261001,80.0,5.1544156,Lucknow
2025-03-07 02:00:00+00:00,13.561001,81.0,3.671294,Lucknow
2025-03-07 03:00:00+00:00,17.211,68.0,3.319036,Lucknow
2025-03-07 04:00:00+00:00,21.261,57.0,3.4152596,Lucknow
2025-03-07 05:00:00+00:00,24.461,47.0,5.1544156,Lucknow
2025-03-07 06:00:00+00:00,27.111,32.0,5.771239,Lucknow
2025-03-07 07:00:00+00:00,28.611,26.0,7.2359104,Lucknow
2025-03-07 08:00:00+00:00,29.711,21.0,8.905908,Lucknow
2025-03-07 09:00:00+00:00,30.161001,18.0,10.24578,Lucknow
2025-03-07 10:00:00+00:00,30.011,19.0,10.137692,Lucknow
2025-03-07 11:00:00+00:00,29.361,21.0,9.531505,Lucknow
2025-03-07 12:00:00+00:00,27.961,25.0,6.5693827,Lucknow
2025-03-07 13:00:00+00:00,25.211,34.0,4.32,Lucknow
2025-03-07 14:00:00+00:00,23.261,40.0,3.96,Lucknow
2025-03-07 15:00:00+00:00,22.011,44.0,3.96,Lucknow
2025-03-07 16:00:00+00:00,20.861,47.0,4.0249224,Lucknow
2025-03-07 17:00:00+00:00,19.711,52.0,3.8773184,Lucknow
2025-03-07 18:00:00+00:00,18.861,55.0,2.9024127,Lucknow
2025-03-07 19:00:00+00:00,18.161001,57.0,3.396233,Lucknow
2025-03-07 20:00:00+00:00,17.311,60.0,4.1046314,Lucknow
2025-03-07 21:00:00+00:00,16.861,61.0,2.8116899,Lucknow
2025-03-07 22:00:00+00:00,16.711,60.0,3.2399998,Lucknow
2025-03-07 23:00:00+00:00,15.861,63.0,3.2599385,Lucknow
2025-02-04 00:00:00+00:00,15.2025,77.0,2.52,Kanpur
2025-02-04 01:00:00+00:00,15.3525,76.0,3.7064266,Kanpur
2025-02-04 02:00:00+00:00,15.3525,77.0,2.4149535,Kanpur
2025-02-04 03:00:00+00:00,16.7025,75.0,0.8049845,Kanpur
2025-02-04 04:00:00+00:00,19.2025,69.0,2.6208394,Kanpur
2025-02-04 05:00:00+00:00,21.7025,60.0,3.7585104,Kanpur
2025-02-04 06:00:00+00:00,23.8525,52.0,2.5455842,Kanpur
2025-02-04 07:00:00+00:00,25.3025,45.0,3.219938,Kanpur
2025-02-04 08:00:00+00:00,26.6025,43.0,3.8939953,Kanpur
2025-02-04 09:00:00+00:00,27.0525,41.0,5.1919937,Kanpur
2025-02-04 10:00:00+00:00,26.7525,41.0,6.1305785,Kanpur
2025-02-04 11:00:00+00:00,25.9525,45.0,7.5685663,Kanpur
2025-02-04 12:00:00+00:00,24.3525,56.0,4.6800003,Kanpur
2025-02-04 13:00:00+00:00,21.9525,65.0,4.379589,Kanpur
2025-02-04 14:00:00+00:00,20.7525,68.0,4.3498964,Kanpur
2025-02-04 15:00:00+00:00,19.5525,72.0,5.495161,Kanpur
2025-02-04 16:00:00+00:00,19.2525,73.0,3.8773184,Kanpur
2025-02-04 17:00:00+00:00,19.1025,71.0,4.3498964,Kanpur
2025-02-04 18:00:00+00:00,18.0525,76.0,0.5091169,Kanpur
2025-02-04 19:00:00+00:00,18.0025,75.0,2.0364676,Kanpur
2025-02-04 20:00:00+00:00,17.6525,77.0,1.835647,Kanpur
2025-02-04 21:00:00+00:00,17.7525,75.0,5.991594,Kanpur
2025-02-04 22:00:00+00:00,17.1025,78.0,3.8939953,Kanpur
2025-02-04 23:00:00+00:00,16.5525,81.0,4.829907,Kanpur
2025-02-05 00:00:00+00:00,16.1025,84.0,4.0249224,Kanpur
2025-02-05 01:00:00+00:00,15.9025,85.0,4.6938257,Kanpur
2025-02-05 02:00:00+00:00,15.9025,86.0,4.8433046,Kanpur
2025-02-05 03:00:00+00:00,17.9525,78.0,6.9527545,Kanpur
2025-02-05 04:00:00+00:00,20.3525,68.0,7.653705,Kanpur
2025-02-05 05:00:00+00:00,22.4025,59.0,10.703569,Kanpur
2025-02-05 06:00:00+00:00,23.9025,53.0,10.703569,Kanpur
2025-02-05 07:00:00+00:00,25.0025,48.0,12.496718,Kanpur
2025-02-05 08:00:00+00:00,25.4525,47.0,12.768586,Kanpur
2025-02-05 09:00:00+00:00,25.6525,48.0,13.276144,Kanpur
2025-02-05 10:00:00+00:00,25.4025,49.0,12.538134,Kanpur
2025-02-05 11:00:00+00:00,24.7525,51.0,11.246759,Kanpur
2025-02-05 12:00:00+00:00,23.1525,58.0,6.6185193,Kanpur
2025-02-05 13:00:00+00:00,20.5025,69.0,6.489992,Kanpur
2025-02-05 14:00:00+00:00,18.9525,73.0,7.289444,Kanpur
2025-02-05 15:00:00+00:00,17.6025,71.0,7.42159,Kanpur
2025-02-05 16:00:00+00:00,16.1025,70.0,7.729527,Kanpur
2025-02-05 17:00:00+00:00,14.752501,67.0,7.5942082,Kanpur
2025-02-05 18:00:00+00:00,14.0525,61.0,8.225035,Kanpur
2025-02-05 19:00:00+00:00,13.1025,60.0,8.049845,Kanpur
2025-02-05 20:00:00+00:00,12.4525,64.0,7.729527,Kanpur
2025-02-05 21:00:00+00:00,11.8525,67.0,7.729527,Kanpur
2025-02-05 22:00:00+00:00,11.252501,71.0,7.729527,Kanpur
2025-02-05 23:00:00+00:00,10.752501,73.0,8.049845,Kanpur
2025-02-06 00:00:00+00:00,10.5525,80.0,7.24486,Kanpur
2025-02-06 01:00:00+00:00,10.2025,83.0,7.24486,Kanpur
2025-02-06 02:00:00+00:00,10.3525,83.0,7.42159,Kanpur
2025-02-06 03:00:00+00:00,13.002501,73.0,8.089993,Kanpur
2025-02-06 04:00:00+00:00,16.3025,60.0,11.113451,Kanpur
2025-02-06 05:00:00+00:00,19.0025,49.0,11.298495,Kanpur
2025-02-06 06:00:00+00:00,21.8025,34.0,12.57426,Kanpur
2025-02-06 07:00:00+00:00,23.4025,27.0,13.684735,Kanpur
2025-02-06 08:00:00+00:00,24.3525,24.0,13.237039,Kanpur
2025-02-06 09:00:00+00:00,24.7025,25.0,12.661564,Kanpur
2025-02-06 10:00:00+00:00,24.5525,26.0,12.496719,Kanpur
2025-02-06 11:00:00+00:00,23.7525,27.0,11.177405,Kanpur
2025-02-06 12:00:00+00:00,21.9525,38.0,6.489992,Kanpur
2025-02-06 13:00:00+00:00,19.0025,48.0,6.130579,Kanpur
2025-02-06 14:00:00+00:00,17.6025,52.0,5.771239,Kanpur
2025-02-06 15:00:00+00:00,16.2025,57.0,5.8048253,Kanpur
2025-02-06 16:00:00+00:00,15.2025,60.0,5.937272,Kanpur
2025-02-06 17:00:00+00:00,14.3025,64.0,6.0347,Kanpur
2025-02-06 18:00:00+00:00,13.4025,72.0,6.0347,Kanpur
2025-02-06 19:00:00+00:00,12.7025,73.0,6.151683,Kanpur
2025-02-06 20:00:00+00:00,12.0525,75.0,5.95906,Kanpur
2025-02-06 21:00:00+00:00,11.502501,75.0,5.6920996,Kanpur
2025-02-06 22:00:00+00:00,10.9025,76.0,5.5887027,Kanpur
2025-02-06 23:00:00+00:00,10.4525,77.0,6.489992,Kanpur
2025-02-07 00:00:00+00:00,10.0525,84.0,7.2359104,Kanpur
2025-02-07 01:00:00+00:00,9.6525,85.0,6.87779,Kanpur
2025-02-07 02:00:00+00:00,9.8025,84.0,7.2359104,Kanpur
2025-02-07 03:00:00+00:00,12.3525,73.0,7.92,Kanpur
2025-02-07 04:00:00+00:00,15.5525,61.0,10.853866,Kanpur
2025-02-07 05:00:00+00:00,18.2025,52.0,10.8955765,Kanpur
2025-02-07 06:00:00+00:00,20.0525,41.0,13.910169,Kanpur
2025-02-07 07:00:00+00:00,21.6525,34.0,14.264361,Kanpur
2025-02-07 08:00:00+00:00,22.6025,32.0,13.722565,Kanpur
2025-02-07 09:00:00+00:00,23.1525,29.0,14.081478,Kanpur
2025-02-07 10:00:00+00:00,23.0525,30.0,13.339445,Kanpur
2025-02-07 11:00:00+00:00,22.3025,32.0,11.542478,Kanpur
2025-02-07 12:00:00+00:00,21.3525,37.0,7.9932976,Kanpur
2025-02-07 13:00:00+00:00,18.4525,47.0,6.638072,Kanpur
2025-02-07 14:00:00+00:00,17.1025,52.0,6.2145634,Kanpur
2025-02-07 15:00:00+00:00,15.9025,56.0,6.130579,Kanpur
2025-02-07 16:00:00+00:00,14.8525,60.0,5.771239,Kanpur
2025-02-07 17:00:00+00:00,13.9025,64.0,5.4477882,Kanpur
2025-02-07 18:00:00+00:00,12.8025,72.0,5.506941,Kanpur
2025-02-07 19:00:00+00:00,12.1525,73.0,5.1544156,Kanpur
2025-02-07 20:00:00+00:00,11.6025,74.0,5.4477882,Kanpur
2025-02-07 21:00:00+00:00,11.1025,75.0,5.8048253,Kanpur
2025-02-07 22:00:00+00:00,10.6525,76.0,5.4477882,Kanpur
2025-02-07 23:00:00+00:00,10.3025,76.0,5.771239,Kanpur
2025-02-08 00:00:00+00:00,10.002501,80.0,6.130579,Kanpur
2025-02-08 01:00:00+00:00,9.752501,81.0,6.130579,Kanpur
2025-02-08 02:00:00+00:00,10.002501,80.0,6.162207,Kanpur
2025-02-08 03:00:00+00:00,12.4025,73.0,6.87779,Kanpur
2025-02-08 04:00:00+00:00,15.6025,62.0,7.9526596,Kanpur
2025-02-08 05:00:00+00:00,18.3525,54.0,8.654986,Kanpur
2025-02-08 06:00:00+00:00,21.2525,43.0,8.311245,Kanpur
2025-02-08 07:00:00+00:00,23.1025,38.0,8.669949,Kanpur
2025-02-08 08:00:00+00:00,24.6025,33.0,9.3669195,Kanpur
2025-02-08 09:00:00+00:00,25.3025,30.0,9.3876505,Kanpur
2025-02-08 10:00:00+00:00,25.4025,29.0,9.422101,Kanpur
2025-02-08 11:00:00+00:00,24.8025,31.0,7.928178,Kanpur
2025-02-08 12:00:00+00:00,23.0025,38.0,5.4833565,Kanpur
2025-02-08 13:00:00+00:00,20.4525,46.0,4.6800003,Kanpur
2025-02-08 14:00:00+00:00,19.0525,51.0,4.5536795,Kanpur
2025-02-08 15:00:00+00:00,17.9525,54.0,4.3349743,Kanpur
2025-02-08 16:00:00+00:00,16.9525,58.0,4.3349743,Kanpur
2025-02-08 17:00:00+00:00,16.2525,60.0,4.379589,Kanpur
2025-02-08 18:00:00+00:00,13.6025,75.0,4.452954,Kanpur
2025-02-08 19:00:00+00:00,12.8525,77.0,4.452954,Kanpur
2025-02-08 20:00:00+00:00,12.2025,80.0,4.829907,Kanpur
2025-02-08 21:00:00+00:00,11.6025,82.0,5.00128,Kanpur
2025-02-08 22:00:00+00:00,11.1025,84.0,4.8965297,Kanpur
2025-02-08 23:00:00+00:00,10.6525,85.0,4.39436,Kanpur
2025-02-09 00:00:00+00:00,10.9025,84.0,4.0249224,Kanpur
2025-02-09 01:00:00+00:00,10.6025,84.0,3.7585104,Kanpur
2025-02-09 02:00:00+00:00,10.8525,83.0,3.671294,Kanpur
2025-02-09 03:00:00+00:00,13.6025,79.0,3.671294,Kanpur
2025-02-09 04:00:00+00:00,17.3025,64.0,5.4833565,Kanpur
2025-02-09 05:00:00+00:00,20.3525,56.0,5.4833565,Kanpur
2025-02-09 06:00:00+00:00,24.1525,39.0,6.519877,Kanpur
2025-02-09 07:00:00+00:00,25.9525,32.0,8.4042845,Kanpur
2025-02-09 08:00:00+00:00,27.4025,27.0,8.825508,Kanpur
2025-02-09 09:00:00+00:00,28.0025,23.0,9.449572,Kanpur
2025-02-09 10:00:00+00:00,27.9025,22.0,8.905908,Kanpur
2025-02-09 11:00:00+00:00,27.1525,24.0,7.42159,Kanpur
2025-02-09 12:00:00+00:00,25.1525,36.0,3.9763298,Kanpur
2025-02-09 13:00:00+00:00,22.7025,41.0,4.0249224,Kanpur
2025-02-09 14:00:00+00:00,21.2525,44.0,3.7585104,Kanpur
2025-02-09 15:00:00+00:00,20.0525,46.0,4.1046314,Kanpur
2025-02-09 16:00:00+00:00,19.0525,49.0,3.9763298,Kanpur
2025-02-09 17:00:00+00:00,18.1525,51.0,4.452954,Kanpur
2025-02-09 18:00:00+00:00,15.4525,63.0,4.6938257,Kanpur
2025-02-09 19:00:00+00:00,14.752501,64.0,4.1046314,Kanpur
2025-02-09 20:00:00+00:00,14.1025,67.0,3.8939953,Kanpur
2025-02-09 21:00:00+00:00,13.3525,70.0,3.7064266,Kanpur
2025-02-09 22:00:00+00:00,12.6025,72.0,4.3498964,Kanpur
2025-02-09 23:00:00+00:00,12.0525,74.0,4.1046314,Kanpur
2025-02-10 00:00:00+00:00,11.6525,77.0,2.9024127,Kanpur
2025-02-10 01:00:00+00:00,11.3025,78.0,1.8,Kanpur
2025-02-10 02:00:00+00:00,11.3525,80.0,1.08,Kanpur
2025-02-10 03:00:00+00:00,14.252501,76.0,1.5273507,Kanpur
2025-02-10 04:00:00+00:00,19.1525,64.0,1.08,Kanpur
2025-02-10 05:00:00+00:00,22.7025,52.0,1.4399999,Kanpur
2025-02-10 06:00:00+00:00,25.3025,43.0,3.096837,Kanpur
2025-02-10 07:00:00+00:00,26.9525,37.0,5.4833565,Kanpur
2025-02-10 08:00:00+00:00,27.9525,34.0,6.924738,Kanpur
2025-02-10 09:00:00+00:00,28.3025,32.0,7.928178,Kanpur
2025-02-10 10:00:00+00:00,28.0525,32.0,7.928178,Kanpur
2025-02-10 11:00:00+00:00,27.2025,36.0,6.849467,Kanpur
2025-02-10 12:00:00+00:00,25.0525,47.0,4.1046314,Kanpur
2025-02-10 13:00:00+00:00,22.4525,55.0,3.8773184,Kanpur
2025-02-10 14:00:00+00:00,20.9525,58.0,4.2136917,Kanpur
2025-02-10 15:00:00+00:00,19.7025,61.0,4.3349743,Kanpur
2025-02-10 16:00:00+00:00,18.4525,65.0,4.379589,Kanpur
2025-02-10 17:00:00+00:00,17.2525,68.0,4.5536795,Kanpur
2025-02-10 18:00:00+00:00,16.4025,74.0,4.5536795,Kanpur
2025-02-10 19:00:00+00:00,15.6525,76.0,4.3498964,Kanpur
2025-02-10 20:00:00+00:00,15.002501,78.0,4.39436,Kanpur
2025-02-10 21:00:00+00:00,14.252501,81.0,4.6102495,Kanpur
2025-02-10 22:00:00+00:00,13.6525,83.0,4.6102495,Kanpur
2025-02-10 23:00:00+00:00,13.252501,85.0,4.6938257,Kanpur
2025-02-11 00:00:00+00:00,13.252501,84.0,4.1046314,Kanpur
2025-02-11 01:00:00+00:00,13.002501,84.0,4.0249224,Kanpur
2025-02-11 02:00:00+00:00,13.2025,84.0,4.0249224,Kanpur
2025-02-11 03:00:00+00:00,16.0025,78.0,4.1046314,Kanpur
2025-02-11 04:00:00+00:00,19.8025,63.0,5.95906,Kanpur
2025-02-11 05:00:00+00:00,22.9525,54.0,5.815978,Kanpur
2025-02-11 06:00:00+00:00,25.8025,44.0,6.12,Kanpur
2025-02-11 07:00:00+00:00,27.6025,36.0,8.707237,Kanpur
2025-02-11 08:00:00+00:00,28.7525,32.0,9.511088,Kanpur
2025-02-11 09:00:00+00:00,29.2525,30.0,9.693296,Kanpur
2025-02-11 10:00:00+00:00,29.2525,30.0,8.891343,Kanpur
2025-02-11 11:00:00+00:00,28.5525,31.0,7.10031,Kanpur
2025-02-11 12:00:00+00:00,26.3025,46.0,3.4152596,Kanpur
2025-02-11 13:00:00+00:00,24.3525,53.0,2.5455842,Kanpur
2025-02-11 14:00:00+00:00,23.1525,54.0,2.6208394,Kanpur
2025-02-11 15:00:00+00:00,22.0025,56.0,3.219938,Kanpur
2025-02-11 16:00:00+00:00,20.9525,59.0,3.4152596,Kanpur
2025-02-11 17:00:00+00:00,19.8525,63.0,3.6,Kanpur
2025-02-11 18:00:00+00:00,18.2025,73.0,4.3349743,Kanpur
2025-02-11 19:00:00+00:00,17.8525,72.0,4.2136917,Kanpur
2025-02-11 20:00:00+00:00,17.4025,73.0,4.198285,Kanpur
2025-02-11 21:00:00+00:00,17.0525,73.0,5.154415,Kanpur
2025-02-11 22:00:00+00:00,17.3525,70.0,5.937272,Kanpur
2025-02-11 23:00:00+00:00,15.8525,75.0,4.5536795,Kanpur
2025-02-12 00:00:00+00:00,15.9025,76.0,4.1046314,Kanpur
2025-02-12 01:00:00+00:00,15.4525,75.0,3.5455887,Kanpur
2025-02-12 02:00:00+00:00,15.502501,76.0,2.4149535,Kanpur
2025-02-12 03:00:00+00:00,18.2525,75.0,1.9386592,Kanpur
2025-02-12 04:00:00+00:00,21.2525,62.0,3.4152596,Kanpur
2025-02-12 05:00:00+00:00,23.8025,56.0,3.671294,Kanpur
2025-02-12 06:00:00+00:00,25.9525,46.0,5.0528407,Kanpur
2025-02-12 07:00:00+00:00,27.4525,37.0,8.4042845,Kanpur
2025-02-12 08:00:00+00:00,28.1525,35.0,10.464798,Kanpur
2025-02-12 09:00:00+00:00,28.3025,35.0,12.6462,Kanpur
2025-02-12 10:00:00+00:00,27.9525,36.0,13.084402,Kanpur
2025-02-12 11:00:00+00:00,26.9025,38.0,12.429127,Kanpur
2025-02-12 12:00:00+00:00,25.1025,49.0,7.928178,Kanpur
2025-02-12 13:00:00+00:00,21.9025,61.0,7.5685663,Kanpur
2025-02-12 14:00:00+00:00,20.4025,66.0,8.350138,Kanpur
2025-02-12 15:00:00+00:00,19.2525,68.0,8.766573,Kanpur
2025-02-12 16:00:00+00:00,18.0025,66.0,9.021574,Kanpur
2025-02-12 17:00:00+00:00,16.7025,65.0,8.225035,Kanpur
2025-02-12 18:00:00+00:00,15.6025,64.0,8.089993,Kanpur
2025-02-12 19:00:00+00:00,14.6025,65.0,8.373386,Kanpur
2025-02-12 20:00:00+00:00,13.8525,66.0,8.587338,Kanpur
2025-02-12 21:00:00+00:00,13.1525,68.0,7.9932966,Kanpur
2025-02-12 22:00:00+00:00,12.7025,69.0,8.587338,Kanpur
2025-02-12 23:00:00+00:00,12.502501,67.0,9.021574,Kanpur
2025-02-13 00:00:00+00:00,12.5525,69.0,8.557102,Kanpur
2025-02-13 01:00:00+00:00,12.2025,68.0,8.311245,Kanpur
2025-02-13 02:00:00+00:00,12.3525,68.0,8.12197,Kanpur
2025-02-13 03:00:00+00:00,14.8525,62.0,9.178235,Kanpur
2025-02-13 04:00:00+00:00,17.9525,52.0,11.525623,Kanpur
2025-02-13 05:00:00+00:00,20.6025,45.0,12.661564,Kanpur
2025-02-13 06:00:00+00:00,23.0025,34.0,15.646544,Kanpur
2025-02-13 07:00:00+00:00,24.2025,30.0,14.917212,Kanpur
2025-02-13 08:00:00+00:00,25.0025,29.0,13.979871,Kanpur
2025-02-13 09:00:00+00:00,25.4525,27.0,13.979871,Kanpur
2025-02-13 10:00:00+00:00,25.2025,29.0,12.849528,Kanpur
2025-02-13 11:00:00+00:00,24.3525,31.0,11.367109,Kanpur
2025-02-13 12:00:00+00:00,23.1525,37.0,7.9932976,Kanpur
2025-02-13 13:00:00+00:00,19.9525,49.0,6.12,Kanpur
2025-02-13 14:00:00+00:00,18.5525,53.0,6.12,Kanpur
2025-02-13 15:00:00+00:00,17.4025,56.0,6.12,Kanpur
2025-02-13 16:00:00+00:00,16.4525,59.0,6.519877,Kanpur
2025-02-13 17:00:00+00:00,15.5525,61.0,6.162207,Kanpur
2025-02-13 18:00:00+00:00,14.502501,68.0,6.489992,Kanpur
2025-02-13 19:00:00+00:00,13.8525,68.0,6.519877,Kanpur
2025-02-13 20:00:00+00:00,13.4025,69.0,6.489992,Kanpur
2025-02-13 21:00:00+00:00,12.9025,71.0,6.489992,Kanpur
2025-02-13 22:00:00+00:00,12.4525,72.0,6.87779,Kanpur
2025-02-13 23:00:00+00:00,11.8025,74.0,7.2805495,Kanpur
2025-02-14 00:00:00+00:00,11.5525,76.0,6.8399997,Kanpur
2025-02-14 01:00:00+00:00,11.252501,75.0,6.87779,Kanpur
2025-02-14 02:00:00+00:00,11.6025,74.0,7.2359104,Kanpur
2025-02-14 03:00:00+00:00,14.3025,65.0,8.350138,Kanpur
2025-02-14 04:00:00+00:00,17.6025,55.0,9.726665,Kanpur
2025-02-14 05:00:00+00:00,20.5025,48.0,12.015589,Kanpur
2025-02-14 06:00:00+00:00,23.5525,38.0,13.084402,Kanpur
2025-02-14 07:00:00+00:00,25.2025,32.0,15.893093,Kanpur
2025-02-14 08:00:00+00:00,26.2525,28.0,15.893093,Kanpur
2025-02-14 09:00:00+00:00,26.7525,26.0,15.281989,Kanpur
2025-02-14 10:00:00+00:00,26.6525,26.0,13.450708,Kanpur
2025-02-14 11:00:00+00:00,25.8525,29.0,10.661107,Kanpur
2025-02-14 12:00:00+00:00,24.4525,36.0,7.2359104,Kanpur
2025-02-14 13:00:00+00:00,21.5025,46.0,5.815978,Kanpur
2025-02-14 14:00:00+00:00,20.2525,49.0,5.6920996,Kanpur
2025-02-14 15:00:00+00:00,19.1025,52.0,5.937272,Kanpur
2025-02-14 16:00:00+00:00,18.1525,55.0,5.8048253,Kanpur
2025-02-14 17:00:00+00:00,17.3525,57.0,5.771239,Kanpur
2025-02-14 18:00:00+00:00,15.6025,69.0,5.4119864,Kanpur
2025-02-14 19:00:00+00:00,14.8525,72.0,5.0911684,Kanpur
2025-02-14 20:00:00+00:00,14.3525,74.0,4.452954,Kanpur
2025-02-14 21:00:00+00:00,14.2025,74.0,3.8773184,Kanpur
2025-02-14 22:00:00+00:00,14.0525,73.0,4.0249224,Kanpur
2025-02-14 23:00:00+00:00,13.8525,72.0,3.9763298,Kanpur
2025-02-15 00:00:00+00:00,13.4525,74.0,4.3498964,Kanpur
2025-02-15 01:00:00+00:00,13.2025,74.0,4.3498964,Kanpur
2025-02-15 02:00:00+00:00,13.502501,75.0,3.7064266,Kanpur
2025-02-15 03:00:00+00:00,16.2525,71.0,2.0991426,Kanpur
2025-02-15 04:00:00+00:00,19.5525,59.0,3.219938,Kanpur
2025-02-15 05:00:00+00:00,22.5025,52.0,2.9024127,Kanpur
2025-02-15 06:00:00+00:00,25.0525,37.0,3.0547013,Kanpur
2025-02-15 07:00:00+00:00,26.6525,33.0,3.7585104,Kanpur
2025-02-15 08:00:00+00:00,27.8025,30.0,4.6800003,Kanpur
2025-02-15 09:00:00+00:00,28.2525,30.0,4.829907,Kanpur
2025-02-15 10:00:00+00:00,28.2525,31.0,3.396233,Kanpur
2025-02-15 11:00:00+00:00,27.7025,32.0,1.1384199,Kanpur
2025-02-15 12:00:00+00:00,26.6025,44.0,2.5455842,Kanpur
2025-02-15 13:00:00+00:00,24.0525,48.0,3.8939953,Kanpur
2025-02-15 14:00:00+00:00,21.9525,52.0,4.39436,Kanpur
2025-02-15 15:00:00+00:00,20.0025,58.0,4.8433046,Kanpur
2025-02-15 16:00:00+00:00,18.6525,64.0,4.8965297,Kanpur
2025-02-15 17:00:00+00:00,17.9025,66.0,4.6938257,Kanpur
2025-02-15 18:00:00+00:00,16.8025,73.0,3.8773184,Kanpur
2025-02-15 19:00:00+00:00,16.2525,74.0,4.1046314,Kanpur
2025-02-15 20:00:00+00:00,15.8025,77.0,4.1046314,Kanpur
2025-02-15 21:00:00+00:00,15.6525,78.0,3.671294,Kanpur
2025-02-15 22:00:00+00:00,15.6025,78.0,3.2599385,Kanpur
2025-02-15 23:00:00+00:00,15.3025,79.0,3.319036,Kanpur
2025-02-16 00:00:00+00:00,13.9025,88.0,3.319036,Kanpur
2025-02-16 01:00:00+00:00,13.4025,89.0,3.5455887,Kanpur
2025-02-16 02:00:00+00:00,13.6025,89.0,3.0758414,Kanpur
2025-02-16 03:00:00+00:00,16.5025,80.0,3.6,Kanpur
2025-02-16 04:00:00+00:00,20.1525,68.0,4.2136917,Kanpur
2025-02-16 05:00:00+00:00,23.3025,60.0,3.396233,Kanpur
2025-02-16 06:00:00+00:00,26.0025,44.0,3.9763298,Kanpur
2025-02-16 07:00:00+00:00,27.6025,36.0,1.5273507,Kanpur
2025-02-16 08:00:00+00:00,28.5025,33.0,1.609969,Kanpur
2025-02-16 09:00:00+00:00,28.9525,33.0,2.9024127,Kanpur
2025-02-16 10:00:00+00:00,28.9025,32.0,3.219938,Kanpur
2025-02-16 11:00:00+00:00,28.2525,33.0,4.510787,Kanpur
2025-02-16 12:00:00+00:00,26.8025,49.0,1.484318,Kanpur
2025-02-16 13:00:00+00:00,24.4525,53.0,3.219938,Kanpur
2025-02-16 14:00:00+00:00,22.7025,55.0,3.7585104,Kanpur
2025-02-16 15:00:00+00:00,20.9025,60.0,4.0249224,Kanpur
2025-02-16 16:00:00+00:00,20.0525,62.0,3.8268526,Kanpur
2025-02-16 17:00:00+00:00,19.5525,62.0,4.39436,Kanpur
2025-02-16 18:00:00+00:00,18.2025,72.0,4.1046314,Kanpur
2025-02-16 19:00:00+00:00,17.4525,74.0,3.563818,Kanpur
2025-02-16 20:00:00+00:00,16.7525,77.0,3.8773184,Kanpur
2025-02-16 21:00:00+00:00,16.0025,81.0,3.7585104,Kanpur
2025-02-16 22:00:00+00:00,15.4525,82.0,3.4152596,Kanpur
2025-02-16 23:00:00+00:00,14.9025,83.0,4.452954,Kanpur
2025-02-17 00:00:00+00:00,14.7025,85.0,3.2599385,Kanpur
2025-02-17 01:00:00+00:00,14.4525,85.0,2.5455842,Kanpur
2025-02-17 02:00:00+00:00,14.752501,86.0,2.968636,Kanpur
2025-02-17 03:00:00+00:00,17.7025,81.0,1.609969,Kanpur
2025-02-17 04:00:00+00:00,21.0025,67.0,4.0249224,Kanpur
2025-02-17 05:00:00+00:00,23.6025,60.0,2.5959969,Kanpur
2025-02-17 06:00:00+00:00,25.9025,50.0,2.3051248,Kanpur
2025-02-17 07:00:00+00:00,27.2525,42.0,1.609969,Kanpur
2025-02-17 08:00:00+00:00,27.9025,39.0,1.08,Kanpur
2025-02-17 09:00:00+00:00,28.2525,38.0,4.198285,Kanpur
2025-02-17 10:00:00+00:00,27.9525,38.0,5.495161,Kanpur
2025-02-17 11:00:00+00:00,27.2525,39.0,5.1919937,Kanpur
2025-02-17 12:00:00+00:00,26.0025,51.0,3.396233,Kanpur
2025-02-17 13:00:00+00:00,23.7525,58.0,3.2599385,Kanpur
2025-02-17 14:00:00+00:00,22.4025,61.0,3.2599385,Kanpur
2025-02-17 15:00:00+00:00,21.6025,60.0,2.9024127,Kanpur
2025-02-17 16:00:00+00:00,20.7025,62.0,3.319036,Kanpur
2025-02-17 17:00:00+00:00,20.0025,63.0,3.6,Kanpur
2025-02-17 18:00:00+00:00,18.6525,70.0,3.96,Kanpur
2025-02-17 19:00:00+00:00,17.7525,72.0,4.0249224,Kanpur
2025-02-17 20:00:00+00:00,16.8525,75.0,5.4477882,Kanpur
2025-02-17 21:00:00+00:00,16.3525,75.0,5.2416787,Kanpur
2025-02-17 22:00:00+00:00,14.5525,84.0,4.2136917,Kanpur
2025-02-17 23:00:00+00:00,14.002501,87.0,4.0249224,Kanpur
2025-02-18 00:00:00+00:00,14.4025,87.0,3.5455887,Kanpur
2025-02-18 01:00:00+00:00,14.4525,87.0,2.8116899,Kanpur
2025-02-18 02:00:00+00:00,14.8525,86.0,2.4149535,Kanpur
2025-02-18 03:00:00+00:00,17.6525,81.0,1.1384199,Kanpur
2025-02-18 04:00:00+00:00,21.2025,66.0,2.3051248,Kanpur
2025-02-18 05:00:00+00:00,24.2025,58.0,2.4149535,Kanpur
2025-02-18 06:00:00+00:00,26.5525,47.0,3.319036,Kanpur
2025-02-18 07:00:00+00:00,27.7525,42.0,5.154415,Kanpur
2025-02-18 08:00:00+00:00,28.2025,40.0,7.9932976,Kanpur
2025-02-18 09:00:00+00:00,28.3525,40.0,9.422101,Kanpur
2025-02-18 10:00:00+00:00,28.0525,40.0,10.703569,Kanpur
2025-02-18 11:00:00+00:00,26.6025,44.0,10.636766,Kanpur
2025-02-18 12:00:00+00:00,25.5525,54.0,7.2359104,Kanpur
2025-02-18 13:00:00+00:00,22.8525,66.0,5.1544156,Kanpur
2025-02-18 14:00:00+00:00,21.1525,73.0,4.6938252,Kanpur
2025-02-18 15:00:00+00:00,19.8525,78.0,4.5536795,Kanpur
2025-02-18 16:00:00+00:00,18.8025,82.0,4.39436,Kanpur
2025-02-18 17:00:00+00:00,17.8525,85.0,4.3349743,Kanpur
2025-02-18 18:00:00+00:00,16.8025,89.0,4.1046314,Kanpur
2025-02-18 19:00:00+00:00,16.1525,90.0,4.1046314,Kanpur
2025-02-18 20:00:00+00:00,15.6525,91.0,3.8268526,Kanpur
2025-02-18 21:00:00+00:00,15.252501,92.0,3.563818,Kanpur
2025-02-18 22:00:00+00:00,15.002501,91.0,3.319036,Kanpur
2025-02-18 23:00:00+00:00,14.6025,91.0,3.219938,Kanpur
2025-02-19 00:00:00+00:00,13.9025,92.0,3.2599385,Kanpur
2025-02-19 01:00:00+00:00,13.502501,93.0,3.319036,Kanpur
2025-02-19 02:00:00+00:00,13.752501,93.0,2.9024127,Kanpur
2025-02-19 03:00:00+00:00,16.9025,86.0,2.1897945,Kanpur
2025-02-19 04:00:00+00:00,20.2525,73.0,3.2599385,Kanpur
2025-02-19 05:00:00+00:00,22.8525,61.0,3.96,Kanpur
2025-02-19 06:00:00+00:00,25.5525,46.0,2.5455842,Kanpur
2025-02-19 07:00:00+00:00,27.1025,37.0,3.2599385,Kanpur
2025-02-19 08:00:00+00:00,28.1025,33.0,4.0249224,Kanpur
2025-02-19 09:00:00+00:00,28.4025,32.0,5.4833565,Kanpur
2025-02-19 10:00:00+00:00,27.9025,30.0,7.0911775,Kanpur
2025-02-19 11:00:00+00:00,27.3525,32.0,6.9153743,Kanpur
2025-02-19 12:00:00+00:00,25.8025,46.0,2.8116899,Kanpur
2025-02-19 13:00:00+00:00,23.8025,53.0,2.2768397,Kanpur
2025-02-19 14:00:00+00:00,22.7025,52.0,2.9024127,Kanpur
2025-02-19 15:00:00+00:00,21.5525,52.0,0.71999997,Kanpur
2025-02-19 16:00:00+00:00,20.4525,56.0,2.1897945,Kanpur
2025-02-19 17:00:00+00:00,19.7525,56.0,2.1897945,Kanpur
2025-02-19 18:00:00+00:00,18.1025,71.0,3.0758414,Kanpur
2025-02-19 19:00:00+00:00,18.2025,68.0,3.6,Kanpur
2025-02-19 20:00:00+00:00,18.0025,68.0,4.3349743,Kanpur
2025-02-19 21:00:00+00:00,17.2025,68.0,4.8433046,Kanpur
2025-02-19 22:00:00+00:00,15.6025,77.0,4.510787,Kanpur
2025-02-19 23:00:00+00:00,14.9025,80.0,4.452954,Kanpur
2025-02-20 00:00:00+00:00,14.9525,83.0,4.3349743,Kanpur
2025-02-20 01:00:00+00:00,14.5525,84.0,4.379589,Kanpur
2025-02-20 02:00:00+00:00,15.1525,84.0,5.2416787,Kanpur
2025-02-20 03:00:00+00:00,18.2525,75.0,3.6179552,Kanpur
2025-02-20 04:00:00+00:00,21.3025,66.0,5.937272,Kanpur
2025-02-20 05:00:00+00:00,24.1025,57.0,9.107359,Kanpur
2025-02-20 06:00:00+00:00,26.5025,44.0,8.654986,Kanpur
2025-02-20 07:00:00+00:00,27.0025,40.0,7.42159,Kanpur
2025-02-20 08:00:00+00:00,27.7025,39.0,5.95906,Kanpur
2025-02-20 09:00:00+00:00,28.1025,37.0,5.315336,Kanpur
2025-02-20 10:00:00+00:00,27.7525,37.0,5.634891,Kanpur
2025-02-20 11:00:00+00:00,27.0525,39.0,5.00128,Kanpur
2025-02-20 12:00:00+00:00,24.5025,58.0,4.73506,Kanpur
2025-02-20 13:00:00+00:00,21.9525,67.0,4.452954,Kanpur
2025-02-20 14:00:00+00:00,20.7525,71.0,3.7585104,Kanpur
2025-02-20 15:00:00+00:00,19.5525,74.0,4.452954,Kanpur
2025-02-20 16:00:00+00:00,18.3525,79.0,5.2416787,Kanpur
2025-02-20 17:00:00+00:00,17.6525,81.0,4.802999,Kanpur
2025-02-20 18:00:00+00:00,17.0025,85.0,4.5536795,Kanpur
2025-02-20 19:00:00+00:00,16.4025,86.0,4.6800003,Kanpur
2025-02-20 20:00:00+00:00,15.8525,88.0,4.6938257,Kanpur
2025-02-20 21:00:00+00:00,15.3525,89.0,4.6938257,Kanpur
2025-02-20 22:00:00+00:00,14.9025,90.0,4.8965297,Kanpur
2025-02-20 23:00:00+00:00,14.8525,89.0,5.0911684,Kanpur
2025-02-21 00:00:00+00:00,14.8025,89.0,5.8048253,Kanpur
2025-02-21 01:00:00+00:00,15.1025,89.0,4.8965297,Kanpur
2025-02-21 02:00:00+00:00,15.7025,89.0,4.5820518,Kanpur
2025-02-21 03:00:00+00:00,17.6025,84.0,5.3999996,Kanpur
2025-02-21 04:00:00+00:00,20.1525,73.0,6.1094027,Kanpur
2025-02-21 05:00:00+00:00,22.4025,66.0,5.904439,Kanpur
2025-02-21 06:00:00+00:00,25.6025,52.0,6.2145634,Kanpur
2025-02-21 07:00:00+00:00,26.9525,49.0,5.5887027,Kanpur
2025-02-21 08:00:00+00:00,28.2525,46.0,4.8965297,Kanpur
2025-02-21 09:00:00+00:00,28.7025,45.0,3.319036,Kanpur
2025-02-21 10:00:00+00:00,28.5025,45.0,1.9386592,Kanpur
2025-02-21 11:00:00+00:00,27.9525,47.0,1.1384199,Kanpur
2025-02-21 12:00:00+00:00,26.7025,61.0,2.6208394,Kanpur
2025-02-21 13:00:00+00:00,24.3025,68.0,3.6179552,Kanpur
2025-02-21 14:00:00+00:00,22.4525,74.0,4.452954,Kanpur
2025-02-21 15:00:00+00:00,21.1025,78.0,4.6800003,Kanpur
2025-02-21 16:00:00+00:00,20.3525,79.0,4.3498964,Kanpur
2025-02-21 17:00:00+00:00,19.7525,80.0,4.5820518,Kanpur
2025-02-21 18:00:00+00:00,19.2525,82.0,4.3498964,Kanpur
2025-02-21 19:00:00+00:00,18.4525,86.0,4.8965297,Kanpur
2025-02-21 20:00:00+00:00,17.7025,88.0,4.5820518,Kanpur
2025-02-21 21:00:00+00:00,17.0025,90.0,4.6102495,Kanpur
2025-02-21 22:00:00+00:00,16.5525,90.0,3.396233,Kanpur
2025-02-21 23:00:00+00:00,15.952499,91.0,4.3349743,Kanpur
2025-02-22 00:00:00+00:00,15.752501,90.0,3.5455887,Kanpur
2025-02-22 01:00:00+00:00,15.3025,90.0,4.1046314,Kanpur
2025-02-22 02:00:00+00:00,15.502501,90.0,4.896529,Kanpur
2025-02-22 03:00:00+00:00,17.9525,81.0,6.9247384,Kanpur
2025-02-22 04:00:00+00:00,20.4525,73.0,7.2,Kanpur
2025-02-22 05:00:00+00:00,22.7525,66.0,6.489992,Kanpur
2025-02-22 06:00:00+00:00,24.2025,56.0,6.4096174,Kanpur
2025-02-22 07:00:00+00:00,25.4525,50.0,6.9527545,Kanpur
2025-02-22 08:00:00+00:00,26.1525,45.0,8.707238,Kanpur
2025-02-22 09:00:00+00:00,26.3525,43.0,9.47012,Kanpur
2025-02-22 10:00:00+00:00,26.0025,44.0,9.178235,Kanpur
2025-02-22 11:00:00+00:00,25.3525,45.0,8.473393,Kanpur
2025-02-22 12:00:00+00:00,24.3525,51.0,5.4119864,Kanpur
2025-02-22 13:00:00+00:00,21.9525,61.0,4.3349743,Kanpur
2025-02-22 14:00:00+00:00,20.5525,67.0,4.3349743,Kanpur
2025-02-22 15:00:00+00:00,19.4525,70.0,4.6938252,Kanpur
2025-02-22 16:00:00+00:00,18.5525,73.0,4.5536795,Kanpur
2025-02-22 17:00:00+00:00,17.8025,75.0,4.510787,Kanpur
2025-02-22 18:00:00+00:00,16.7525,81.0,4.6938257,Kanpur
2025-02-22 19:00:00+00:00,16.1025,83.0,4.8433046,Kanpur
2025-02-22 20:00:00+00:00,15.5525,83.0,4.5820518,Kanpur
2025-02-22 21:00:00+00:00,14.9525,82.0,4.39436,Kanpur
2025-02-22 22:00:00+00:00,14.4525,82.0,4.0249224,Kanpur
2025-02-22 23:00:00+00:00,13.9525,82.0,4.3498964,Kanpur
2025-02-23 00:00:00+00:00,13.9525,84.0,4.0249224,Kanpur
2025-02-23 01:00:00+00:00,13.3025,86.0,4.1046314,Kanpur
2025-02-23 02:00:00+00:00,13.6025,87.0,3.7585104,Kanpur
2025-02-23 03:00:00+00:00,16.4525,79.0,4.2136917,Kanpur
2025-02-23 04:00:00+00:00,19.4025,68.0,5.4833565,Kanpur
2025-02-23 05:00:00+00:00,21.9025,61.0,5.1544156,Kanpur
2025-02-23 06:00:00+00:00,23.7025,49.0,6.519877,Kanpur
2025-02-23 07:00:00+00:00,25.0025,43.0,7.5942073,Kanpur
2025-02-23 08:00:00+00:00,25.9025,38.0,8.473393,Kanpur
2025-02-23 09:00:00+00:00,26.3025,36.0,9.0,Kanpur
2025-02-23 10:00:00+00:00,26.1025,37.0,8.654986,Kanpur
2025-02-23 11:00:00+00:00,25.4525,40.0,7.5170207,Kanpur
2025-02-23 12:00:00+00:00,24.4525,47.0,4.3349743,Kanpur
2025-02-23 13:00:00+00:00,22.6025,55.0,3.319036,Kanpur
2025-02-23 14:00:00+00:00,21.4025,59.0,3.319036,Kanpur
2025-02-23 15:00:00+00:00,20.4025,60.0,3.2599385,Kanpur
2025-02-23 16:00:00+00:00,19.4525,63.0,3.6,Kanpur
2025-02-23 17:00:00+00:00,18.5525,66.0,3.671294,Kanpur
2025-02-23 18:00:00+00:00,16.8525,76.0,4.0249224,Kanpur
2025-02-23 19:00:00+00:00,16.2025,77.0,4.1046314,Kanpur
2025-02-23 20:00:00+00:00,15.6025,78.0,4.0249224,Kanpur
2025-02-23 21:00:00+00:00,15.1525,78.0,4.6938257,Kanpur
2025-02-23 22:00:00+00:00,14.7025,78.0,5.1919937,Kanpur
2025-02-23 23:00:00+00:00,14.3025,78.0,4.6938257,Kanpur
2025-02-24 00:00:00+00:00,13.502501,82.0,4.0249224,Kanpur
2025-02-24 01:00:00+00:00,13.1525,83.0,3.396233,Kanpur
2025-02-24 02:00:00+00:00,13.752501,82.0,3.8268526,Kanpur
2025-02-24 03:00:00+00:00,17.0025,78.0,2.5959969,Kanpur
2025-02-24 04:00:00+00:00,20.2025,67.0,3.0547013,Kanpur
2025-02-24 05:00:00+00:00,22.9525,61.0,1.9386592,Kanpur
2025-02-24 06:00:00+00:00,25.3025,47.0,2.968636,Kanpur
2025-02-24 07:00:00+00:00,26.3525,39.0,5.4119864,Kanpur
2025-02-24 08:00:00+00:00,26.9025,34.0,7.172949,Kanpur
2025-02-24 09:00:00+00:00,26.9525,32.0,7.8954163,Kanpur
2025-02-24 10:00:00+00:00,26.5025,34.0,7.5685663,Kanpur
2025-02-24 11:00:00+00:00,25.6525,38.0,6.28713,Kanpur
2025-02-24 12:00:00+00:00,24.4025,49.0,4.2136917,Kanpur
2025-02-24 13:00:00+00:00,22.1025,56.0,3.671294,Kanpur
2025-02-24 14:00:00+00:00,20.9525,58.0,4.452954,Kanpur
2025-02-24 15:00:00+00:00,19.8525,61.0,4.379589,Kanpur
2025-02-24 16:00:00+00:00,18.9025,64.0,4.2136917,Kanpur
2025-02-24 17:00:00+00:00,18.1525,64.0,3.7064266,Kanpur
2025-02-24 18:00:00+00:00,17.2525,70.0,3.4152596,Kanpur
2025-02-24 19:00:00+00:00,16.4525,72.0,3.7064266,Kanpur
2025-02-24 20:00:00+00:00,15.752501,73.0,3.6,Kanpur
2025-02-24 21:00:00+00:00,15.1025,74.0,3.396233,Kanpur
2025-02-24 22:00:00+00:00,14.6025,75.0,2.8116899,Kanpur
2025-02-24 23:00:00+00:00,14.002501,76.0,2.0991426,Kanpur
2025-02-25 00:00:00+00:00,13.5525,81.0,2.968636,Kanpur
2025-02-25 01:00:00+00:00,13.1525,82.0,2.5455842,Kanpur
2025-02-25 02:00:00+00:00,13.6025,82.0,2.16,Kanpur
2025-02-25 03:00:00+00:00,16.7525,79.0,0.8049845,Kanpur
2025-02-25 04:00:00+00:00,20.4525,65.0,1.484318,Kanpur
2025-02-25 05:00:00+00:00,23.2525,59.0,1.609969,Kanpur
2025-02-25 06:00:00+00:00,25.4525,40.0,1.0182338,Kanpur
2025-02-25 07:00:00+00:00,26.5025,36.0,2.8799999,Kanpur
2025-02-25 08:00:00+00:00,27.1525,34.0,4.829907,Kanpur
2025-02-25 09:00:00+00:00,27.2525,35.0,5.6002855,Kanpur
2025-02-25 10:00:00+00:00,26.9525,37.0,4.829907,Kanpur
2025-02-25 11:00:00+00:00,26.1525,39.0,3.7585104,Kanpur
2025-02-25 12:00:00+00:00,25.0525,52.0,2.3051248,Kanpur
2025-02-25 13:00:00+00:00,22.9525,56.0,2.0991426,Kanpur
2025-02-25 14:00:00+00:00,21.4025,56.0,1.9386592,Kanpur
2025-02-25 15:00:00+00:00,20.1525,58.0,1.609969,Kanpur
2025-02-25 16:00:00+00:00,19.1025,59.0,1.609969,Kanpur
2025-02-25 17:00:00+00:00,18.1025,61.0,1.484318,Kanpur
2025-02-25 18:00:00+00:00,16.5525,73.0,1.609969,Kanpur
2025-02-25 19:00:00+00:00,15.7025,75.0,2.4149535,Kanpur
2025-02-25 20:00:00+00:00,15.2025,77.0,2.2768397,Kanpur
2025-02-25 21:00:00+00:00,15.0525,77.0,3.0758414,Kanpur
2025-02-25 22:00:00+00:00,15.0525,77.0,3.396233,Kanpur
2025-02-25 23:00:00+00:00,15.0525,78.0,2.6208394,Kanpur
2025-02-26 00:00:00+00:00,14.9025,82.0,2.0991426,Kanpur
2025-02-26 01:00:00+00:00,14.502501,83.0,2.3051248,Kanpur
2025-02-26 02:00:00+00:00,15.1525,83.0,2.7416782,Kanpur
2025-02-26 03:00:00+00:00,18.5525,78.0,1.835647,Kanpur
2025-02-26 04:00:00+00:00,22.0525,64.0,3.96,Kanpur
2025-02-26 05:00:00+00:00,24.5525,56.0,5.0142193,Kanpur
2025-02-26 06:00:00+00:00,25.8025,47.0,6.439876,Kanpur
2025-02-26 07:00:00+00:00,26.9025,44.0,4.0249224,Kanpur
2025-02-26 08:00:00+00:00,27.5025,42.0,2.5959969,Kanpur
2025-02-26 09:00:00+00:00,27.2025,43.0,4.6938252,Kanpur
2025-02-26 10:00:00+00:00,27.0525,44.0,6.130579,Kanpur
2025-02-26 11:00:00+00:00,26.7525,46.0,6.12,Kanpur
2025-02-26 12:00:00+00:00,26.0025,54.0,3.8773184,Kanpur
2025-02-26 13:00:00+00:00,23.9025,62.0,2.9024127,Kanpur
2025-02-26 14:00:00+00:00,22.9525,64.0,3.219938,Kanpur
2025-02-26 15:00:00+00:00,21.9025,67.0,2.9024127,Kanpur
2025-02-26 16:00:00+00:00,21.2025,68.0,2.7416782,Kanpur
2025-02-26 17:00:00+00:00,20.4525,70.0,3.2599385,Kanpur
2025-02-26 18:00:00+00:00,19.0525,77.0,4.0249224,Kanpur
2025-02-26 19:00:00+00:00,18.6025,78.0,3.8773184,Kanpur
2025-02-26 20:00:00+00:00,18.2025,79.0,4.2136917,Kanpur
2025-02-26 21:00:00+00:00,17.8525,80.0,2.7416782,Kanpur
2025-02-26 22:00:00+00:00,17.3525,82.0,1.2979984,Kanpur
2025-02-26 23:00:00+00:00,16.7025,84.0,1.835647,Kanpur
2025-02-27 00:00:00+00:00,16.4525,87.0,2.968636,Kanpur
2025-02-27 01:00:00+00:00,16.2525,87.0,4.452954,Kanpur
2025-02-27 02:00:00+00:00,17.3025,85.0,4.73506,Kanpur
2025-02-27 03:00:00+00:00,20.2525,77.0,6.28713,Kanpur
2025-02-27 04:00:00+00:00,23.5525,67.0,7.42159,Kanpur
2025-02-27 05:00:00+00:00,26.2525,58.0,8.854829,Kanpur
2025-02-27 06:00:00+00:00,28.3525,49.0,7.491114,Kanpur
2025-02-27 07:00:00+00:00,29.8025,44.0,6.3690495,Kanpur
2025-02-27 08:00:00+00:00,30.8025,41.0,4.802999,Kanpur
2025-02-27 09:00:00+00:00,31.1025,39.0,6.489992,Kanpur
2025-02-27 10:00:00+00:00,30.7525,38.0,9.339208,Kanpur
2025-02-27 11:00:00+00:00,29.4525,41.0,10.661107,Kanpur
2025-02-27 12:00:00+00:00,26.8525,58.0,4.802999,Kanpur
2025-02-27 13:00:00+00:00,24.2525,68.0,5.00128,Kanpur
2025-02-27 14:00:00+00:00,22.8525,74.0,5.3517847,Kanpur
2025-02-27 15:00:00+00:00,21.8525,79.0,4.8965297,Kanpur
2025-02-27 16:00:00+00:00,21.0025,84.0,4.3349743,Kanpur
2025-02-27 17:00:00+00:00,20.1525,87.0,4.1046314,Kanpur
2025-02-27 18:00:00+00:00,20.1025,83.0,3.396233,Kanpur
2025-02-27 19:00:00+00:00,19.2025,86.0,4.0249224,Kanpur
2025-02-27 20:00:00+00:00,18.7525,87.0,3.5455887,Kanpur
2025-02-27 21:00:00+00:00,18.5525,87.0,4.1046314,Kanpur
2025-02-27 22:00:00+00:00,18.3525,87.0,3.7585104,Kanpur
2025-02-27 23:00:00+00:00,18.3025,86.0,3.6,Kanpur
2025-02-28 00:00:00+00:00,18.7025,87.0,5.0142193,Kanpur
2025-02-28 01:00:00+00:00,18.9525,85.0,4.73506,Kanpur
2025-02-28 02:00:00+00:00,19.2025,86.0,6.519877,Kanpur
2025-02-28 03:00:00+00:00,20.9525,81.0,7.6367526,Kanpur
2025-02-28 04:00:00+00:00,23.1025,73.0,9.826088,Kanpur
2025-02-28 05:00:00+00:00,25.2525,67.0,9.422101,Kanpur
2025-02-28 06:00:00+00:00,26.6525,58.0,8.557102,Kanpur
2025-02-28 07:00:00+00:00,28.0025,53.0,10.1887,Kanpur
2025-02-28 08:00:00+00:00,28.8025,48.0,8.714677,Kanpur
2025-02-28 09:00:00+00:00,29.1525,47.0,7.42159,Kanpur
2025-02-28 10:00:00+00:00,29.4525,46.0,6.792466,Kanpur
2025-02-28 11:00:00+00:00,29.1025,47.0,5.904439,Kanpur
2025-02-28 12:00:00+00:00,27.3025,61.0,3.6179552,Kanpur
2025-02-28 13:00:00+00:00,25.0525,69.0,4.0249224,Kanpur
2025-02-28 14:00:00+00:00,23.5025,73.0,5.0528407,Kanpur
2025-02-28 15:00:00+00:00,22.7025,75.0,6.12,Kanpur
2025-02-28 16:00:00+00:00,21.9025,77.0,5.8048253,Kanpur
2025-02-28 17:00:00+00:00,21.0525,83.0,5.771239,Kanpur
2025-02-28 18:00:00+00:00,20.6525,83.0,5.2416787,Kanpur
2025-02-28 19:00:00+00:00,20.1525,86.0,4.896529,Kanpur
2025-02-28 20:00:00+00:00,19.9525,87.0,5.3999996,Kanpur
2025-02-28 21:00:00+00:00,19.6025,88.0,5.0911684,Kanpur
2025-02-28 22:00:00+00:00,19.1525,90.0,7.928177,Kanpur
2025-02-28 23:00:00+00:00,18.7525,89.0,9.585739,Kanpur
2025-03-01 00:00:00+00:00,18.3025,91.0,9.220499,Kanpur
2025-03-01 01:00:00+00:00,18.3525,90.0,10.883676,Kanpur
2025-03-01 02:00:00+00:00,18.7525,86.0,12.984975,Kanpur
2025-03-01 03:00:00+00:00,19.4025,82.0,10.464797,Kanpur
2025-03-01 04:00:00+00:00,20.0525,81.0,9.290511,Kanpur
2025-03-01 05:00:00+00:00,21.0025,79.0,3.2599385,Kanpur
2025-03-01 06:00:00+00:00,25.4025,60.0,4.1046314,Kanpur
2025-03-01 07:00:00+00:00,26.5525,56.0,0.5091169,Kanpur
2025-03-01 08:00:00+00:00,27.7525,50.0,2.5455842,Kanpur
2025-03-01 09:00:00+00:00,28.1525,46.0,6.3690495,Kanpur
2025-03-01 10:00:00+00:00,28.4025,46.0,4.8433046,Kanpur
2025-03-01 11:00:00+00:00,28.1525,48.0,5.3999996,Kanpur
2025-03-01 12:00:00+00:00,26.2025,61.0,2.0991426,Kanpur
2025-03-01 13:00:00+00:00,24.7025,68.0,2.8116899,Kanpur
2025-03-01 14:00:00+00:00,23.4025,72.0,2.8116899,Kanpur
2025-03-01 15:00:00+00:00,22.5525,75.0,4.0249224,Kanpur
2025-03-01 16:00:00+00:00,21.6025,80.0,5.495161,Kanpur
2025-03-01 17:00:00+00:00,20.9025,85.0,5.6233797,Kanpur
2025-03-01 18:00:00+00:00,20.6525,84.0,4.6800003,Kanpur
2025-03-01 19:00:00+00:00,19.9525,88.0,5.1544156,Kanpur
2025-03-01 20:00:00+00:00,19.5025,89.0,5.0911684,Kanpur
2025-03-01 21:00:00+00:00,19.1525,88.0,4.802999,Kanpur
2025-03-01 22:00:00+00:00,18.6025,90.0,4.39436,Kanpur
2025-03-01 23:00:00+00:00,18.2025,90.0,2.16,Kanpur
2025-03-02 00:00:00+00:00,17.6525,91.0,3.0547013,Kanpur
2025-03-02 01:00:00+00:00,17.7025,92.0,3.7064266,Kanpur
2025-03-02 02:00:00+00:00,18.3525,89.0,3.319036,Kanpur
2025-03-02 03:00:00+00:00,20.5525,80.0,4.8433046,Kanpur
2025-03-02 04:00:00+00:00,22.9025,68.0,5.315336,Kanpur
2025-03-02 05:00:00+00:00,24.9025,60.0,7.4128532,Kanpur
2025-03-02 06:00:00+00:00,27.4025,47.0,8.557102,Kanpur
2025-03-02 07:00:00+00:00,28.8025,42.0,9.904906,Kanpur
2025-03-02 08:00:00+00:00,29.9525,39.0,10.587917,Kanpur
2025-03-02 09:00:00+00:00,30.4525,33.0,11.966954,Kanpur
2025-03-02 10:00:00+00:00,30.4525,31.0,12.074766,Kanpur
2025-03-02 11:00:00+00:00,29.9025,31.0,11.384198,Kanpur
2025-03-02 12:00:00+00:00,27.9025,40.0,9.028754,Kanpur
2025-03-02 13:00:00+00:00,25.1025,51.0,5.4833565,Kanpur
2025-03-02 14:00:00+00:00,23.5025,56.0,5.1919937,Kanpur
2025-03-02 15:00:00+00:00,22.1025,59.0,5.6002855,Kanpur
2025-03-02 16:00:00+00:00,20.9525,61.0,5.6233797,Kanpur
2025-03-02 17:00:00+00:00,19.9525,62.0,5.8603754,Kanpur
2025-03-02 18:00:00+00:00,19.0025,65.0,5.8603754,Kanpur
2025-03-02 19:00:00+00:00,18.2525,66.0,5.692099,Kanpur
2025-03-02 20:00:00+00:00,17.5025,66.0,6.12,Kanpur
2025-03-02 21:00:00+00:00,16.8525,65.0,6.28713,Kanpur
2025-03-02 22:00:00+00:00,16.2525,64.0,5.6920996,Kanpur
2025-03-02 23:00:00+00:00,15.6025,65.0,4.896529,Kanpur
2025-03-03 00:00:00+00:00,14.8025,73.0,4.072935,Kanpur
2025-03-03 01:00:00+00:00,14.4025,73.0,4.1046314,Kanpur
2025-03-03 02:00:00+00:00,15.1025,73.0,3.671294,Kanpur
2025-03-03 03:00:00+00:00,17.9525,64.0,4.5536795,Kanpur
2025-03-03 04:00:00+00:00,21.1525,53.0,5.6920996,Kanpur
2025-03-03 05:00:00+00:00,24.0525,40.0,8.557102,Kanpur
2025-03-03 06:00:00+00:00,26.7025,31.0,9.449572,Kanpur
2025-03-03 07:00:00+00:00,28.4025,27.0,11.090103,Kanpur
2025-03-03 08:00:00+00:00,29.4525,26.0,12.964998,Kanpur
2025-03-03 09:00:00+00:00,29.6525,27.0,13.397612,Kanpur
2025-03-03 10:00:00+00:00,29.4525,28.0,12.6462,Kanpur
2025-03-03 11:00:00+00:00,28.6525,31.0,11.165805,Kanpur
2025-03-03 12:00:00+00:00,27.3025,38.0,6.638072,Kanpur
2025-03-03 13:00:00+00:00,24.5525,49.0,4.3498964,Kanpur
2025-03-03 14:00:00+00:00,23.3525,54.0,4.3498964,Kanpur
2025-03-03 15:00:00+00:00,22.4525,57.0,4.2136917,Kanpur
2025-03-03 16:00:00+00:00,21.2025,62.0,4.802999,Kanpur
2025-03-03 17:00:00+00:00,20.4025,65.0,4.452954,Kanpur
2025-03-03 18:00:00+00:00,20.6025,65.0,3.7585104,Kanpur
2025-03-03 19:00:00+00:00,20.4525,66.0,2.9024127,Kanpur
2025-03-03 20:00:00+00:00,20.5025,64.0,2.8116899,Kanpur
2025-03-03 21:00:00+00:00,20.6025,64.0,3.671294,Kanpur
2025-03-03 22:00:00+00:00,21.0025,62.0,5.0142193,Kanpur
2025-03-03 23:00:00+00:00,21.3025,59.0,3.8939953,Kanpur
2025-03-04 00:00:00+00:00,19.6025,67.0,3.671294,Kanpur
2025-03-04 01:00:00+00:00,18.9525,71.0,3.8268526,Kanpur
2025-03-04 02:00:00+00:00,19.1025,74.0,3.396233,Kanpur
2025-03-04 03:00:00+00:00,21.5525,68.0,4.32,Kanpur
2025-03-04 04:00:00+00:00,24.6525,59.0,8.287822,Kanpur
2025-03-04 05:00:00+00:00,26.9025,45.0,12.599998,Kanpur
2025-03-04 06:00:00+00:00,28.3025,33.0,13.246826,Kanpur
2025-03-04 07:00:00+00:00,29.5025,28.0,13.246826,Kanpur
2025-03-04 08:00:00+00:00,30.2525,25.0,12.313894,Kanpur
2025-03-04 09:00:00+00:00,30.4025,25.0,13.0447235,Kanpur
2025-03-04 10:00:00+00:00,30.0025,27.0,13.1041975,Kanpur
2025-03-04 11:00:00+00:00,29.0525,30.0,11.620809,Kanpur
2025-03-04 12:00:00+00:00,27.2525,37.0,7.5942073,Kanpur
2025-03-04 13:00:00+00:00,24.1525,48.0,6.4799995,Kanpur
2025-03-04 14:00:00+00:00,22.1025,52.0,7.5685663,Kanpur
2025-03-04 15:00:00+00:00,20.7525,46.0,9.3669195,Kanpur
2025-03-04 16:00:00+00:00,19.3025,41.0,8.647496,Kanpur
2025-03-04 17:00:00+00:00,17.8525,45.0,8.311245,Kanpur
2025-03-04 18:00:00+00:00,17.7525,44.0,8.427383,Kanpur
2025-03-04 19:00:00+00:00,17.1025,51.0,8.427383,Kanpur
2025-03-04 20:00:00+00:00,16.9025,55.0,11.113451,Kanpur
2025-03-04 21:00:00+00:00,16.8525,60.0,11.592895,Kanpur
2025-03-04 22:00:00+00:00,16.2525,64.0,9.693296,Kanpur
2025-03-04 23:00:00+00:00,15.6525,66.0,9.6932955,Kanpur
2025-03-05 00:00:00+00:00,14.9025,73.0,10.495713,Kanpur
2025-03-05 01:00:00+00:00,14.4525,75.0,11.165805,Kanpur
2025-03-05 02:00:00+00:00,14.752501,73.0,11.525623,Kanpur
2025-03-05 03:00:00+00:00,16.6025,63.0,14.830076,Kanpur
2025-03-05 04:00:00+00:00,18.7525,51.0,15.745627,Kanpur
2025-03-05 05:00:00+00:00,20.9525,41.0,17.114204,Kanpur
2025-03-05 06:00:00+00:00,22.8025,33.0,14.973576,Kanpur
2025-03-05 07:00:00+00:00,24.3025,27.0,15.893093,Kanpur
2025-03-05 08:00:00+00:00,25.2525,24.0,15.463244,Kanpur
2025-03-05 09:00:00+00:00,25.7025,23.0,15.978486,Kanpur
2025-03-05 10:00:00+00:00,25.6025,24.0,15.463244,Kanpur
2025-03-05 11:00:00+00:00,25.0025,24.0,14.618837,Kanpur
2025-03-05 12:00:00+00:00,23.8025,30.0,11.212135,Kanpur
2025-03-05 13:00:00+00:00,21.0025,41.0,6.519877,Kanpur
2025-03-05 14:00:00+00:00,19.0025,49.0,6.519877,Kanpur
2025-03-05 15:00:00+00:00,17.8525,53.0,6.4799995,Kanpur
2025-03-05 16:00:00+00:00,16.6525,56.0,6.9899354,Kanpur
2025-03-05 17:00:00+00:00,15.8025,57.0,7.172949,Kanpur
2025-03-05 18:00:00+00:00,15.252501,58.0,7.42159,Kanpur
2025-03-05 19:00:00+00:00,14.752501,55.0,7.69592,Kanpur
2025-03-05 20:00:00+00:00,14.2025,56.0,7.5685663,Kanpur
2025-03-05 21:00:00+00:00,13.752501,56.0,7.92,Kanpur
2025-03-05 22:00:00+00:00,13.3525,56.0,7.9932976,Kanpur
2025-03-05 23:00:00+00:00,12.9025,57.0,7.342588,Kanpur
2025-03-06 00:00:00+00:00,12.2025,63.0,6.725354,Kanpur
2025-03-06 01:00:00+00:00,11.752501,65.0,6.0347,Kanpur
2025-03-06 02:00:00+00:00,12.4025,66.0,5.937272,Kanpur
2025-03-06 03:00:00+00:00,15.3025,57.0,7.2359104,Kanpur
2025-03-06 04:00:00+00:00,18.3525,49.0,7.928178,Kanpur
2025-03-06 05:00:00+00:00,21.0525,42.0,10.239453,Kanpur
2025-03-06 06:00:00+00:00,23.9025,33.0,11.792404,Kanpur
2025-03-06 07:00:00+00:00,25.5025,29.0,12.429127,Kanpur
2025-03-06 08:00:00+00:00,26.7525,25.0,11.966953,Kanpur
2025-03-06 09:00:00+00:00,27.3525,24.0,11.570515,Kanpur
2025-03-06 10:00:00+00:00,27.3025,25.0,11.183201,Kanpur
2025-03-06 11:00:00+00:00,26.6525,27.0,10.086427,Kanpur
2025-03-06 12:00:00+00:00,25.5025,29.0,6.12,Kanpur
2025-03-06 13:00:00+00:00,22.9025,40.0,3.9763298,Kanpur
2025-03-06 14:00:00+00:00,21.6525,43.0,4.379589,Kanpur
2025-03-06 15:00:00+00:00,20.9025,45.0,3.9763298,Kanpur
2025-03-06 16:00:00+00:00,20.2525,46.0,3.9763298,Kanpur
2025-03-06 17:00:00+00:00,19.1025,50.0,3.96,Kanpur
2025-03-06 18:00:00+00:00,16.5525,59.0,2.4149535,Kanpur
2025-03-06 19:00:00+00:00,15.7025,61.0,3.219938,Kanpur
2025-03-06 20:00:00+00:00,15.2025,63.0,4.896529,Kanpur
2025-03-06 21:00:00+00:00,14.9025,63.0,4.0249224,Kanpur
2025-03-06 22:00:00+00:00,14.3025,65.0,3.0758414,Kanpur
2025-03-06 23:00:00+00:00,13.6025,67.0,2.9024127,Kanpur
2025-03-07 00:00:00+00:00,13.1025,71.0,3.6179552,Kanpur
2025-03-07 01:00:00+00:00,12.8525,72.0,3.9763298,Kanpur
2025-03-07 02:00:00+00:00,13.9525,72.0,4.1046314,Kanpur
2025-03-07 03:00:00+00:00,17.2025,65.0,3.7064266,Kanpur
2025-03-07 04:00:00+00:00,20.9525,57.0,4.510787,Kanpur
2025-03-07 05:00:00+00:00,24.2525,49.0,5.154415,Kanpur
2025-03-07 06:00:00+00:00,27.4525,31.0,6.5693827,Kanpur
2025-03-07 07:00:00+00:00,28.9525,25.0,8.4042845,Kanpur
2025-03-07 08:00:00+00:00,29.9525,21.0,10.24578,Kanpur
2025-03-07 09:00:00+00:00,30.1525,20.0,11.043261,Kanpur
2025-03-07 10:00:00+00:00,29.9025,21.0,10.24578,Kanpur
2025-03-07 11:00:00+00:00,29.2025,23.0,8.905908,Kanpur
2025-03-07 12:00:00+00:00,27.3025,31.0,4.802999,Kanpur
2025-03-07 13:00:00+00:00,24.8525,40.0,3.319036,Kanpur
2025-03-07 14:00:00+00:00,23.3025,43.0,3.5455887,Kanpur
2025-03-07 15:00:00+00:00,21.8025,47.0,3.8773184,Kanpur
2025-03-07 16:00:00+00:00,21.2525,46.0,3.4152596,Kanpur
2025-03-07 17:00:00+00:00,20.3025,48.0,2.7416782,Kanpur
2025-03-07 18:00:00+00:00,19.3025,50.0,2.9024127,Kanpur
2025-03-07 19:00:00+00:00,18.5025,52.0,3.2399998,Kanpur
2025-03-07 20:00:00+00:00,17.7525,54.0,3.563818,Kanpur
2025-03-07 21:00:00+00:00,17.3525,55.0,4.6800003,Kanpur
2025-03-07 22:00:00+00:00,17.3525,54.0,4.6800003,Kanpur
2025-03-07 23:00:00+00:00,16.6525,56.0,3.7585104,Kanpur
2025-02-04 00:00:00+00:00,21.455,78.0,2.0364676,Nagpur
2025-02-04 01:00:00+00:00,21.505001,75.0,2.5455842,Nagpur
2025-02-04 02:00:00+00:00,21.655,75.0,2.3051248,Nagpur
2025-02-04 03:00:00+00:00,23.955,75.0,0.8049845,Nagpur
2025-02-04 04:00:00+00:00,26.655,65.0,3.7585104,Nagpur
2025-02-04 05:00:00+00:00,28.955,57.0,5.634891,Nagpur
2025-02-04 06:00:00+00:00,31.555,44.0,3.8268526,Nagpur
2025-02-04 07:00:00+00:00,32.755,39.0,3.2599385,Nagpur
2025-02-04 08:00:00+00:00,33.455,36.0,4.8433046,Nagpur
2025-02-04 09:00:00+00:00,33.855,34.0,6.792466,Nagpur
2025-02-04 10:00:00+00:00,33.955,30.0,7.9932966,Nagpur
2025-02-04 11:00:00+00:00,33.455,29.0,6.638072,Nagpur
2025-02-04 12:00:00+00:00,31.955002,37.0,3.319036,Nagpur
2025-02-04 13:00:00+00:00,30.355,43.0,1.4399999,Nagpur
2025-02-04 14:00:00+00:00,29.255001,43.0,2.3051248,Nagpur
2025-02-04 15:00:00+00:00,28.305,45.0,2.8116899,Nagpur
2025-02-04 16:00:00+00:00,27.555,46.0,2.1897945,Nagpur
2025-02-04 17:00:00+00:00,26.705,50.0,2.4149535,Nagpur
2025-02-04 18:00:00+00:00,25.755001,59.0,1.9386592,Nagpur
2025-02-04 19:00:00+00:00,25.455,60.0,1.8,Nagpur
2025-02-04 20:00:00+00:00,25.005001,60.0,0.8049845,Nagpur
2025-02-04 21:00:00+00:00,24.105,65.0,5.771239,Nagpur
2025-02-04 22:00:00+00:00,22.705,76.0,4.39436,Nagpur
2025-02-04 23:00:00+00:00,22.605,76.0,2.3051248,Nagpur
2025-02-05 00:00:00+00:00,21.405,82.0,3.319036,Nagpur
2025-02-05 01:00:00+00:00,21.005001,82.0,4.1046314,Nagpur
2025-02-05 02:00:00+00:00,21.255001,80.0,4.1046314,Nagpur
2025-02-05 03:00:00+00:00,23.755001,69.0,4.8965297,Nagpur
2025-02-05 04:00:00+00:00,26.305,60.0,5.692099,Nagpur
2025-02-05 05:00:00+00:00,28.655,51.0,5.3517847,Nagpur
2025-02-05 06:00:00+00:00,30.655,43.0,5.5887027,Nagpur
2025-02-05 07:00:00+00:00,31.705,40.0,6.28713,Nagpur
2025-02-05 08:00:00+00:00,32.655,37.0,5.4119864,Nagpur
2025-02-05 09:00:00+00:00,33.055,35.0,4.0249224,Nagpur
2025-02-05 10:00:00+00:00,32.955,32.0,7.172949,Nagpur
2025-02-05 11:00:00+00:00,32.505,32.0,7.628263,Nagpur
2025-02-05 12:00:00+00:00,31.755001,39.0,2.6208394,Nagpur
2025-02-05 13:00:00+00:00,30.005001,47.0,2.5959969,Nagpur
2025-02-05 14:00:00+00:00,28.255001,52.0,2.5959969,Nagpur
2025-02-05 15:00:00+00:00,27.655,53.0,1.609969,Nagpur
2025-02-05 16:00:00+00:00,27.205,54.0,4.072935,Nagpur
2025-02-05 17:00:00+00:00,25.205,59.0,7.9932966,Nagpur
2025-02-05 18:00:00+00:00,24.405,63.0,6.162207,Nagpur
2025-02-05 19:00:00+00:00,23.305,70.0,7.2359104,Nagpur
2025-02-05 20:00:00+00:00,22.555,70.0,7.5685663,Nagpur
2025-02-05 21:00:00+00:00,22.105,70.0,7.928178,Nagpur
2025-02-05 22:00:00+00:00,21.705,71.0,8.707238,Nagpur
2025-02-05 23:00:00+00:00,21.255001,73.0,9.885262,Nagpur
2025-02-06 00:00:00+00:00,20.955,73.0,9.47012,Nagpur
2025-02-06 01:00:00+00:00,20.605,73.0,9.531505,Nagpur
2025-02-06 02:00:00+00:00,20.555,72.0,9.565437,Nagpur
2025-02-06 03:00:00+00:00,21.155,68.0,12.074766,Nagpur
2025-02-06 04:00:00+00:00,22.055,63.0,12.4811535,Nagpur
2025-02-06 05:00:00+00:00,23.205,56.0,12.599998,Nagpur
2025-02-06 06:00:00+00:00,25.255001,50.0,9.511088,Nagpur
2025-02-06 07:00:00+00:00,26.255001,44.0,9.693296,Nagpur
2025-02-06 08:00:00+00:00,27.455,41.0,9.511088,Nagpur
2025-02-06 09:00:00+00:00,28.305,39.0,9.659814,Nagpur
2025-02-06 10:00:00+00:00,28.455,37.0,9.826088,Nagpur
2025-02-06 11:00:00+00:00,28.255001,36.0,9.220499,Nagpur
2025-02-06 12:00:00+00:00,27.855,39.0,5.904439,Nagpur
2025-02-06 13:00:00+00:00,25.905,45.0,4.3349743,Nagpur
2025-02-06 14:00:00+00:00,24.805,47.0,4.6938257,Nagpur
2025-02-06 15:00:00+00:00,23.305,48.0,6.0347,Nagpur
2025-02-06 16:00:00+00:00,22.005001,47.0,6.379216,Nagpur
2025-02-06 17:00:00+00:00,20.905,48.0,5.1544156,Nagpur
2025-02-06 18:00:00+00:00,19.955,49.0,3.671294,Nagpur
2025-02-06 19:00:00+00:00,19.405,50.0,3.671294,Nagpur
2025-02-06 20:00:00+00:00,19.005001,50.0,4.0249224,Nagpur
2025-02-06 21:00:00+00:00,18.655,51.0,3.7585104,Nagpur
2025-02-06 22:00:00+00:00,18.155,51.0,3.9763298,Nagpur
2025-02-06 23:00:00+00:00,17.655,52.0,4.3349743,Nagpur
2025-02-07 00:00:00+00:00,17.955,53.0,3.6179552,Nagpur
2025-02-07 01:00:00+00:00,18.155,52.0,4.0249224,Nagpur
2025-02-07 02:00:00+00:00,18.305,53.0,4.0249224,Nagpur
2025-02-07 03:00:00+00:00,19.605,51.0,5.8048253,Nagpur
2025-02-07 04:00:00+00:00,21.405,43.0,8.699793,Nagpur
2025-02-07 05:00:00+00:00,23.155,38.0,8.891343,Nagpur
2025-02-07 06:00:00+00:00,25.255001,33.0,5.991594,Nagpur
2025-02-07 07:00:00+00:00,27.205,30.0,6.3690495,Nagpur
2025-02-07 08:00:00+00:00,28.505001,30.0,6.1305785,Nagpur
2025-02-07 09:00:00+00:00,29.355,31.0,6.151683,Nagpur
2025-02-07 10:00:00+00:00,29.455,32.0,5.95906,Nagpur
2025-02-07 11:00:00+00:00,29.055,34.0,5.495161,Nagpur
2025-02-07 12:00:00+00:00,28.505001,36.0,3.8939953,Nagpur
2025-02-07 13:00:00+00:00,26.805,44.0,3.0547013,Nagpur
2025-02-07 14:00:00+00:00,25.755001,46.0,3.319036,Nagpur
2025-02-07 15:00:00+00:00,25.005001,46.0,3.8268526,Nagpur
2025-02-07 16:00:00+00:00,24.105,47.0,4.198285,Nagpur
2025-02-07 17:00:00+00:00,23.255001,50.0,3.8268526,Nagpur
2025-02-07 18:00:00+00:00,21.355,56.0,4.6102495,Nagpur
2025-02-07 19:00:00+00:00,20.555,57.0,4.39436,Nagpur
2025-02-07 20:00:00+00:00,19.755001,58.0,3.7064266,Nagpur
2025-02-07 21:00:00+00:00,19.105,59.0,3.219938,Nagpur
2025-02-07 22:00:00+00:00,18.605,60.0,2.5455842,Nagpur
2025-02-07 23:00:00+00:00,18.405,58.0,2.9024127,Nagpur
2025-02-08 00:00:00+00:00,18.355,57.0,2.5959969,Nagpur
2025-02-08 01:00:00+00:00,18.105,57.0,3.0547013,Nagpur
2025-02-08 02:00:00+00:00,18.255001,56.0,3.0547013,Nagpur
2025-02-08 03:00:00+00:00,20.055,50.0,3.6,Nagpur
2025-02-08 04:00:00+00:00,22.455,42.0,6.1305785,Nagpur
2025-02-08 05:00:00+00:00,24.705,36.0,7.386582,Nagpur
2025-02-08 06:00:00+00:00,27.505001,30.0,6.1305785,Nagpur
2025-02-08 07:00:00+00:00,29.305,29.0,5.8603754,Nagpur
2025-02-08 08:00:00+00:00,30.605,28.0,3.8268526,Nagpur
2025-02-08 09:00:00+00:00,31.255001,29.0,2.0364676,Nagpur
2025-02-08 10:00:00+00:00,31.455,29.0,2.16,Nagpur
2025-02-08 11:00:00+00:00,31.155,31.0,3.8773184,Nagpur
2025-02-08 12:00:00+00:00,30.655,34.0,3.0758414,Nagpur
2025-02-08 13:00:00+00:00,28.905,42.0,1.609969,Nagpur
2025-02-08 14:00:00+00:00,27.705,44.0,2.6208394,Nagpur
2025-02-08 15:00:00+00:00,26.755001,46.0,3.5455887,Nagpur
2025-02-08 16:00:00+00:00,25.655,48.0,5.495161,Nagpur
2025-02-08 17:00:00+00:00,23.405,55.0,5.1919937,Nagpur
2025-02-08 18:00:00+00:00,22.405,56.0,4.072935,Nagpur
2025-02-08 19:00:00+00:00,21.905,53.0,3.8939953,Nagpur
2025-02-08 20:00:00+00:00,21.155,53.0,3.8773184,Nagpur
2025-02-08 21:00:00+00:00,20.505001,53.0,3.5455887,Nagpur
2025-02-08 22:00:00+00:00,20.155,52.0,3.219938,Nagpur
2025-02-08 23:00:00+00:00,19.905,50.0,2.9024127,Nagpur
2025-02-09 00:00:00+00:00,19.555,50.0,2.2768397,Nagpur
2025-02-09 01:00:00+00:00,19.455,47.0,2.6208394,Nagpur
2025-02-09 02:00:00+00:00,19.555,46.0,2.5455842,Nagpur
2025-02-09 03:00:00+00:00,21.155,46.0,1.9386592,Nagpur
2025-02-09 04:00:00+00:00,23.905,37.0,4.3349743,Nagpur
2025-02-09 05:00:00+00:00,26.205,33.0,5.815978,Nagpur
2025-02-09 06:00:00+00:00,29.205,27.0,5.6920996,Nagpur
2025-02-09 07:00:00+00:00,30.855,26.0,4.73506,Nagpur
2025-02-09 08:00:00+00:00,32.005,25.0,1.835647,Nagpur
2025-02-09 09:00:00+00:00,32.455,26.0,1.2979984,Nagpur
2025-02-09 10:00:00+00:00,32.605,27.0,4.8433046,Nagpur
2025-02-09 11:00:00+00:00,32.105,27.0,5.3999996,Nagpur
2025-02-09 12:00:00+00:00,31.405,33.0,2.8799999,Nagpur
2025-02-09 13:00:00+00:00,29.255001,42.0,2.5455842,Nagpur
2025-02-09 14:00:00+00:00,28.105,43.0,2.968636,Nagpur
2025-02-09 15:00:00+00:00,27.155,44.0,2.968636,Nagpur
2025-02-09 16:00:00+00:00,26.205,46.0,3.396233,Nagpur
2025-02-09 17:00:00+00:00,25.405,48.0,2.5455842,Nagpur
2025-02-09 18:00:00+00:00,23.955,55.0,1.8,Nagpur
2025-02-09 19:00:00+00:00,23.255001,57.0,1.9386592,Nagpur
2025-02-09 20:00:00+00:00,22.655,59.0,2.5959969,Nagpur
2025-02-09 21:00:00+00:00,22.155,61.0,3.2599385,Nagpur
2025-02-09 22:00:00+00:00,21.555,63.0,3.2599385,Nagpur
2025-02-09 23:00:00+00:00,21.055,66.0,2.8799999,Nagpur
2025-02-10 00:00:00+00:00,19.205,77.0,2.0991426,Nagpur
2025-02-10 01:00:00+00:00,18.755001,78.0,2.3051248,Nagpur
2025-02-10 02:00:00+00:00,18.805,80.0,2.3051248,Nagpur
2025-02-10 03:00:00+00:00,21.755001,75.0,0.5091169,Nagpur
2025-02-10 04:00:00+00:00,25.505001,59.0,2.1897945,Nagpur
2025-02-10 05:00:00+00:00,28.155,49.0,5.0142193,Nagpur
2025-02-10 06:00:00+00:00,30.105,36.0,2.8116899,Nagpur
2025-02-10 07:00:00+00:00,31.655,32.0,2.1897945,Nagpur
2025-02-10 08:00:00+00:00,32.805,31.0,4.896529,Nagpur
2025-02-10 09:00:00+00:00,33.205,29.0,4.802999,Nagpur
2025-02-10 10:00:00+00:00,33.255,30.0,4.6938252,Nagpur
2025-02-10 11:00:00+00:00,32.855,32.0,3.2399998,Nagpur
2025-02-10 12:00:00+00:00,32.305,37.0,2.1897945,Nagpur
2025-02-10 13:00:00+00:00,29.405,49.0,3.6,Nagpur
2025-02-10 14:00:00+00:00,27.355,57.0,3.096837,Nagpur
2025-02-10 15:00:00+00:00,26.205,61.0,3.6,Nagpur
2025-02-10 16:00:00+00:00,25.505001,62.0,3.2599385,Nagpur
2025-02-10 17:00:00+00:00,25.355,63.0,2.4149535,Nagpur
2025-02-10 18:00:00+00:00,24.755001,66.0,3.6,Nagpur
2025-02-10 19:00:00+00:00,23.955,70.0,3.4152596,Nagpur
2025-02-10 20:00:00+00:00,23.805,70.0,2.52,Nagpur
2025-02-10 21:00:00+00:00,23.905,67.0,0.8049845,Nagpur
2025-02-10 22:00:00+00:00,23.705,66.0,2.9024127,Nagpur
2025-02-10 23:00:00+00:00,22.755001,69.0,3.319036,Nagpur
2025-02-11 00:00:00+00:00,21.705,73.0,3.0758414,Nagpur
2025-02-11 01:00:00+00:00,21.005001,74.0,3.563818,Nagpur
2025-02-11 02:00:00+00:00,20.505001,77.0,3.6,Nagpur
2025-02-11 03:00:00+00:00,23.305,72.0,2.9024127,Nagpur
2025-02-11 04:00:00+00:00,26.855,54.0,5.3517847,Nagpur
2025-02-11 05:00:00+00:00,29.105,47.0,6.4096174,Nagpur
2025-02-11 06:00:00+00:00,31.455,37.0,4.3349743,Nagpur
2025-02-11 07:00:00+00:00,32.705,34.0,2.5455842,Nagpur
2025-02-11 08:00:00+00:00,33.705,32.0,4.39436,Nagpur
2025-02-11 09:00:00+00:00,34.055,29.0,7.2,Nagpur
2025-02-11 10:00:00+00:00,33.955,28.0,7.771331,Nagpur
2025-02-11 11:00:00+00:00,33.705,28.0,6.725354,Nagpur
2025-02-11 12:00:00+00:00,32.705,35.0,4.6938252,Nagpur
2025-02-11 13:00:00+00:00,30.105,45.0,4.32,Nagpur
2025-02-11 14:00:00+00:00,28.155,51.0,4.379589,Nagpur
2025-02-11 15:00:00+00:00,27.055,53.0,4.1046314,Nagpur
2025-02-11 16:00:00+00:00,26.005001,55.0,4.3349743,Nagpur
2025-02-11 17:00:00+00:00,25.505001,56.0,4.6938252,Nagpur
2025-02-11 18:00:00+00:00,24.255001,63.0,5.154415,Nagpur
2025-02-11 19:00:00+00:00,23.705,65.0,5.315336,Nagpur
2025-02-11 20:00:00+00:00,22.905,69.0,5.495161,Nagpur
2025-02-11 21:00:00+00:00,22.105,71.0,4.6102495,Nagpur
2025-02-11 22:00:00+00:00,21.405,73.0,4.072935,Nagpur
2025-02-11 23:00:00+00:00,20.705,74.0,3.8268526,Nagpur
2025-02-12 00:00:00+00:00,20.255001,77.0,3.6,Nagpur
2025-02-12 01:00:00+00:00,19.655,77.0,3.219938,Nagpur
2025-02-12 02:00:00+00:00,19.405,78.0,3.319036,Nagpur
2025-02-12 03:00:00+00:00,22.255001,71.0,3.0758414,Nagpur
2025-02-12 04:00:00+00:00,25.655,53.0,4.32,Nagpur
2025-02-12 05:00:00+00:00,28.105,42.0,5.4833565,Nagpur
2025-02-12 06:00:00+00:00,30.355,31.0,3.8939953,Nagpur
2025-02-12 07:00:00+00:00,31.755001,26.0,6.297428,Nagpur
2025-02-12 08:00:00+00:00,32.655,25.0,7.42159,Nagpur
2025-02-12 09:00:00+00:00,33.055,24.0,8.557102,Nagpur
2025-02-12 10:00:00+00:00,33.105,25.0,9.255571,Nagpur
2025-02-12 11:00:00+00:00,33.105,20.0,9.793058,Nagpur
2025-02-12 12:00:00+00:00,32.555,22.0,6.162207,Nagpur
2025-02-12 13:00:00+00:00,29.205,31.0,4.73506,Nagpur
2025-02-12 14:00:00+00:00,26.905,37.0,5.3517847,Nagpur
2025-02-12 15:00:00+00:00,25.255001,42.0,6.696387,Nagpur
2025-02-12 16:00:00+00:00,24.155,42.0,6.9247384,Nagpur
2025-02-12 17:00:00+00:00,23.355,42.0,6.4096174,Nagpur
2025-02-12 18:00:00+00:00,21.905,47.0,5.3517847,Nagpur
2025-02-12 19:00:00+00:00,21.105,49.0,4.5820518,Nagpur
2025-02-12 20:00:00+00:00,20.255001,52.0,4.072935,Nagpur
2025-02-12 21:00:00+00:00,19.505001,54.0,3.8268526,Nagpur
2025-02-12 22:00:00+00:00,18.805,57.0,3.8939953,Nagpur
2025-02-12 23:00:00+00:00,18.305,58.0,3.8268526,Nagpur
2025-02-13 00:00:00+00:00,17.855,62.0,3.6,Nagpur
2025-02-13 01:00:00+00:00,17.555,64.0,3.7585104,Nagpur
2025-02-13 02:00:00+00:00,17.855,66.0,4.3349743,Nagpur
2025-02-13 03:00:00+00:00,20.655,60.0,7.2359104,Nagpur
2025-02-13 04:00:00+00:00,23.205,47.0,11.966953,Nagpur
2025-02-13 05:00:00+00:00,25.255001,37.0,12.4811535,Nagpur
2025-02-13 06:00:00+00:00,27.505001,27.0,8.78872,Nagpur
2025-02-13 07:00:00+00:00,29.005001,25.0,7.5942082,Nagpur
2025-02-13 08:00:00+00:00,30.005001,23.0,5.4833565,Nagpur
2025-02-13 09:00:00+00:00,30.455,22.0,4.0249224,Nagpur
2025-02-13 10:00:00+00:00,30.555,22.0,4.0249224,Nagpur
2025-02-13 11:00:00+00:00,30.155,24.0,3.7064266,Nagpur
2025-02-13 12:00:00+00:00,29.605,26.0,2.0991426,Nagpur
2025-02-13 13:00:00+00:00,28.055,33.0,1.484318,Nagpur
2025-02-13 14:00:00+00:00,26.455,34.0,3.096837,Nagpur
2025-02-13 15:00:00+00:00,24.905,37.0,2.9024127,Nagpur
2025-02-13 16:00:00+00:00,24.405,37.0,2.5455842,Nagpur
2025-02-13 17:00:00+00:00,23.105,39.0,5.1544156,Nagpur
2025-02-13 18:00:00+00:00,20.155,55.0,3.671294,Nagpur
2025-02-13 19:00:00+00:00,19.455,57.0,3.671294,Nagpur
2025-02-13 20:00:00+00:00,18.605,58.0,4.3349743,Nagpur
2025-02-13 21:00:00+00:00,17.755001,58.0,4.379589,Nagpur
2025-02-13 22:00:00+00:00,17.155,56.0,4.379589,Nagpur
2025-02-13 23:00:00+00:00,16.655,55.0,4.0249224,Nagpur
2025-02-14 00:00:00+00:00,15.055,66.0,3.5455887,Nagpur
2025-02-14 01:00:00+00:00,14.755,65.0,3.0758414,Nagpur
2025-02-14 02:00:00+00:00,15.055,65.0,3.5455887,Nagpur
2025-02-14 03:00:00+00:00,18.105,64.0,2.9024127,Nagpur
2025-02-14 04:00:00+00:00,21.805,49.0,5.4119864,Nagpur
2025-02-14 05:00:00+00:00,24.305,42.0,7.172949,Nagpur
2025-02-14 06:00:00+00:00,27.355,32.0,6.696387,Nagpur
2025-02-14 07:00:00+00:00,28.705,28.0,5.991594,Nagpur
2025-02-14 08:00:00+00:00,29.805,24.0,4.6800003,Nagpur
2025-02-14 09:00:00+00:00,30.255001,23.0,4.32,Nagpur
2025-02-14 10:00:00+00:00,30.305,24.0,4.3349743,Nagpur
2025-02-14 11:00:00+00:00,29.855,26.0,2.6208394,Nagpur
2025-02-14 12:00:00+00:00,29.705,30.0,0.5091169,Nagpur
2025-02-14 13:00:00+00:00,26.905,37.0,3.8268526,Nagpur
2025-02-14 14:00:00+00:00,24.705,40.0,4.1046314,Nagpur
2025-02-14 15:00:00+00:00,23.505001,42.0,3.8773184,Nagpur
2025-02-14 16:00:00+00:00,22.755001,45.0,2.9024127,Nagpur
2025-02-14 17:00:00+00:00,22.155,46.0,3.8773184,Nagpur
2025-02-14 18:00:00+00:00,19.455,61.0,3.4152596,Nagpur
2025-02-14 19:00:00+00:00,18.655,63.0,3.396233,Nagpur
2025-02-14 20:00:00+00:00,17.705,67.0,3.8268526,Nagpur
2025-02-14 21:00:00+00:00,16.705,72.0,4.072935,Nagpur
2025-02-14 22:00:00+00:00,15.905001,75.0,3.8268526,Nagpur
2025-02-14 23:00:00+00:00,15.255,77.0,3.8268526,Nagpur
2025-02-15 00:00:00+00:00,14.155001,85.0,3.319036,Nagpur
2025-02-15 01:00:00+00:00,13.505,86.0,3.6,Nagpur
2025-02-15 02:00:00+00:00,13.705,86.0,3.396233,Nagpur
2025-02-15 03:00:00+00:00,18.355,73.0,2.4149535,Nagpur
2025-02-15 04:00:00+00:00,23.005001,55.0,1.8,Nagpur
2025-02-15 05:00:00+00:00,26.255001,38.0,1.08,Nagpur
2025-02-15 06:00:00+00:00,29.305,27.0,0.8049845,Nagpur
2025-02-15 07:00:00+00:00,30.805,23.0,2.0364676,Nagpur
2025-02-15 08:00:00+00:00,31.855,22.0,3.319036,Nagpur
2025-02-15 09:00:00+00:00,32.305,21.0,4.8433046,Nagpur
2025-02-15 10:00:00+00:00,32.355,21.0,5.6233797,Nagpur
2025-02-15 11:00:00+00:00,31.904999,23.0,3.8773184,Nagpur
2025-02-15 12:00:00+00:00,31.755001,30.0,0.71999997,Nagpur
2025-02-15 13:00:00+00:00,28.255001,37.0,3.8939953,Nagpur
2025-02-15 14:00:00+00:00,25.755001,42.0,4.3498964,Nagpur
2025-02-15 15:00:00+00:00,24.805,45.0,2.1897945,Nagpur
2025-02-15 16:00:00+00:00,24.355,43.0,2.3051248,Nagpur
2025-02-15 17:00:00+00:00,23.205,46.0,3.2599385,Nagpur
2025-02-15 18:00:00+00:00,21.455,54.0,2.5455842,Nagpur
2025-02-15 19:00:00+00:00,20.705,56.0,2.16,Nagpur
2025-02-15 20:00:00+00:00,20.005001,60.0,2.7416782,Nagpur
2025-02-15 21:00:00+00:00,19.105,66.0,3.563818,Nagpur
2025-02-15 22:00:00+00:00,17.805,74.0,3.8268526,Nagpur
2025-02-15 23:00:00+00:00,16.805,79.0,3.563818,Nagpur
2025-02-16 00:00:00+00:00,16.255001,82.0,3.319036,Nagpur
2025-02-16 01:00:00+00:00,15.755,83.0,3.563818,Nagpur
2025-02-16 02:00:00+00:00,15.905001,81.0,3.096837,Nagpur
2025-02-16 03:00:00+00:00,19.605,68.0,3.319036,Nagpur
2025-02-16 04:00:00+00:00,24.255001,57.0,1.1384199,Nagpur
2025-02-16 05:00:00+00:00,27.805,42.0,0.5091169,Nagpur
2025-02-16 06:00:00+00:00,30.755001,33.0,1.4399999,Nagpur
2025-02-16 07:00:00+00:00,32.705,25.0,4.3349743,Nagpur
2025-02-16 08:00:00+00:00,33.655,23.0,6.2145634,Nagpur
2025-02-16 09:00:00+00:00,34.055,23.0,6.924738,Nagpur
2025-02-16 10:00:00+00:00,34.205,22.0,6.130579,Nagpur
2025-02-16 11:00:00+00:00,34.055,18.0,7.8625183,Nagpur
2025-02-16 12:00:00+00:00,32.555,22.0,5.6920996,Nagpur
2025-02-16 13:00:00+00:00,28.905,30.0,4.6800003,Nagpur
2025-02-16 14:00:00+00:00,27.155,35.0,4.3349743,Nagpur
2025-02-16 15:00:00+00:00,26.555,38.0,3.2599385,Nagpur
2025-02-16 16:00:00+00:00,25.805,39.0,4.6102495,Nagpur
2025-02-16 17:00:00+00:00,23.555,47.0,4.6102495,Nagpur
2025-02-16 18:00:00+00:00,22.755001,53.0,3.396233,Nagpur
2025-02-16 19:00:00+00:00,21.955,56.0,3.0547013,Nagpur
2025-02-16 20:00:00+00:00,21.355,57.0,2.9024127,Nagpur
2025-02-16 21:00:00+00:00,20.705,59.0,2.968636,Nagpur
2025-02-16 22:00:00+00:00,20.105,60.0,2.9024127,Nagpur
2025-02-16 23:00:00+00:00,19.605,59.0,2.968636,Nagpur
2025-02-17 00:00:00+00:00,17.805,70.0,3.7064266,Nagpur
2025-02-17 01:00:00+00:00,17.605,68.0,4.0249224,Nagpur
2025-02-17 02:00:00+00:00,18.055,68.0,4.198285,Nagpur
2025-02-17 03:00:00+00:00,21.005001,68.0,2.3051248,Nagpur
2025-02-17 04:00:00+00:00,25.355,49.0,2.968636,Nagpur
2025-02-17 05:00:00+00:00,28.055,42.0,4.5820518,Nagpur
2025-02-17 06:00:00+00:00,30.455,35.0,5.1919937,Nagpur
2025-02-17 07:00:00+00:00,32.005,30.0,4.452954,Nagpur
2025-02-17 08:00:00+00:00,32.855,27.0,2.0991426,Nagpur
2025-02-17 09:00:00+00:00,33.255,25.0,1.0182338,Nagpur
2025-02-17 10:00:00+00:00,33.305,25.0,4.1046314,Nagpur
2025-02-17 11:00:00+00:00,32.755,26.0,3.0547013,Nagpur
2025-02-17 12:00:00+00:00,32.105,32.0,1.9386592,Nagpur
2025-02-17 13:00:00+00:00,30.205,38.0,1.0182338,Nagpur
2025-02-17 14:00:00+00:00,29.005001,37.0,1.08,Nagpur
2025-02-17 15:00:00+00:00,27.655,39.0,2.0991426,Nagpur
2025-02-17 16:00:00+00:00,26.055,43.0,4.3498964,Nagpur
2025-02-17 17:00:00+00:00,24.055,53.0,3.7064266,Nagpur
2025-02-17 18:00:00+00:00,23.205,59.0,1.2979984,Nagpur
2025-02-17 19:00:00+00:00,22.905,58.0,3.8773184,Nagpur
2025-02-17 20:00:00+00:00,21.705,61.0,3.671294,Nagpur
2025-02-17 21:00:00+00:00,21.705,61.0,2.5455842,Nagpur
2025-02-17 22:00:00+00:00,21.255001,63.0,3.0758414,Nagpur
2025-02-17 23:00:00+00:00,20.305,68.0,3.8773184,Nagpur
2025-02-18 00:00:00+00:00,19.555,73.0,3.396233,Nagpur
2025-02-18 01:00:00+00:00,19.355,74.0,2.8116899,Nagpur
2025-02-18 02:00:00+00:00,19.305,76.0,2.2768397,Nagpur
2025-02-18 03:00:00+00:00,22.155,74.0,1.1384199,Nagpur
2025-02-18 04:00:00+00:00,25.655,55.0,5.1165614,Nagpur
2025-02-18 05:00:00+00:00,27.755001,49.0,6.28713,Nagpur
2025-02-18 06:00:00+00:00,30.905,37.0,6.924738,Nagpur
2025-02-18 07:00:00+00:00,32.355,34.0,4.510787,Nagpur
2025-02-18 08:00:00+00:00,33.655,28.0,1.0182338,Nagpur
2025-02-18 09:00:00+00:00,34.205,24.0,6.5693827,Nagpur
2025-02-18 10:00:00+00:00,34.005,25.0,8.534353,Nagpur
2025-02-18 11:00:00+00:00,33.305,26.0,8.225035,Nagpur
2025-02-18 12:00:00+00:00,32.255,32.0,5.0911684,Nagpur
2025-02-18 13:00:00+00:00,29.855,41.0,2.968636,Nagpur
2025-02-18 14:00:00+00:00,28.305,43.0,3.8939953,Nagpur
2025-02-18 15:00:00+00:00,26.705,47.0,4.3498964,Nagpur
2025-02-18 16:00:00+00:00,26.005001,50.0,2.4149535,Nagpur
2025-02-18 17:00:00+00:00,24.305,58.0,4.1046314,Nagpur
2025-02-18 18:00:00+00:00,24.305,59.0,4.0249224,Nagpur
2025-02-18 19:00:00+00:00,23.655,63.0,3.4152596,Nagpur
2025-02-18 20:00:00+00:00,23.155,64.0,4.2136917,Nagpur
2025-02-18 21:00:00+00:00,22.405,64.0,4.802999,Nagpur
2025-02-18 22:00:00+00:00,21.855,64.0,5.4477882,Nagpur
2025-02-18 23:00:00+00:00,21.455,64.0,5.4119864,Nagpur
2025-02-19 00:00:00+00:00,20.655,67.0,4.73506,Nagpur
2025-02-19 01:00:00+00:00,20.305,68.0,3.9763298,Nagpur
2025-02-19 02:00:00+00:00,20.605,68.0,2.8799999,Nagpur
2025-02-19 03:00:00+00:00,23.305,60.0,4.1046314,Nagpur
2025-02-19 04:00:00+00:00,26.205,50.0,8.209263,Nagpur
2025-02-19 05:00:00+00:00,28.705,43.0,9.904906,Nagpur
2025-02-19 06:00:00+00:00,30.905,40.0,7.289444,Nagpur
2025-02-19 07:00:00+00:00,32.255,36.0,7.42159,Nagpur
2025-02-19 08:00:00+00:00,33.155,31.0,5.495161,Nagpur
2025-02-19 09:00:00+00:00,33.305,29.0,4.6938257,Nagpur
2025-02-19 10:00:00+00:00,33.205,28.0,5.154415,Nagpur
2025-02-19 11:00:00+00:00,32.755,29.0,3.8773184,Nagpur
2025-02-19 12:00:00+00:00,32.355,33.0,0.35999998,Nagpur
2025-02-19 13:00:00+00:00,30.455,41.0,2.9024127,Nagpur
2025-02-19 14:00:00+00:00,28.455,45.0,3.8268526,Nagpur
2025-02-19 15:00:00+00:00,27.205,48.0,3.4152596,Nagpur
2025-02-19 16:00:00+00:00,26.605,50.0,2.9024127,Nagpur
2025-02-19 17:00:00+00:00,25.905,53.0,3.6179552,Nagpur
2025-02-19 18:00:00+00:00,24.255001,63.0,4.6938257,Nagpur
2025-02-19 19:00:00+00:00,23.755001,64.0,5.1165614,Nagpur
2025-02-19 20:00:00+00:00,23.055,66.0,5.3517847,Nagpur
2025-02-19 21:00:00+00:00,22.505001,65.0,5.00128,Nagpur
2025-02-19 22:00:00+00:00,21.855,65.0,4.0249224,Nagpur
2025-02-19 23:00:00+00:00,21.305,67.0,3.7064266,Nagpur
2025-02-20 00:00:00+00:00,20.155,68.0,4.072935,Nagpur
2025-02-20 01:00:00+00:00,19.655,71.0,3.8268526,Nagpur
2025-02-20 02:00:00+00:00,19.705,72.0,3.8268526,Nagpur
2025-02-20 03:00:00+00:00,22.755001,62.0,4.3349743,Nagpur
2025-02-20 04:00:00+00:00,26.355,51.0,4.072935,Nagpur
2025-02-20 05:00:00+00:00,29.105,42.0,3.0758414,Nagpur
2025-02-20 06:00:00+00:00,31.855,33.0,2.9024127,Nagpur
2025-02-20 07:00:00+00:00,33.055,27.0,4.39436,Nagpur
2025-02-20 08:00:00+00:00,33.955,23.0,5.1919937,Nagpur
2025-02-20 09:00:00+00:00,34.355,21.0,6.6087217,Nagpur
2025-02-20 10:00:00+00:00,34.105,21.0,6.6087217,Nagpur
2025-02-20 11:00:00+00:00,34.105,19.0,6.9247384,Nagpur
2025-02-20 12:00:00+00:00,33.155,24.0,4.829907,Nagpur
2025-02-20 13:00:00+00:00,30.705,33.0,3.319036,Nagpur
2025-02-20 14:00:00+00:00,28.555,39.0,4.1046314,Nagpur
2025-02-20 15:00:00+00:00,27.005001,45.0,3.6,Nagpur
2025-02-20 16:00:00+00:00,26.655,45.0,3.096837,Nagpur
2025-02-20 17:00:00+00:00,25.605,46.0,3.8268526,Nagpur
2025-02-20 18:00:00+00:00,24.105,47.0,4.829907,Nagpur
2025-02-20 19:00:00+00:00,23.505001,50.0,5.315336,Nagpur
2025-02-20 20:00:00+00:00,23.005001,52.0,5.0142193,Nagpur
2025-02-20 21:00:00+00:00,22.755001,53.0,4.802999,Nagpur
2025-02-20 22:00:00+00:00,22.405,53.0,3.9763298,Nagpur
2025-02-20 23:00:00+00:00,21.955,53.0,3.671294,Nagpur
2025-02-21 00:00:00+00:00,20.005001,60.0,3.8268526,Nagpur
2025-02-21 01:00:00+00:00,19.105,63.0,4.1046314,Nagpur
2025-02-21 02:00:00+00:00,18.655,66.0,4.1046314,Nagpur
2025-02-21 03:00:00+00:00,21.855,56.0,4.8433046,Nagpur
2025-02-21 04:00:00+00:00,25.655,45.0,4.8965297,Nagpur
2025-02-21 05:00:00+00:00,28.755001,35.0,5.2416787,Nagpur
2025-02-21 06:00:00+00:00,31.755001,26.0,3.8268526,Nagpur
2025-02-21 07:00:00+00:00,32.855,22.0,1.8,Nagpur
2025-02-21 08:00:00+00:00,33.605,19.0,4.1046314,Nagpur
2025-02-21 09:00:00+00:00,33.805,20.0,5.0911684,Nagpur
2025-02-21 10:00:00+00:00,33.755,21.0,3.8939953,Nagpur
2025-02-21 11:00:00+00:00,33.505,20.0,5.634891,Nagpur
2025-02-21 12:00:00+00:00,32.955,24.0,3.319036,Nagpur
2025-02-21 13:00:00+00:00,30.605,35.0,1.835647,Nagpur
2025-02-21 14:00:00+00:00,29.155,30.0,5.4477882,Nagpur
2025-02-21 15:00:00+00:00,25.655,37.0,5.00128,Nagpur
2025-02-21 16:00:00+00:00,24.605,40.0,5.6233797,Nagpur
2025-02-21 17:00:00+00:00,23.455,42.0,5.8603754,Nagpur
2025-02-21 18:00:00+00:00,22.305,49.0,5.3517847,Nagpur
2025-02-21 19:00:00+00:00,21.505001,52.0,4.6102495,Nagpur
2025-02-21 20:00:00+00:00,21.005001,53.0,3.6,Nagpur
2025-02-21 21:00:00+00:00,20.555,54.0,3.096837,Nagpur
2025-02-21 22:00:00+00:00,20.005001,54.0,3.319036,Nagpur
2025-02-21 23:00:00+00:00,19.605,56.0,3.096837,Nagpur
2025-02-22 00:00:00+00:00,18.705,58.0,3.8268526,Nagpur
2025-02-22 01:00:00+00:00,18.555,59.0,3.7064266,Nagpur
2025-02-22 02:00:00+00:00,18.705,62.0,3.7064266,Nagpur
2025-02-22 03:00:00+00:00,21.755001,56.0,5.2416787,Nagpur
2025-02-22 04:00:00+00:00,24.755001,52.0,7.5599995,Nagpur
2025-02-22 05:00:00+00:00,27.305,49.0,8.557102,Nagpur
2025-02-22 06:00:00+00:00,29.755001,41.0,7.5170207,Nagpur
2025-02-22 07:00:00+00:00,31.255001,33.0,7.2359104,Nagpur
2025-02-22 08:00:00+00:00,32.155,30.0,7.42159,Nagpur
2025-02-22 09:00:00+00:00,32.705,27.0,7.42159,Nagpur
2025-02-22 10:00:00+00:00,32.755,25.0,6.830519,Nagpur
2025-02-22 11:00:00+00:00,32.355,25.0,5.692099,Nagpur
2025-02-22 12:00:00+00:00,31.904999,29.0,1.5273507,Nagpur
2025-02-22 13:00:00+00:00,30.305,36.0,2.5455842,Nagpur
2025-02-22 14:00:00+00:00,28.755001,42.0,3.0547013,Nagpur
2025-02-22 15:00:00+00:00,26.855,47.0,4.0249224,Nagpur
2025-02-22 16:00:00+00:00,25.655,54.0,3.219938,Nagpur
2025-02-22 17:00:00+00:00,24.705,56.0,3.0758414,Nagpur
2025-02-22 18:00:00+00:00,23.455,55.0,2.2768397,Nagpur
2025-02-22 19:00:00+00:00,22.555,54.0,2.1897945,Nagpur
2025-02-22 20:00:00+00:00,21.805,52.0,3.319036,Nagpur
2025-02-22 21:00:00+00:00,20.955,51.0,3.6179552,Nagpur
2025-02-22 22:00:00+00:00,20.105,52.0,3.6,Nagpur
2025-02-22 23:00:00+00:00,19.555,53.0,4.0249224,Nagpur
2025-02-23 00:00:00+00:00,17.455,66.0,3.6179552,Nagpur
2025-02-23 01:00:00+00:00,17.305,67.0,4.0249224,Nagpur
2025-02-23 02:00:00+00:00,18.055,66.0,3.6179552,Nagpur
2025-02-23 03:00:00+00:00,21.405,57.0,4.452954,Nagpur
2025-02-23 04:00:00+00:00,24.405,46.0,6.792466,Nagpur
2025-02-23 05:00:00+00:00,26.855,39.0,8.654987,Nagpur
2025-02-23 06:00:00+00:00,29.705,30.0,7.653705,Nagpur
2025-02-23 07:00:00+00:00,30.955,26.0,7.127636,Nagpur
2025-02-23 08:00:00+00:00,31.855,22.0,6.9247384,Nagpur
2025-02-23 09:00:00+00:00,32.005,22.0,6.151683,Nagpur
2025-02-23 10:00:00+00:00,31.755001,24.0,3.7585104,Nagpur
2025-02-23 11:00:00+00:00,31.305,26.0,4.198285,Nagpur
2025-02-23 12:00:00+00:00,31.105,28.0,2.9024127,Nagpur
2025-02-23 13:00:00+00:00,27.655,40.0,4.6938252,Nagpur
2025-02-23 14:00:00+00:00,25.705,43.0,5.4119864,Nagpur
2025-02-23 15:00:00+00:00,24.555,44.0,5.771239,Nagpur
2025-02-23 16:00:00+00:00,23.455,45.0,5.506941,Nagpur
2025-02-23 17:00:00+00:00,22.755001,44.0,5.154415,Nagpur
2025-02-23 18:00:00+00:00,22.005001,47.0,3.8268526,Nagpur
2025-02-23 19:00:00+00:00,21.455,49.0,3.4152596,Nagpur
2025-02-23 20:00:00+00:00,20.905,52.0,2.7416782,Nagpur
2025-02-23 21:00:00+00:00,20.705,50.0,1.8,Nagpur
2025-02-23 22:00:00+00:00,20.255001,51.0,3.4152596,Nagpur
2025-02-23 23:00:00+00:00,19.755001,51.0,4.3349743,Nagpur
2025-02-24 00:00:00+00:00,18.655,55.0,3.396233,Nagpur
2025-02-24 01:00:00+00:00,18.755001,51.0,4.6102495,Nagpur
2025-02-24 02:00:00+00:00,19.405,49.0,4.73506,Nagpur
2025-02-24 03:00:00+00:00,21.455,48.0,5.6920996,Nagpur
2025-02-24 04:00:00+00:00,24.505001,42.0,8.404285,Nagpur
2025-02-24 05:00:00+00:00,27.105,36.0,10.464797,Nagpur
2025-02-24 06:00:00+00:00,30.155,29.0,10.24578,Nagpur
2025-02-24 07:00:00+00:00,31.455,26.0,8.905908,Nagpur
2025-02-24 08:00:00+00:00,32.405,23.0,6.924738,Nagpur
2025-02-24 09:00:00+00:00,32.655,22.0,3.8939953,Nagpur
2025-02-24 10:00:00+00:00,32.455,22.0,4.6938252,Nagpur
2025-02-24 11:00:00+00:00,31.904999,22.0,5.771239,Nagpur
2025-02-24 12:00:00+00:00,31.105,26.0,5.991594,Nagpur
2025-02-24 13:00:00+00:00,27.955,36.0,4.6102495,Nagpur
2025-02-24 14:00:00+00:00,26.255001,40.0,4.3349743,Nagpur
2025-02-24 15:00:00+00:00,25.505001,41.0,3.8939953,Nagpur
2025-02-24 16:00:00+00:00,25.055,42.0,3.563818,Nagpur
2025-02-24 17:00:00+00:00,24.255001,44.0,3.4152596,Nagpur
2025-02-24 18:00:00+00:00,23.355,48.0,4.32,Nagpur
2025-02-24 19:00:00+00:00,21.605,55.0,4.6938252,Nagpur
2025-02-24 20:00:00+00:00,20.905,56.0,4.5536795,Nagpur
2025-02-24 21:00:00+00:00,20.255001,57.0,4.510787,Nagpur
2025-02-24 22:00:00+00:00,19.655,58.0,4.0249224,Nagpur
2025-02-24 23:00:00+00:00,19.055,58.0,4.6938252,Nagpur
2025-02-25 00:00:00+00:00,19.305,56.0,3.9763298,Nagpur
2025-02-25 01:00:00+00:00,18.755001,56.0,3.96,Nagpur
2025-02-25 02:00:00+00:00,18.855,56.0,4.0249224,Nagpur
2025-02-25 03:00:00+00:00,21.505001,48.0,6.151683,Nagpur
2025-02-25 04:00:00+00:00,24.655,40.0,9.290511,Nagpur
2025-02-25 05:00:00+00:00,27.405,35.0,11.019764,Nagpur
2025-02-25 06:00:00+00:00,30.155,30.0,9.885262,Nagpur
2025-02-25 07:00:00+00:00,31.455,28.0,9.3669195,Nagpur
2025-02-25 08:00:00+00:00,32.305,28.0,7.9932976,Nagpur
2025-02-25 09:00:00+00:00,32.705,27.0,5.8048253,Nagpur
2025-02-25 10:00:00+00:00,32.605,26.0,4.072935,Nagpur
2025-02-25 11:00:00+00:00,32.155,27.0,5.8603754,Nagpur
2025-02-25 12:00:00+00:00,31.505001,29.0,5.5887027,Nagpur
2025-02-25 13:00:00+00:00,28.705,40.0,4.198285,Nagpur
2025-02-25 14:00:00+00:00,27.155,45.0,4.1046314,Nagpur
2025-02-25 15:00:00+00:00,26.355,46.0,3.563818,Nagpur
2025-02-25 16:00:00+00:00,25.955,45.0,3.6,Nagpur
2025-02-25 17:00:00+00:00,25.355,46.0,3.8268526,Nagpur
2025-02-25 18:00:00+00:00,23.405,55.0,3.8268526,Nagpur
2025-02-25 19:00:00+00:00,22.755001,57.0,3.7064266,Nagpur
2025-02-25 20:00:00+00:00,22.105,58.0,3.4152596,Nagpur
2025-02-25 21:00:00+00:00,21.655,57.0,2.9024127,Nagpur
2025-02-25 22:00:00+00:00,21.255001,54.0,3.4152596,Nagpur
2025-02-25 23:00:00+00:00,20.705,52.0,2.968636,Nagpur
2025-02-26 00:00:00+00:00,20.505001,48.0,3.9763298,Nagpur
2025-02-26 01:00:00+00:00,20.055,47.0,4.0249224,Nagpur
2025-02-26 02:00:00+00:00,19.955,48.0,4.0249224,Nagpur
2025-02-26 03:00:00+00:00,22.655,44.0,5.3517847,Nagpur
2025-02-26 04:00:00+00:00,25.605,38.0,8.4963045,Nagpur
2025-02-26 05:00:00+00:00,28.205,33.0,10.685391,Nagpur
2025-02-26 06:00:00+00:00,30.405,29.0,9.693296,Nagpur
2025-02-26 07:00:00+00:00,31.855,26.0,9.085988,Nagpur
2025-02-26 08:00:00+00:00,32.705,25.0,7.386582,Nagpur
2025-02-26 09:00:00+00:00,32.905,25.0,6.489992,Nagpur
2025-02-26 10:00:00+00:00,32.705,26.0,6.1305785,Nagpur
2025-02-26 11:00:00+00:00,32.105,27.0,5.6233797,Nagpur
2025-02-26 12:00:00+00:00,31.755001,29.0,3.8773184,Nagpur
2025-02-26 13:00:00+00:00,29.605,38.0,2.7416782,Nagpur
2025-02-26 14:00:00+00:00,28.205,39.0,3.396233,Nagpur
2025-02-26 15:00:00+00:00,26.905,40.0,2.9024127,Nagpur
2025-02-26 16:00:00+00:00,26.505001,38.0,2.8116899,Nagpur
2025-02-26 17:00:00+00:00,25.755001,38.0,2.6208394,Nagpur
2025-02-26 18:00:00+00:00,22.155,52.0,2.8799999,Nagpur
2025-02-26 19:00:00+00:00,21.405,54.0,3.6179552,Nagpur
2025-02-26 20:00:00+00:00,20.755001,56.0,4.3349743,Nagpur
2025-02-26 21:00:00+00:00,20.105,58.0,4.32,Nagpur
2025-02-26 22:00:00+00:00,19.455,60.0,5.0911684,Nagpur
2025-02-26 23:00:00+00:00,18.805,62.0,4.73506,Nagpur
2025-02-27 00:00:00+00:00,19.305,60.0,3.2599385,Nagpur
2025-02-27 01:00:00+00:00,18.805,62.0,2.968636,Nagpur
2025-02-27 02:00:00+00:00,19.205,63.0,2.7416782,Nagpur
2025-02-27 03:00:00+00:00,22.505001,60.0,1.835647,Nagpur
2025-02-27 04:00:00+00:00,25.755001,45.0,5.3517847,Nagpur
2025-02-27 05:00:00+00:00,28.455,39.0,6.792466,Nagpur
2025-02-27 06:00:00+00:00,31.605,30.0,7.2359104,Nagpur
2025-02-27 07:00:00+00:00,33.255,26.0,6.379216,Nagpur
2025-02-27 08:00:00+00:00,34.155,23.0,3.6179552,Nagpur
2025-02-27 09:00:00+00:00,34.505,22.0,2.2768397,Nagpur
2025-02-27 10:00:00+00:00,34.505,20.0,2.5959969,Nagpur
2025-02-27 11:00:00+00:00,34.005,21.0,3.319036,Nagpur
2025-02-27 12:00:00+00:00,32.655,27.0,3.8268526,Nagpur
2025-02-27 13:00:00+00:00,29.805,37.0,3.396233,Nagpur
2025-02-27 14:00:00+00:00,27.655,41.0,4.3349743,Nagpur
2025-02-27 15:00:00+00:00,25.755001,44.0,4.198285,Nagpur
2025-02-27 16:00:00+00:00,24.755001,47.0,3.396233,Nagpur
2025-02-27 17:00:00+00:00,24.205,48.0,2.7416782,Nagpur
2025-02-27 18:00:00+00:00,23.405,50.0,1.08,Nagpur
2025-02-27 19:00:00+00:00,22.855,51.0,2.6208394,Nagpur
2025-02-27 20:00:00+00:00,22.005001,54.0,3.2599385,Nagpur
2025-02-27 21:00:00+00:00,21.405,56.0,3.2599385,Nagpur
2025-02-27 22:00:00+00:00,21.055,57.0,2.5455842,Nagpur
2025-02-27 23:00:00+00:00,20.605,59.0,2.2768397,Nagpur
2025-02-28 00:00:00+00:00,20.505001,61.0,1.1384199,Nagpur
2025-02-28 01:00:00+00:00,20.205,61.0,1.2979984,Nagpur
2025-02-28 02:00:00+00:00,20.555,61.0,1.0182338,Nagpur
2025-02-28 03:00:00+00:00,23.355,60.0,0.71999997,Nagpur
2025-02-28 04:00:00+00:00,26.705,48.0,2.5455842,Nagpur
2025-02-28 05:00:00+00:00,29.655,41.0,4.6938252,Nagpur
2025-02-28 06:00:00+00:00,32.455,30.0,4.1046314,Nagpur
2025-02-28 07:00:00+00:00,34.005,27.0,5.3517847,Nagpur
2025-02-28 08:00:00+00:00,34.955,24.0,5.991594,Nagpur
2025-02-28 09:00:00+00:00,35.405,23.0,6.151683,Nagpur
2025-02-28 10:00:00+00:00,35.405,22.0,5.937272,Nagpur
2025-02-28 11:00:00+00:00,34.905,22.0,4.3349743,Nagpur
2025-02-28 12:00:00+00:00,34.305,26.0,1.484318,Nagpur
2025-02-28 13:00:00+00:00,32.505,33.0,2.2768397,Nagpur
2025-02-28 14:00:00+00:00,30.805,33.0,3.563818,Nagpur
2025-02-28 15:00:00+00:00,28.755001,37.0,4.198285,Nagpur
2025-02-28 16:00:00+00:00,26.505001,46.0,5.0142193,Nagpur
2025-02-28 17:00:00+00:00,25.805,53.0,4.379589,Nagpur
2025-02-28 18:00:00+00:00,24.855,58.0,4.6938252,Nagpur
2025-02-28 19:00:00+00:00,24.405,59.0,4.0249224,Nagpur
2025-02-28 20:00:00+00:00,23.655,61.0,4.0249224,Nagpur
2025-02-28 21:00:00+00:00,22.755001,66.0,3.2399998,Nagpur
2025-02-28 22:00:00+00:00,22.705,67.0,1.609969,Nagpur
2025-02-28 23:00:00+00:00,22.255001,68.0,2.7416782,Nagpur
2025-03-01 00:00:00+00:00,21.305,70.0,2.9024127,Nagpur
2025-03-01 01:00:00+00:00,20.555,74.0,2.2768397,Nagpur
2025-03-01 02:00:00+00:00,21.155,73.0,1.9386592,Nagpur
2025-03-01 03:00:00+00:00,24.505001,64.0,2.9024127,Nagpur
2025-03-01 04:00:00+00:00,27.955,53.0,6.162207,Nagpur
2025-03-01 05:00:00+00:00,30.505001,45.0,9.793059,Nagpur
2025-03-01 06:00:00+00:00,32.755,38.0,7.653705,Nagpur
2025-03-01 07:00:00+00:00,34.305,32.0,8.669949,Nagpur
2025-03-01 08:00:00+00:00,35.355,27.0,7.8954163,Nagpur
2025-03-01 09:00:00+00:00,35.805,25.0,7.491114,Nagpur
2025-03-01 10:00:00+00:00,35.605,24.0,7.10031,Nagpur
2025-03-01 11:00:00+00:00,35.155,25.0,7.729527,Nagpur
2025-03-01 12:00:00+00:00,34.405,28.0,5.6233797,Nagpur
2025-03-01 13:00:00+00:00,32.005,37.0,3.7064266,Nagpur
2025-03-01 14:00:00+00:00,30.105,42.0,4.0249224,Nagpur
2025-03-01 15:00:00+00:00,28.805,45.0,4.452954,Nagpur
2025-03-01 16:00:00+00:00,28.205,47.0,3.8773184,Nagpur
2025-03-01 17:00:00+00:00,28.005001,50.0,1.2979984,Nagpur
2025-03-01 18:00:00+00:00,26.855,53.0,0.8049845,Nagpur
2025-03-01 19:00:00+00:00,26.105,56.0,1.5273507,Nagpur
2025-03-01 20:00:00+00:00,25.455,57.0,1.484318,Nagpur
2025-03-01 21:00:00+00:00,25.055,58.0,2.5959969,Nagpur
2025-03-01 22:00:00+00:00,24.055,63.0,3.2599385,Nagpur
2025-03-01 23:00:00+00:00,22.855,72.0,2.9024127,Nagpur
2025-03-02 00:00:00+00:00,23.155,71.0,2.2768397,Nagpur
2025-03-02 01:00:00+00:00,22.455,75.0,1.835647,Nagpur
2025-03-02 02:00:00+00:00,22.455,77.0,1.1384199,Nagpur
2025-03-02 03:00:00+00:00,24.755001,69.0,0.5091169,Nagpur
2025-03-02 04:00:00+00:00,27.555,58.0,1.2979984,Nagpur
2025-03-02 05:00:00+00:00,29.855,49.0,3.6,Nagpur
2025-03-02 06:00:00+00:00,32.355,38.0,3.6179552,Nagpur
2025-03-02 07:00:00+00:00,33.655,34.0,4.6938252,Nagpur
2025-03-02 08:00:00+00:00,34.955,27.0,6.725354,Nagpur
2025-03-02 09:00:00+00:00,35.105,25.0,7.2,Nagpur
2025-03-02 10:00:00+00:00,35.055,25.0,8.287822,Nagpur
2025-03-02 11:00:00+00:00,34.955,24.0,6.638072,Nagpur
2025-03-02 12:00:00+00:00,34.355,29.0,5.4477882,Nagpur
2025-03-02 13:00:00+00:00,32.305,37.0,3.096837,Nagpur
2025-03-02 14:00:00+00:00,30.505001,42.0,4.452954,Nagpur
2025-03-02 15:00:00+00:00,29.105,48.0,4.3349743,Nagpur
2025-03-02 16:00:00+00:00,28.305,51.0,4.8433046,Nagpur
2025-03-02 17:00:00+00:00,27.405,53.0,4.8433046,Nagpur
2025-03-02 18:00:00+00:00,26.155,55.0,4.8433046,Nagpur
2025-03-02 19:00:00+00:00,25.005001,56.0,5.00128,Nagpur
2025-03-02 20:00:00+00:00,24.205,55.0,4.8965297,Nagpur
2025-03-02 21:00:00+00:00,23.505001,53.0,4.3349743,Nagpur
2025-03-02 22:00:00+00:00,22.505001,54.0,4.39436,Nagpur
2025-03-02 23:00:00+00:00,21.655,56.0,3.7064266,Nagpur
2025-03-03 00:00:00+00:00,20.755001,64.0,2.9024127,Nagpur
2025-03-03 01:00:00+00:00,20.605,62.0,3.219938,Nagpur
2025-03-03 02:00:00+00:00,21.355,61.0,3.319036,Nagpur
2025-03-03 03:00:00+00:00,24.455,53.0,5.3999996,Nagpur
2025-03-03 04:00:00+00:00,26.605,47.0,8.759178,Nagpur
2025-03-03 05:00:00+00:00,28.555,46.0,8.427383,Nagpur
2025-03-03 06:00:00+00:00,32.055,34.0,5.8603754,Nagpur
2025-03-03 07:00:00+00:00,33.605,29.0,4.3498964,Nagpur
2025-03-03 08:00:00+00:00,34.805,24.0,5.991594,Nagpur
2025-03-03 09:00:00+00:00,35.205,23.0,7.491114,Nagpur
2025-03-03 10:00:00+00:00,35.105,24.0,5.904439,Nagpur
2025-03-03 11:00:00+00:00,34.805,23.0,4.510787,Nagpur
2025-03-03 12:00:00+00:00,34.305,27.0,1.484318,Nagpur
2025-03-03 13:00:00+00:00,31.705,36.0,3.8268526,Nagpur
2025-03-03 14:00:00+00:00,29.455,43.0,4.802999,Nagpur
2025-03-03 15:00:00+00:00,28.155,51.0,5.495161,Nagpur
2025-03-03 16:00:00+00:00,27.455,55.0,4.3349743,Nagpur
2025-03-03 17:00:00+00:00,26.605,56.0,4.198285,Nagpur
2025-03-03 18:00:00+00:00,25.455,57.0,4.829907,Nagpur
2025-03-03 19:00:00+00:00,24.605,55.0,3.671294,Nagpur
2025-03-03 20:00:00+00:00,23.905,56.0,3.319036,Nagpur
2025-03-03 21:00:00+00:00,23.555,58.0,2.6208394,Nagpur
2025-03-03 22:00:00+00:00,23.355,58.0,1.835647,Nagpur
2025-03-03 23:00:00+00:00,23.005001,59.0,3.0758414,Nagpur
2025-03-04 00:00:00+00:00,22.105,63.0,3.096837,Nagpur
2025-03-04 01:00:00+00:00,21.405,66.0,3.096837,Nagpur
2025-03-04 02:00:00+00:00,21.605,67.0,1.835647,Nagpur
2025-03-04 03:00:00+00:00,24.355,58.0,0.35999998,Nagpur
2025-03-04 04:00:00+00:00,27.605,47.0,1.0182338,Nagpur
2025-03-04 05:00:00+00:00,30.005001,41.0,1.8,Nagpur
2025-03-04 06:00:00+00:00,33.105,29.0,3.8268526,Nagpur
2025-03-04 07:00:00+00:00,34.305,27.0,6.193674,Nagpur
2025-03-04 08:00:00+00:00,35.305,25.0,7.8954163,Nagpur
2025-03-04 09:00:00+00:00,35.755,24.0,8.089993,Nagpur
2025-03-04 10:00:00+00:00,35.705,24.0,7.754637,Nagpur
2025-03-04 11:00:00+00:00,35.305,24.0,8.699793,Nagpur
2025-03-04 12:00:00+00:00,34.755,25.0,7.172949,Nagpur
2025-03-04 13:00:00+00:00,32.055,32.0,4.3498964,Nagpur
2025-03-04 14:00:00+00:00,29.855,37.0,5.0911684,Nagpur
2025-03-04 15:00:00+00:00,27.905,37.0,7.491114,Nagpur
2025-03-04 16:00:00+00:00,26.605,37.0,8.217153,Nagpur
2025-03-04 17:00:00+00:00,25.505001,43.0,6.792466,Nagpur
2025-03-04 18:00:00+00:00,25.005001,45.0,4.6938257,Nagpur
2025-03-04 19:00:00+00:00,24.005001,48.0,4.8433046,Nagpur
2025-03-04 20:00:00+00:00,23.055,49.0,5.3999996,Nagpur
2025-03-04 21:00:00+00:00,22.355,49.0,5.4833565,Nagpur
2025-03-04 22:00:00+00:00,21.205,48.0,5.6920996,Nagpur
2025-03-04 23:00:00+00:00,20.355,46.0,5.1544156,Nagpur
2025-03-05 00:00:00+00:00,19.805,46.0,5.1544156,Nagpur
2025-03-05 01:00:00+00:00,19.105,46.0,5.1544156,Nagpur
2025-03-05 02:00:00+00:00,19.205,44.0,6.2145634,Nagpur
2025-03-05 03:00:00+00:00,21.855,35.0,9.3669195,Nagpur
2025-03-05 04:00:00+00:00,24.755001,28.0,13.849476,Nagpur
2025-03-05 05:00:00+00:00,26.805,22.0,13.358861,Nagpur
2025-03-05 06:00:00+00:00,28.455,20.0,8.12197,Nagpur
2025-03-05 07:00:00+00:00,29.705,19.0,6.130579,Nagpur
2025-03-05 08:00:00+00:00,30.805,18.0,6.0347,Nagpur
2025-03-05 09:00:00+00:00,31.555,18.0,6.6087217,Nagpur
2025-03-05 10:00:00+00:00,31.955002,17.0,7.2,Nagpur
2025-03-05 11:00:00+00:00,32.005,16.0,6.3690495,Nagpur
2025-03-05 12:00:00+00:00,31.355,20.0,2.1897945,Nagpur
2025-03-05 13:00:00+00:00,29.855,27.0,0.8049845,Nagpur
2025-03-05 14:00:00+00:00,28.855,26.0,5.6920996,Nagpur
2025-03-05 15:00:00+00:00,24.755001,28.0,5.6920996,Nagpur
2025-03-05 16:00:00+00:00,23.255001,27.0,5.0142193,Nagpur
2025-03-05 17:00:00+00:00,21.955,33.0,4.510787,Nagpur
2025-03-05 18:00:00+00:00,20.905,36.0,4.6102495,Nagpur
2025-03-05 19:00:00+00:00,20.055,39.0,4.8433046,Nagpur
2025-03-05 20:00:00+00:00,19.355,40.0,5.1919937,Nagpur
2025-03-05 21:00:00+00:00,18.905,40.0,5.315336,Nagpur
2025-03-05 22:00:00+00:00,18.605,41.0,4.829907,Nagpur
2025-03-05 23:00:00+00:00,18.305,41.0,4.0249224,Nagpur
2025-03-06 00:00:00+00:00,16.755001,48.0,4.198285,Nagpur
2025-03-06 01:00:00+00:00,16.655,48.0,3.7064266,Nagpur
2025-03-06 02:00:00+00:00,17.105,49.0,2.9024127,Nagpur
2025-03-06 03:00:00+00:00,19.905,42.0,2.968636,Nagpur
2025-03-06 04:00:00+00:00,23.005001,33.0,5.8048253,Nagpur
2025-03-06 05:00:00+00:00,25.205,29.0,5.4833565,Nagpur
2025-03-06 06:00:00+00:00,28.755001,21.0,4.6102495,Nagpur
2025-03-06 07:00:00+00:00,30.155,19.0,2.8116899,Nagpur
2025-03-06 08:00:00+00:00,31.355,16.0,1.0182338,Nagpur
2025-03-06 09:00:00+00:00,32.155,15.0,2.0991426,Nagpur
2025-03-06 10:00:00+00:00,32.455,14.0,4.6800003,Nagpur
2025-03-06 11:00:00+00:00,32.055,15.0,4.6800003,Nagpur
2025-03-06 12:00:00+00:00,31.655,19.0,2.1897945,Nagpur
2025-03-06 13:00:00+00:00,29.455,26.0,3.6,Nagpur
2025-03-06 14:00:00+00:00,26.855,30.0,5.0911684,Nagpur
2025-03-06 15:00:00+00:00,24.805,36.0,5.3999996,Nagpur
2025-03-06 16:00:00+00:00,23.855,40.0,3.7064266,Nagpur
2025-03-06 17:00:00+00:00,23.355,44.0,2.968636,Nagpur
2025-03-06 18:00:00+00:00,21.655,48.0,3.2399998,Nagpur
2025-03-06 19:00:00+00:00,21.055,48.0,2.968636,Nagpur
2025-03-06 20:00:00+00:00,20.255001,50.0,3.0758414,Nagpur
2025-03-06 21:00:00+00:00,19.405,52.0,2.9024127,Nagpur
2025-03-06 22:00:00+00:00,18.405,55.0,3.6,Nagpur
2025-03-06 23:00:00+00:00,17.405,58.0,3.8939953,Nagpur
2025-03-07 00:00:00+00:00,14.905001,70.0,4.3349743,Nagpur
2025-03-07 01:00:00+00:00,14.305,68.0,4.8433046,Nagpur
2025-03-07 02:00:00+00:00,15.255,65.0,4.1046314,Nagpur
2025-03-07 03:00:00+00:00,20.205,51.0,3.319036,Nagpur
2025-03-07 04:00:00+00:00,24.705,37.0,2.8799999,Nagpur
2025-03-07 05:00:00+00:00,27.805,29.0,5.154415,Nagpur
2025-03-07 06:00:00+00:00,31.305,19.0,4.6800003,Nagpur
2025-03-07 07:00:00+00:00,32.605,15.0,3.671294,Nagpur
2025-03-07 08:00:00+00:00,33.605,14.0,3.5455887,Nagpur
2025-03-07 09:00:00+00:00,34.155,13.0,3.563818,Nagpur
2025-03-07 10:00:00+00:00,34.205,13.0,4.198285,Nagpur
2025-03-07 11:00:00+00:00,33.855,14.0,4.6800003,Nagpur
2025-03-07 12:00:00+00:00,32.705,17.0,3.2599385,Nagpur
2025-03-07 13:00:00+00:00,30.305,25.0,2.16,Nagpur
2025-03-07 14:00:00+00:00,28.155,26.0,2.6208394,Nagpur
2025-03-07 15:00:00+00:00,26.655,25.0,0.0,Nagpur
2025-03-07 16:00:00+00:00,25.055,28.0,2.968636,Nagpur
2025-03-07 17:00:00+00:00,24.155,30.0,2.4149535,Nagpur
2025-03-07 18:00:00+00:00,23.255001,31.0,0.5091169,Nagpur
2025-03-07 19:00:00+00:00,21.905,35.0,2.2768397,Nagpur
2025-03-07 20:00:00+00:00,20.805,38.0,4.072935,Nagpur
2025-03-07 21:00:00+00:00,19.805,43.0,4.1046314,Nagpur
2025-03-07 22:00:00+00:00,18.205,48.0,4.3349743,Nagpur
2025-03-07 23:00:00+00:00,17.255001,50.0,3.8268526,Nagpur
2025-02-04 00:00:00+00:00,24.234499,81.0,3.2399998,Visakhapatnam
2025-02-04 01:00:00+00:00,23.9345,81.0,3.2599385,Visakhapatnam
2025-02-04 02:00:00+00:00,23.5845,81.0,3.2399998,Visakhapatnam
2025-02-04 03:00:00+00:00,25.8345,66.0,2.5455842,Visakhapatnam
2025-02-04 04:00:00+00:00,28.0845,60.0,3.7585104,Visakhapatnam
2025-02-04 05:00:00+00:00,29.484499,59.0,5.5887027,Visakhapatnam
2025-02-04 06:00:00+00:00,29.884499,62.0,7.754637,Visakhapatnam
2025-02-04 07:00:00+00:00,30.0345,63.0,9.693296,Visakhapatnam
2025-02-04 08:00:00+00:00,29.884499,63.0,10.799999,Visakhapatnam
2025-02-04 09:00:00+00:00,29.484499,64.0,10.703569,Visakhapatnam
2025-02-04 10:00:00+00:00,28.884499,67.0,10.182337,Visakhapatnam
2025-02-04 11:00:00+00:00,28.0345,72.0,9.422101,Visakhapatnam
2025-02-04 12:00:00+00:00,27.2845,81.0,8.714677,Visakhapatnam
2025-02-04 13:00:00+00:00,26.5345,86.0,7.127636,Visakhapatnam
2025-02-04 14:00:00+00:00,26.2845,87.0,2.5455842,Visakhapatnam
2025-02-04 15:00:00+00:00,26.134499,88.0,2.0364676,Visakhapatnam
2025-02-04 16:00:00+00:00,25.9345,90.0,2.0364676,Visakhapatnam
2025-02-04 17:00:00+00:00,25.8345,90.0,1.4399999,Visakhapatnam
2025-02-04 18:00:00+00:00,25.6845,91.0,1.4399999,Visakhapatnam
2025-02-04 19:00:00+00:00,25.6845,90.0,0.5091169,Visakhapatnam
2025-02-04 20:00:00+00:00,25.5345,91.0,0.35999998,Visakhapatnam
2025-02-04 21:00:00+00:00,25.5345,91.0,0.71999997,Visakhapatnam
2025-02-04 22:00:00+00:00,25.3345,92.0,0.5091169,Visakhapatnam
2025-02-04 23:00:00+00:00,25.1845,92.0,0.35999998,Visakhapatnam
2025-02-05 00:00:00+00:00,24.5345,94.0,1.1384199,Visakhapatnam
2025-02-05 01:00:00+00:00,24.484499,94.0,1.484318,Visakhapatnam
2025-02-05 02:00:00+00:00,24.734499,94.0,1.609969,Visakhapatnam
2025-02-05 03:00:00+00:00,26.0345,84.0,0.71999997,Visakhapatnam
2025-02-05 04:00:00+00:00,27.4345,74.0,2.52,Visakhapatnam
2025-02-05 05:00:00+00:00,28.5345,70.0,4.379589,Visakhapatnam
2025-02-05 06:00:00+00:00,29.3345,65.0,8.473393,Visakhapatnam
2025-02-05 07:00:00+00:00,29.5345,63.0,10.829959,Visakhapatnam
2025-02-05 08:00:00+00:00,29.234499,63.0,13.1041975,Visakhapatnam
2025-02-05 09:00:00+00:00,28.9345,65.0,13.450708,Visakhapatnam
2025-02-05 10:00:00+00:00,28.384499,70.0,13.202726,Visakhapatnam
2025-02-05 11:00:00+00:00,27.634499,77.0,11.570515,Visakhapatnam
2025-02-05 12:00:00+00:00,27.6845,76.0,9.0645685,Visakhapatnam
2025-02-05 13:00:00+00:00,26.984499,81.0,5.8048253,Visakhapatnam
2025-02-05 14:00:00+00:00,26.734499,84.0,3.563818,Visakhapatnam
2025-02-05 15:00:00+00:00,26.4345,86.0,3.396233,Visakhapatnam
2025-02-05 16:00:00+00:00,26.1845,88.0,3.096837,Visakhapatnam
2025-02-05 17:00:00+00:00,26.0345,89.0,3.396233,Visakhapatnam
2025-02-05 18:00:00+00:00,25.7845,88.0,3.219938,Visakhapatnam
2025-02-05 19:00:00+00:00,25.634499,89.0,3.2599385,Visakhapatnam
2025-02-05 20:00:00+00:00,25.384499,89.0,3.2599385,Visakhapatnam
2025-02-05 21:00:00+00:00,25.134499,90.0,2.52,Visakhapatnam
2025-02-05 22:00:00+00:00,24.984499,90.0,2.5455842,Visakhapatnam
2025-02-05 23:00:00+00:00,24.734499,90.0,2.5455842,Visakhapatnam
2025-02-06 00:00:00+00:00,23.884499,92.0,2.1897945,Visakhapatnam
2025-02-06 01:00:00+00:00,23.8345,91.0,2.1897945,Visakhapatnam
2025-02-06 02:00:00+00:00,24.234499,89.0,2.0991426,Visakhapatnam
2025-02-06 03:00:00+00:00,26.2845,76.0,2.8116899,Visakhapatnam
2025-02-06 04:00:00+00:00,28.1845,67.0,5.00128,Visakhapatnam
2025-02-06 05:00:00+00:00,29.634499,61.0,6.379216,Visakhapatnam
2025-02-06 06:00:00+00:00,30.1845,59.0,9.47012,Visakhapatnam
2025-02-06 07:00:00+00:00,30.0345,60.0,11.901798,Visakhapatnam
2025-02-06 08:00:00+00:00,29.5845,60.0,13.363711,Visakhapatnam
2025-02-06 09:00:00+00:00,29.234499,61.0,12.959999,Visakhapatnam
2025-02-06 10:00:00+00:00,28.884499,61.0,12.287555,Visakhapatnam
2025-02-06 11:00:00+00:00,28.0845,65.0,11.212135,Visakhapatnam
2025-02-06 12:00:00+00:00,27.6845,72.0,8.669949,Visakhapatnam
2025-02-06 13:00:00+00:00,26.9345,78.0,5.0911684,Visakhapatnam
2025-02-06 14:00:00+00:00,26.5845,78.0,3.8268526,Visakhapatnam
2025-02-06 15:00:00+00:00,26.1845,80.0,4.3498964,Visakhapatnam
2025-02-06 16:00:00+00:00,25.984499,82.0,4.510787,Visakhapatnam
2025-02-06 17:00:00+00:00,25.884499,83.0,4.0249224,Visakhapatnam
2025-02-06 18:00:00+00:00,25.7845,84.0,3.5455887,Visakhapatnam
2025-02-06 19:00:00+00:00,25.634499,84.0,2.7416782,Visakhapatnam
2025-02-06 20:00:00+00:00,25.5345,84.0,2.0991426,Visakhapatnam
2025-02-06 21:00:00+00:00,25.4345,85.0,1.5273507,Visakhapatnam
2025-02-06 22:00:00+00:00,25.384499,87.0,2.5959969,Visakhapatnam
2025-02-06 23:00:00+00:00,25.2845,89.0,2.3051248,Visakhapatnam
2025-02-07 00:00:00+00:00,25.5345,91.0,1.08,Visakhapatnam
2025-02-07 01:00:00+00:00,25.384499,91.0,1.9386592,Visakhapatnam
2025-02-07 02:00:00+00:00,25.4345,92.0,2.52,Visakhapatnam
2025-02-07 03:00:00+00:00,26.5845,85.0,2.5455842,Visakhapatnam
2025-02-07 04:00:00+00:00,27.634499,78.0,1.609969,Visakhapatnam
2025-02-07 05:00:00+00:00,28.6845,71.0,1.8,Visakhapatnam
2025-02-07 06:00:00+00:00,29.634499,65.0,4.3349743,Visakhapatnam
2025-02-07 07:00:00+00:00,30.234499,61.0,7.2,Visakhapatnam
2025-02-07 08:00:00+00:00,29.9345,64.0,9.693296,Visakhapatnam
2025-02-07 09:00:00+00:00,29.2845,67.0,10.144082,Visakhapatnam
2025-02-07 10:00:00+00:00,28.734499,66.0,10.24578,Visakhapatnam
2025-02-07 11:00:00+00:00,27.984499,71.0,10.144082,Visakhapatnam
2025-02-07 12:00:00+00:00,27.634499,75.0,7.7043357,Visakhapatnam
2025-02-07 13:00:00+00:00,27.0845,78.0,6.193674,Visakhapatnam
2025-02-07 14:00:00+00:00,26.8345,81.0,4.39436,Visakhapatnam
2025-02-07 15:00:00+00:00,26.6845,84.0,4.3498964,Visakhapatnam
2025-02-07 16:00:00+00:00,26.5345,85.0,3.9763298,Visakhapatnam
2025-02-07 17:00:00+00:00,26.384499,86.0,3.7585104,Visakhapatnam
2025-02-07 18:00:00+00:00,25.9345,89.0,2.9024127,Visakhapatnam
2025-02-07 19:00:00+00:00,25.6845,90.0,2.968636,Visakhapatnam
2025-02-07 20:00:00+00:00,25.4345,90.0,2.8799999,Visakhapatnam
2025-02-07 21:00:00+00:00,25.0345,91.0,2.9024127,Visakhapatnam
2025-02-07 22:00:00+00:00,24.634499,92.0,2.968636,Visakhapatnam
2025-02-07 23:00:00+00:00,24.234499,93.0,2.968636,Visakhapatnam
2025-02-08 00:00:00+00:00,24.0345,94.0,2.9024127,Visakhapatnam
2025-02-08 01:00:00+00:00,23.6845,95.0,2.7416782,Visakhapatnam
2025-02-08 02:00:00+00:00,24.0845,94.0,2.6208394,Visakhapatnam
2025-02-08 03:00:00+00:00,25.884499,83.0,3.319036,Visakhapatnam
2025-02-08 04:00:00+00:00,27.5845,74.0,4.829907,Visakhapatnam
2025-02-08 05:00:00+00:00,28.7845,69.0,5.771239,Visakhapatnam
2025-02-08 06:00:00+00:00,29.5345,66.0,7.2805495,Visakhapatnam
2025-02-08 07:00:00+00:00,29.7845,65.0,9.565437,Visakhapatnam
2025-02-08 08:00:00+00:00,29.634499,65.0,9.983106,Visakhapatnam
2025-02-08 09:00:00+00:00,29.134499,67.0,11.983188,Visakhapatnam
2025-02-08 10:00:00+00:00,28.5845,70.0,11.304229,Visakhapatnam
2025-02-08 11:00:00+00:00,27.9345,74.0,11.753876,Visakhapatnam
2025-02-08 12:00:00+00:00,26.884499,81.0,11.246759,Visakhapatnam
2025-02-08 13:00:00+00:00,26.4345,83.0,6.3690495,Visakhapatnam
2025-02-08 14:00:00+00:00,26.484499,83.0,4.1046314,Visakhapatnam
2025-02-08 15:00:00+00:00,26.484499,84.0,2.8116899,Visakhapatnam
2025-02-08 16:00:00+00:00,26.384499,84.0,2.3051248,Visakhapatnam
2025-02-08 17:00:00+00:00,26.1845,85.0,2.5455842,Visakhapatnam
2025-02-08 18:00:00+00:00,25.984499,86.0,3.2399998,Visakhapatnam
2025-02-08 19:00:00+00:00,25.6845,86.0,2.8799999,Visakhapatnam
2025-02-08 20:00:00+00:00,25.2845,88.0,2.0991426,Visakhapatnam
2025-02-08 21:00:00+00:00,24.9345,91.0,2.7416782,Visakhapatnam
2025-02-08 22:00:00+00:00,24.634499,92.0,2.2768397,Visakhapatnam
2025-02-08 23:00:00+00:00,24.5345,93.0,2.1897945,Visakhapatnam
2025-02-09 00:00:00+00:00,24.234499,96.0,2.5455842,Visakhapatnam
2025-02-09 01:00:00+00:00,24.0845,97.0,2.5455842,Visakhapatnam
2025-02-09 02:00:00+00:00,24.3345,95.0,2.9024127,Visakhapatnam
2025-02-09 03:00:00+00:00,25.734499,82.0,3.219938,Visakhapatnam
2025-02-09 04:00:00+00:00,27.0845,68.0,4.8965297,Visakhapatnam
2025-02-09 05:00:00+00:00,28.2845,62.0,5.5887027,Visakhapatnam
2025-02-09 06:00:00+00:00,29.384499,59.0,8.12197,Visakhapatnam
2025-02-09 07:00:00+00:00,29.5845,60.0,10.163227,Visakhapatnam
2025-02-09 08:00:00+00:00,29.1845,63.0,10.630672,Visakhapatnam
2025-02-09 09:00:00+00:00,28.7845,64.0,10.383987,Visakhapatnam
2025-02-09 10:00:00+00:00,28.3345,64.0,10.086427,Visakhapatnam
2025-02-09 11:00:00+00:00,27.634499,66.0,10.495713,Visakhapatnam
2025-02-09 12:00:00+00:00,27.4345,69.0,8.4963045,Visakhapatnam
2025-02-09 13:00:00+00:00,26.5345,74.0,6.989936,Visakhapatnam
2025-02-09 14:00:00+00:00,26.1845,79.0,3.219938,Visakhapatnam
2025-02-09 15:00:00+00:00,25.8345,82.0,1.1384199,Visakhapatnam
2025-02-09 16:00:00+00:00,25.734499,82.0,0.8049845,Visakhapatnam
2025-02-09 17:00:00+00:00,25.384499,83.0,0.8049845,Visakhapatnam
2025-02-09 18:00:00+00:00,24.734499,91.0,2.16,Visakhapatnam
2025-02-09 19:00:00+00:00,24.5345,92.0,2.5455842,Visakhapatnam
2025-02-09 20:00:00+00:00,24.384499,92.0,2.9024127,Visakhapatnam
2025-02-09 21:00:00+00:00,24.134499,93.0,3.6,Visakhapatnam
2025-02-09 22:00:00+00:00,23.2845,97.0,3.2599385,Visakhapatnam
2025-02-09 23:00:00+00:00,22.884499,98.0,3.319036,Visakhapatnam
2025-02-10 00:00:00+00:00,22.5345,99.0,2.9024127,Visakhapatnam
2025-02-10 01:00:00+00:00,22.0345,100.0,3.219938,Visakhapatnam
2025-02-10 02:00:00+00:00,22.4345,97.0,3.5455887,Visakhapatnam
2025-02-10 03:00:00+00:00,24.5845,85.0,3.219938,Visakhapatnam
2025-02-10 04:00:00+00:00,26.9345,66.0,0.8049845,Visakhapatnam
2025-02-10 05:00:00+00:00,28.0845,60.0,3.396233,Visakhapatnam
2025-02-10 06:00:00+00:00,29.0845,58.0,5.0911684,Visakhapatnam
2025-02-10 07:00:00+00:00,29.484499,56.0,7.7043357,Visakhapatnam
2025-02-10 08:00:00+00:00,29.384499,56.0,9.793059,Visakhapatnam
2025-02-10 09:00:00+00:00,28.884499,56.0,11.183201,Visakhapatnam
2025-02-10 10:00:00+00:00,28.2845,60.0,11.792404,Visakhapatnam
2025-02-10 11:00:00+00:00,27.5845,63.0,9.449572,Visakhapatnam
2025-02-10 12:00:00+00:00,27.0345,67.0,8.311245,Visakhapatnam
2025-02-10 13:00:00+00:00,26.0345,74.0,4.896529,Visakhapatnam
2025-02-10 14:00:00+00:00,25.6845,77.0,1.9386592,Visakhapatnam
2025-02-10 15:00:00+00:00,25.384499,79.0,2.0991426,Visakhapatnam
2025-02-10 16:00:00+00:00,25.1845,78.0,2.5455842,Visakhapatnam
2025-02-10 17:00:00+00:00,24.984499,79.0,2.7416782,Visakhapatnam
2025-02-10 18:00:00+00:00,24.2845,84.0,2.9024127,Visakhapatnam
2025-02-10 19:00:00+00:00,23.984499,85.0,2.8799999,Visakhapatnam
2025-02-10 20:00:00+00:00,23.5845,87.0,3.0758414,Visakhapatnam
2025-02-10 21:00:00+00:00,23.3345,88.0,2.4149535,Visakhapatnam
2025-02-10 22:00:00+00:00,22.984499,89.0,2.3051248,Visakhapatnam
2025-02-10 23:00:00+00:00,22.5345,91.0,2.0364676,Visakhapatnam
2025-02-11 00:00:00+00:00,22.2845,94.0,2.7416782,Visakhapatnam
2025-02-11 01:00:00+00:00,21.984499,95.0,2.9024127,Visakhapatnam
2025-02-11 02:00:00+00:00,22.134499,96.0,2.5959969,Visakhapatnam
2025-02-11 03:00:00+00:00,24.234499,84.0,2.4149535,Visakhapatnam
2025-02-11 04:00:00+00:00,26.634499,71.0,4.3349743,Visakhapatnam
2025-02-11 05:00:00+00:00,27.984499,65.0,7.072878,Visakhapatnam
2025-02-11 06:00:00+00:00,28.884499,60.0,9.114471,Visakhapatnam
2025-02-11 07:00:00+00:00,29.0345,58.0,10.805999,Visakhapatnam
2025-02-11 08:00:00+00:00,29.134499,56.0,11.879999,Visakhapatnam
2025-02-11 09:00:00+00:00,28.634499,61.0,13.324863,Visakhapatnam
2025-02-11 10:00:00+00:00,28.134499,62.0,13.039754,Visakhapatnam
2025-02-11 11:00:00+00:00,27.5345,64.0,12.429127,Visakhapatnam
2025-02-11 12:00:00+00:00,26.734499,75.0,9.47012,Visakhapatnam
2025-02-11 13:00:00+00:00,26.0345,78.0,6.763786,Visakhapatnam
2025-02-11 14:00:00+00:00,25.5845,81.0,5.6233797,Visakhapatnam
2025-02-11 15:00:00+00:00,25.2845,84.0,5.3517847,Visakhapatnam
2025-02-11 16:00:00+00:00,25.0345,86.0,4.8433046,Visakhapatnam
2025-02-11 17:00:00+00:00,24.734499,89.0,4.1046314,Visakhapatnam
2025-02-11 18:00:00+00:00,24.484499,90.0,3.319036,Visakhapatnam
2025-02-11 19:00:00+00:00,24.2845,90.0,3.319036,Visakhapatnam
2025-02-11 20:00:00+00:00,24.2845,89.0,3.6,Visakhapatnam
2025-02-11 21:00:00+00:00,24.134499,89.0,3.0758414,Visakhapatnam
2025-02-11 22:00:00+00:00,24.0845,89.0,3.6,Visakhapatnam
2025-02-11 23:00:00+00:00,24.134499,90.0,3.6,Visakhapatnam
2025-02-12 00:00:00+00:00,23.7845,92.0,3.671294,Visakhapatnam
2025-02-12 01:00:00+00:00,23.484499,93.0,2.968636,Visakhapatnam
2025-02-12 02:00:00+00:00,23.7845,93.0,2.2768397,Visakhapatnam
2025-02-12 03:00:00+00:00,25.6845,83.0,2.968636,Visakhapatnam
2025-02-12 04:00:00+00:00,27.5845,73.0,5.00128,Visakhapatnam
2025-02-12 05:00:00+00:00,29.1845,65.0,6.725354,Visakhapatnam
2025-02-12 06:00:00+00:00,30.384499,61.0,7.92,Visakhapatnam
2025-02-12 07:00:00+00:00,30.5345,60.0,10.1376915,Visakhapatnam
2025-02-12 08:00:00+00:00,30.2845,59.0,12.324414,Visakhapatnam
2025-02-12 09:00:00+00:00,29.8345,57.0,13.004921,Visakhapatnam
2025-02-12 10:00:00+00:00,29.484499,56.0,12.24,Visakhapatnam
2025-02-12 11:00:00+00:00,28.484499,66.0,11.212135,Visakhapatnam
2025-02-12 12:00:00+00:00,28.134499,67.0,9.9571085,Visakhapatnam
2025-02-12 13:00:00+00:00,27.234499,74.0,7.968939,Visakhapatnam
2025-02-12 14:00:00+00:00,26.884499,76.0,7.10031,Visakhapatnam
2025-02-12 15:00:00+00:00,26.5345,79.0,6.618519,Visakhapatnam
2025-02-12 16:00:00+00:00,26.0845,83.0,6.6087217,Visakhapatnam
2025-02-12 17:00:00+00:00,25.734499,84.0,6.763786,Visakhapatnam
2025-02-12 18:00:00+00:00,25.5345,83.0,5.495161,Visakhapatnam
2025-02-12 19:00:00+00:00,25.3345,84.0,4.8965297,Visakhapatnam
2025-02-12 20:00:00+00:00,25.1845,85.0,4.8433046,Visakhapatnam
2025-02-12 21:00:00+00:00,25.134499,84.0,4.3349743,Visakhapatnam
2025-02-12 22:00:00+00:00,25.0345,85.0,3.8268526,Visakhapatnam
2025-02-12 23:00:00+00:00,25.0345,84.0,3.0547013,Visakhapatnam
2025-02-13 00:00:00+00:00,24.7845,85.0,3.5455887,Visakhapatnam
2025-02-13 01:00:00+00:00,24.734499,85.0,3.0758414,Visakhapatnam
2025-02-13 02:00:00+00:00,25.0845,83.0,3.2399998,Visakhapatnam
2025-02-13 03:00:00+00:00,27.0345,72.0,4.2136917,Visakhapatnam
2025-02-13 04:00:00+00:00,28.9345,62.0,6.1094027,Visakhapatnam
2025-02-13 05:00:00+00:00,30.5345,53.0,8.089993,Visakhapatnam
2025-02-13 06:00:00+00:00,31.1845,51.0,10.182337,Visakhapatnam
2025-02-13 07:00:00+00:00,31.134499,51.0,12.287555,Visakhapatnam
2025-02-13 08:00:00+00:00,30.884499,51.0,13.722565,Visakhapatnam
2025-02-13 09:00:00+00:00,30.1845,57.0,14.799459,Visakhapatnam
2025-02-13 10:00:00+00:00,29.3345,66.0,13.441071,Visakhapatnam
2025-02-13 11:00:00+00:00,28.6845,69.0,12.9249525,Visakhapatnam
2025-02-13 12:00:00+00:00,28.4345,67.0,10.8955765,Visakhapatnam
2025-02-13 13:00:00+00:00,27.5845,74.0,8.825508,Visakhapatnam
2025-02-13 14:00:00+00:00,27.2845,77.0,8.217153,Visakhapatnam
2025-02-13 15:00:00+00:00,26.984499,76.0,8.404285,Visakhapatnam
2025-02-13 16:00:00+00:00,26.5845,78.0,6.9153743,Visakhapatnam
2025-02-13 17:00:00+00:00,26.4345,79.0,6.1305785,Visakhapatnam
2025-02-13 18:00:00+00:00,26.234499,79.0,5.8603754,Visakhapatnam
2025-02-13 19:00:00+00:00,26.0345,79.0,5.3517847,Visakhapatnam
2025-02-13 20:00:00+00:00,25.634499,81.0,4.6938257,Visakhapatnam
2025-02-13 21:00:00+00:00,25.3345,82.0,4.0249224,Visakhapatnam
2025-02-13 22:00:00+00:00,25.0845,83.0,3.7064266,Visakhapatnam
2025-02-13 23:00:00+00:00,24.884499,82.0,3.219938,Visakhapatnam
2025-02-14 00:00:00+00:00,24.5345,82.0,2.6208394,Visakhapatnam
2025-02-14 01:00:00+00:00,24.234499,84.0,3.0547013,Visakhapatnam
2025-02-14 02:00:00+00:00,24.4345,82.0,2.7416782,Visakhapatnam
2025-02-14 03:00:00+00:00,26.2845,67.0,2.6208394,Visakhapatnam
2025-02-14 04:00:00+00:00,28.5845,52.0,1.2979984,Visakhapatnam
2025-02-14 05:00:00+00:00,30.384499,44.0,3.6,Visakhapatnam
2025-02-14 06:00:00+00:00,31.134499,46.0,7.289445,Visakhapatnam
2025-02-14 07:00:00+00:00,30.9345,49.0,9.83268,Visakhapatnam
2025-02-14 08:00:00+00:00,30.4345,52.0,11.440978,Visakhapatnam
2025-02-14 09:00:00+00:00,30.0845,55.0,12.261158,Visakhapatnam
2025-02-14 10:00:00+00:00,29.484499,58.0,11.901798,Visakhapatnam
2025-02-14 11:00:00+00:00,28.634499,66.0,11.252519,Visakhapatnam
2025-02-14 12:00:00+00:00,28.2845,67.0,8.557102,Visakhapatnam
2025-02-14 13:00:00+00:00,27.4345,74.0,5.3517847,Visakhapatnam
2025-02-14 14:00:00+00:00,26.984499,79.0,4.0249224,Visakhapatnam
2025-02-14 15:00:00+00:00,26.634499,81.0,4.6102495,Visakhapatnam
2025-02-14 16:00:00+00:00,26.4345,82.0,4.6102495,Visakhapatnam
2025-02-14 17:00:00+00:00,26.1845,83.0,4.39436,Visakhapatnam
2025-02-14 18:00:00+00:00,25.9345,83.0,2.5959969,Visakhapatnam
2025-02-14 19:00:00+00:00,25.8345,84.0,1.9386592,Visakhapatnam
2025-02-14 20:00:00+00:00,25.484499,86.0,1.9386592,Visakhapatnam
2025-02-14 21:00:00+00:00,25.3345,87.0,2.0991426,Visakhapatnam
2025-02-14 22:00:00+00:00,25.234499,88.0,2.3051248,Visakhapatnam
2025-02-14 23:00:00+00:00,25.0845,89.0,2.3051248,Visakhapatnam
2025-02-15 00:00:00+00:00,24.234499,92.0,2.9024127,Visakhapatnam
2025-02-15 01:00:00+00:00,23.7845,94.0,2.7416782,Visakhapatnam
2025-02-15 02:00:00+00:00,24.234499,92.0,2.6208394,Visakhapatnam
2025-02-15 03:00:00+00:00,26.0845,76.0,3.5455887,Visakhapatnam
2025-02-15 04:00:00+00:00,27.5345,68.0,5.1919937,Visakhapatnam
2025-02-15 05:00:00+00:00,29.0345,60.0,6.162207,Visakhapatnam
2025-02-15 06:00:00+00:00,30.1845,57.0,5.95906,Visakhapatnam
2025-02-15 07:00:00+00:00,30.234499,57.0,9.0,Visakhapatnam
2025-02-15 08:00:00+00:00,29.5345,63.0,10.703569,Visakhapatnam
2025-02-15 09:00:00+00:00,28.8345,65.0,9.511088,Visakhapatnam
2025-02-15 10:00:00+00:00,28.384499,66.0,11.113451,Visakhapatnam
2025-02-15 11:00:00+00:00,27.4345,74.0,11.269782,Visakhapatnam
2025-02-15 12:00:00+00:00,27.0345,75.0,10.163227,Visakhapatnam
2025-02-15 13:00:00+00:00,26.484499,79.0,5.771239,Visakhapatnam
2025-02-15 14:00:00+00:00,26.384499,81.0,3.9763298,Visakhapatnam
2025-02-15 15:00:00+00:00,26.3345,81.0,3.6,Visakhapatnam
2025-02-15 16:00:00+00:00,26.2845,82.0,2.968636,Visakhapatnam
2025-02-15 17:00:00+00:00,26.234499,81.0,1.609969,Visakhapatnam
2025-02-15 18:00:00+00:00,25.734499,84.0,0.71999997,Visakhapatnam
2025-02-15 19:00:00+00:00,25.634499,84.0,1.0182338,Visakhapatnam
2025-02-15 20:00:00+00:00,25.484499,85.0,1.835647,Visakhapatnam
2025-02-15 21:00:00+00:00,25.134499,88.0,2.1897945,Visakhapatnam
2025-02-15 22:00:00+00:00,24.8345,89.0,2.3051248,Visakhapatnam
2025-02-15 23:00:00+00:00,24.5345,91.0,2.5455842,Visakhapatnam
2025-02-16 00:00:00+00:00,23.984499,95.0,2.5959969,Visakhapatnam
2025-02-16 01:00:00+00:00,23.734499,96.0,3.0758414,Visakhapatnam
2025-02-16 02:00:00+00:00,24.0345,93.0,3.219938,Visakhapatnam
2025-02-16 03:00:00+00:00,25.634499,79.0,3.7064266,Visakhapatnam
2025-02-16 04:00:00+00:00,27.484499,64.0,1.8,Visakhapatnam
2025-02-16 05:00:00+00:00,28.7845,59.0,3.6179552,Visakhapatnam
2025-02-16 06:00:00+00:00,29.7845,59.0,7.2,Visakhapatnam
2025-02-16 07:00:00+00:00,29.634499,62.0,9.9571085,Visakhapatnam
2025-02-16 08:00:00+00:00,29.3345,63.0,11.440978,Visakhapatnam
2025-02-16 09:00:00+00:00,29.0845,62.0,11.542478,Visakhapatnam
2025-02-16 10:00:00+00:00,28.734499,62.0,12.245294,Visakhapatnam
2025-02-16 11:00:00+00:00,27.9345,67.0,12.979984,Visakhapatnam
2025-02-16 12:00:00+00:00,27.384499,72.0,11.212135,Visakhapatnam
2025-02-16 13:00:00+00:00,26.6845,77.0,8.473393,Visakhapatnam
2025-02-16 14:00:00+00:00,26.384499,80.0,5.634891,Visakhapatnam
2025-02-16 15:00:00+00:00,26.0845,82.0,4.6938257,Visakhapatnam
2025-02-16 16:00:00+00:00,25.884499,83.0,4.3349743,Visakhapatnam
2025-02-16 17:00:00+00:00,25.634499,85.0,4.198285,Visakhapatnam
2025-02-16 18:00:00+00:00,25.3345,86.0,3.8939953,Visakhapatnam
2025-02-16 19:00:00+00:00,25.3345,85.0,4.3349743,Visakhapatnam
2025-02-16 20:00:00+00:00,25.1845,86.0,4.198285,Visakhapatnam
2025-02-16 21:00:00+00:00,25.0845,86.0,3.396233,Visakhapatnam
2025-02-16 22:00:00+00:00,24.984499,87.0,2.5959969,Visakhapatnam
2025-02-16 23:00:00+00:00,24.984499,87.0,2.0364676,Visakhapatnam
2025-02-17 00:00:00+00:00,24.234499,90.0,2.6208394,Visakhapatnam
2025-02-17 01:00:00+00:00,24.134499,91.0,2.52,Visakhapatnam
2025-02-17 02:00:00+00:00,24.4345,90.0,2.1897945,Visakhapatnam
2025-02-17 03:00:00+00:00,25.984499,81.0,2.968636,Visakhapatnam
2025-02-17 04:00:00+00:00,27.634499,71.0,5.634891,Visakhapatnam
2025-02-17 05:00:00+00:00,28.6845,66.0,7.208994,Visakhapatnam
2025-02-17 06:00:00+00:00,29.484499,62.0,8.759178,Visakhapatnam
2025-02-17 07:00:00+00:00,29.5345,62.0,10.739833,Visakhapatnam
2025-02-17 08:00:00+00:00,29.5345,59.0,12.313893,Visakhapatnam
2025-02-17 09:00:00+00:00,29.2845,61.0,13.276144,Visakhapatnam
2025-02-17 10:00:00+00:00,28.5845,67.0,13.084402,Visakhapatnam
2025-02-17 11:00:00+00:00,27.984499,66.0,12.287555,Visakhapatnam
2025-02-17 12:00:00+00:00,27.4345,70.0,9.726665,Visakhapatnam
2025-02-17 13:00:00+00:00,26.734499,75.0,8.350138,Visakhapatnam
2025-02-17 14:00:00+00:00,26.484499,77.0,6.830519,Visakhapatnam
2025-02-17 15:00:00+00:00,26.2845,78.0,5.95906,Visakhapatnam
2025-02-17 16:00:00+00:00,26.134499,79.0,5.904439,Visakhapatnam
2025-02-17 17:00:00+00:00,26.0345,80.0,6.1094027,Visakhapatnam
2025-02-17 18:00:00+00:00,25.984499,79.0,4.8965297,Visakhapatnam
2025-02-17 19:00:00+00:00,25.6845,80.0,4.5536795,Visakhapatnam
2025-02-17 20:00:00+00:00,25.3345,81.0,4.3349743,Visakhapatnam
2025-02-17 21:00:00+00:00,25.0345,84.0,3.6179552,Visakhapatnam
2025-02-17 22:00:00+00:00,24.634499,86.0,2.7416782,Visakhapatnam
2025-02-17 23:00:00+00:00,24.4345,87.0,1.8,Visakhapatnam
2025-02-18 00:00:00+00:00,24.384499,89.0,2.7416782,Visakhapatnam
2025-02-18 01:00:00+00:00,23.984499,91.0,2.5455842,Visakhapatnam
2025-02-18 02:00:00+00:00,24.384499,89.0,2.5959969,Visakhapatnam
2025-02-18 03:00:00+00:00,25.984499,81.0,2.7416782,Visakhapatnam
2025-02-18 04:00:00+00:00,27.8345,69.0,4.072935,Visakhapatnam
2025-02-18 05:00:00+00:00,29.234499,62.0,6.28713,Visakhapatnam
2025-02-18 06:00:00+00:00,30.0845,59.0,9.826088,Visakhapatnam
2025-02-18 07:00:00+00:00,30.0345,60.0,11.879999,Visakhapatnam
2025-02-18 08:00:00+00:00,30.134499,56.0,13.698934,Visakhapatnam
2025-02-18 09:00:00+00:00,29.7845,57.0,14.044615,Visakhapatnam
2025-02-18 10:00:00+00:00,29.234499,60.0,14.044615,Visakhapatnam
2025-02-18 11:00:00+00:00,28.3345,65.0,13.698934,Visakhapatnam
2025-02-18 12:00:00+00:00,27.634499,72.0,11.542478,Visakhapatnam
2025-02-18 13:00:00+00:00,26.984499,76.0,10.661107,Visakhapatnam
2025-02-18 14:00:00+00:00,26.734499,77.0,9.227524,Visakhapatnam
2025-02-18 15:00:00+00:00,26.5845,78.0,8.287822,Visakhapatnam
2025-02-18 16:00:00+00:00,26.484499,79.0,8.14587,Visakhapatnam
2025-02-18 17:00:00+00:00,26.384499,78.0,8.435069,Visakhapatnam
2025-02-18 18:00:00+00:00,25.9345,82.0,6.9153743,Visakhapatnam
2025-02-18 19:00:00+00:00,25.7845,82.0,6.193674,Visakhapatnam
2025-02-18 20:00:00+00:00,25.634499,83.0,5.8048253,Visakhapatnam
2025-02-18 21:00:00+00:00,25.384499,83.0,5.3517847,Visakhapatnam
2025-02-18 22:00:00+00:00,25.234499,82.0,4.3349743,Visakhapatnam
2025-02-18 23:00:00+00:00,25.134499,82.0,3.8268526,Visakhapatnam
2025-02-19 00:00:00+00:00,24.8345,85.0,2.9024127,Visakhapatnam
2025-02-19 01:00:00+00:00,24.6845,86.0,2.9024127,Visakhapatnam
2025-02-19 02:00:00+00:00,25.0345,85.0,2.5455842,Visakhapatnam
2025-02-19 03:00:00+00:00,26.5345,78.0,3.7585104,Visakhapatnam
2025-02-19 04:00:00+00:00,28.0345,70.0,4.8433046,Visakhapatnam
2025-02-19 05:00:00+00:00,29.384499,61.0,6.379216,Visakhapatnam
2025-02-19 06:00:00+00:00,30.7845,53.0,8.287822,Visakhapatnam
2025-02-19 07:00:00+00:00,30.4345,55.0,11.177405,Visakhapatnam
2025-02-19 08:00:00+00:00,29.884499,59.0,12.313893,Visakhapatnam
2025-02-19 09:00:00+00:00,29.634499,60.0,12.9249525,Visakhapatnam
2025-02-19 10:00:00+00:00,28.984499,65.0,13.358861,Visakhapatnam
2025-02-19 11:00:00+00:00,28.1845,70.0,13.084402,Visakhapatnam
2025-02-19 12:00:00+00:00,27.8345,71.0,10.446206,Visakhapatnam
2025-02-19 13:00:00+00:00,27.1845,75.0,8.707238,Visakhapatnam
2025-02-19 14:00:00+00:00,27.0345,75.0,7.5685663,Visakhapatnam
2025-02-19 15:00:00+00:00,26.8345,77.0,6.0347,Visakhapatnam
2025-02-19 16:00:00+00:00,26.7845,77.0,6.6185193,Visakhapatnam
2025-02-19 17:00:00+00:00,26.634499,77.0,7.10031,Visakhapatnam
2025-02-19 18:00:00+00:00,26.6845,76.0,5.1919937,Visakhapatnam
2025-02-19 19:00:00+00:00,26.484499,76.0,4.1046314,Visakhapatnam
2025-02-19 20:00:00+00:00,26.2845,78.0,3.096837,Visakhapatnam
2025-02-19 21:00:00+00:00,25.984499,79.0,3.096837,Visakhapatnam
2025-02-19 22:00:00+00:00,25.7845,81.0,2.5959969,Visakhapatnam
2025-02-19 23:00:00+00:00,25.5845,82.0,2.4149535,Visakhapatnam
2025-02-20 00:00:00+00:00,25.234499,84.0,2.4149535,Visakhapatnam
2025-02-20 01:00:00+00:00,25.1845,84.0,1.835647,Visakhapatnam
2025-02-20 02:00:00+00:00,25.5845,82.0,1.8,Visakhapatnam
2025-02-20 03:00:00+00:00,26.884499,74.0,3.319036,Visakhapatnam
2025-02-20 04:00:00+00:00,28.1845,66.0,5.4477882,Visakhapatnam
2025-02-20 05:00:00+00:00,29.1845,62.0,6.849467,Visakhapatnam
2025-02-20 06:00:00+00:00,29.634499,61.0,9.3876505,Visakhapatnam
2025-02-20 07:00:00+00:00,29.734499,58.0,10.661107,Visakhapatnam
2025-02-20 08:00:00+00:00,29.5845,59.0,12.144331,Visakhapatnam
2025-02-20 09:00:00+00:00,29.234499,60.0,12.313893,Visakhapatnam
2025-02-20 10:00:00+00:00,28.6845,61.0,12.429127,Visakhapatnam
2025-02-20 11:00:00+00:00,27.9345,68.0,11.183201,Visakhapatnam
2025-02-20 12:00:00+00:00,27.634499,68.0,9.028754,Visakhapatnam
2025-02-20 13:00:00+00:00,26.9345,70.0,7.5170207,Visakhapatnam
2025-02-20 14:00:00+00:00,26.634499,74.0,6.489992,Visakhapatnam
2025-02-20 15:00:00+00:00,26.384499,76.0,5.0142193,Visakhapatnam
2025-02-20 16:00:00+00:00,26.234499,77.0,3.8939953,Visakhapatnam
2025-02-20 17:00:00+00:00,26.134499,77.0,2.6208394,Visakhapatnam
2025-02-20 18:00:00+00:00,25.884499,79.0,2.52,Visakhapatnam
2025-02-20 19:00:00+00:00,25.6845,80.0,3.6179552,Visakhapatnam
2025-02-20 20:00:00+00:00,25.484499,81.0,3.7064266,Visakhapatnam
2025-02-20 21:00:00+00:00,25.2845,82.0,3.396233,Visakhapatnam
2025-02-20 22:00:00+00:00,25.1845,83.0,1.5273507,Visakhapatnam
2025-02-20 23:00:00+00:00,25.234499,82.0,0.35999998,Visakhapatnam
2025-02-21 00:00:00+00:00,24.634499,86.0,1.8,Visakhapatnam
2025-02-21 01:00:00+00:00,24.384499,88.0,1.9386592,Visakhapatnam
2025-02-21 02:00:00+00:00,24.6845,85.0,1.8,Visakhapatnam
2025-02-21 03:00:00+00:00,26.2845,76.0,0.35999998,Visakhapatnam
2025-02-21 04:00:00+00:00,27.7845,67.0,3.0547013,Visakhapatnam
2025-02-21 05:00:00+00:00,29.0345,61.0,4.39436,Visakhapatnam
2025-02-21 06:00:00+00:00,29.734499,60.0,5.991594,Visakhapatnam
2025-02-21 07:00:00+00:00,30.0845,59.0,9.290511,Visakhapatnam
2025-02-21 08:00:00+00:00,29.3345,63.0,10.805998,Visakhapatnam
2025-02-21 09:00:00+00:00,28.8345,63.0,11.298495,Visakhapatnam
2025-02-21 10:00:00+00:00,28.484499,65.0,10.390226,Visakhapatnam
2025-02-21 11:00:00+00:00,27.8345,69.0,9.028754,Visakhapatnam
2025-02-21 12:00:00+00:00,27.5345,73.0,8.647496,Visakhapatnam
2025-02-21 13:00:00+00:00,26.8345,75.0,6.725354,Visakhapatnam
2025-02-21 14:00:00+00:00,26.634499,78.0,4.0249224,Visakhapatnam
2025-02-21 15:00:00+00:00,26.484499,80.0,3.0758414,Visakhapatnam
2025-02-21 16:00:00+00:00,26.4345,82.0,3.9763298,Visakhapatnam
2025-02-21 17:00:00+00:00,26.2845,83.0,2.5455842,Visakhapatnam
2025-02-21 18:00:00+00:00,26.2845,84.0,2.5455842,Visakhapatnam
2025-02-21 19:00:00+00:00,26.2845,84.0,2.1897945,Visakhapatnam
2025-02-21 20:00:00+00:00,26.134499,84.0,2.4149535,Visakhapatnam
2025-02-21 21:00:00+00:00,26.0345,85.0,2.4149535,Visakhapatnam
2025-02-21 22:00:00+00:00,25.9345,85.0,2.3051248,Visakhapatnam
2025-02-21 23:00:00+00:00,25.9345,85.0,2.5959969,Visakhapatnam
2025-02-22 00:00:00+00:00,25.7845,84.0,1.8,Visakhapatnam
2025-02-22 01:00:00+00:00,25.6845,85.0,2.5455842,Visakhapatnam
2025-02-22 02:00:00+00:00,26.0345,82.0,3.319036,Visakhapatnam
2025-02-22 03:00:00+00:00,27.0345,76.0,5.904439,Visakhapatnam
2025-02-22 04:00:00+00:00,28.0845,70.0,7.172949,Visakhapatnam
2025-02-22 05:00:00+00:00,28.5345,67.0,8.350138,Visakhapatnam
2025-02-22 06:00:00+00:00,29.384499,65.0,9.0645685,Visakhapatnam
2025-02-22 07:00:00+00:00,29.8345,63.0,10.661107,Visakhapatnam
2025-02-22 08:00:00+00:00,29.634499,65.0,11.609651,Visakhapatnam
2025-02-22 09:00:00+00:00,29.3345,66.0,12.015589,Visakhapatnam
2025-02-22 10:00:00+00:00,28.8345,69.0,11.885453,Visakhapatnam
2025-02-22 11:00:00+00:00,28.134499,71.0,11.5199995,Visakhapatnam
2025-02-22 12:00:00+00:00,27.8345,75.0,9.531505,Visakhapatnam
2025-02-22 13:00:00+00:00,27.234499,77.0,7.0911775,Visakhapatnam
2025-02-22 14:00:00+00:00,26.884499,80.0,5.815978,Visakhapatnam
2025-02-22 15:00:00+00:00,26.6845,82.0,4.5536795,Visakhapatnam
2025-02-22 16:00:00+00:00,26.5345,82.0,5.4833565,Visakhapatnam
2025-02-22 17:00:00+00:00,26.4345,83.0,5.495161,Visakhapatnam
2025-02-22 18:00:00+00:00,26.3345,84.0,4.6102495,Visakhapatnam
2025-02-22 19:00:00+00:00,26.134499,85.0,4.8433046,Visakhapatnam
2025-02-22 20:00:00+00:00,25.9345,86.0,4.6938257,Visakhapatnam
2025-02-22 21:00:00+00:00,25.7845,86.0,4.39436,Visakhapatnam
2025-02-22 22:00:00+00:00,25.6845,86.0,4.3349743,Visakhapatnam
2025-02-22 23:00:00+00:00,25.5845,86.0,3.563818,Visakhapatnam
2025-02-23 00:00:00+00:00,25.3345,89.0,1.609969,Visakhapatnam
2025-02-23 01:00:00+00:00,25.134499,91.0,2.4149535,Visakhapatnam
2025-02-23 02:00:00+00:00,25.4345,89.0,2.7416782,Visakhapatnam
2025-02-23 03:00:00+00:00,26.984499,79.0,1.8,Visakhapatnam
2025-02-23 04:00:00+00:00,28.734499,69.0,2.968636,Visakhapatnam
2025-02-23 05:00:00+00:00,29.984499,63.0,6.0347,Visakhapatnam
2025-02-23 06:00:00+00:00,30.8345,60.0,6.6185193,Visakhapatnam
2025-02-23 07:00:00+00:00,30.634499,62.0,8.891343,Visakhapatnam
2025-02-23 08:00:00+00:00,30.134499,65.0,10.495713,Visakhapatnam
2025-02-23 09:00:00+00:00,30.0345,64.0,10.829959,Visakhapatnam
2025-02-23 10:00:00+00:00,29.3345,68.0,12.245293,Visakhapatnam
2025-02-23 11:00:00+00:00,28.484499,72.0,12.397806,Visakhapatnam
2025-02-23 12:00:00+00:00,28.5845,71.0,9.0,Visakhapatnam
2025-02-23 13:00:00+00:00,27.734499,77.0,5.5887027,Visakhapatnam
2025-02-23 14:00:00+00:00,27.2845,81.0,3.8939953,Visakhapatnam
2025-02-23 15:00:00+00:00,26.984499,82.0,2.2768397,Visakhapatnam
2025-02-23 16:00:00+00:00,26.734499,84.0,1.08,Visakhapatnam
2025-02-23 17:00:00+00:00,26.484499,85.0,0.35999998,Visakhapatnam
2025-02-23 18:00:00+00:00,26.1845,86.0,0.8049845,Visakhapatnam
2025-02-23 19:00:00+00:00,25.884499,88.0,1.8,Visakhapatnam
2025-02-23 20:00:00+00:00,25.7845,89.0,2.8116899,Visakhapatnam
2025-02-23 21:00:00+00:00,25.384499,92.0,2.6208394,Visakhapatnam
2025-02-23 22:00:00+00:00,24.9345,95.0,2.9024127,Visakhapatnam
2025-02-23 23:00:00+00:00,24.6845,96.0,2.8799999,Visakhapatnam
2025-02-24 00:00:00+00:00,24.2845,96.0,2.8799999,Visakhapatnam
2025-02-24 01:00:00+00:00,24.0345,96.0,3.6,Visakhapatnam
2025-02-24 02:00:00+00:00,24.384499,93.0,4.0249224,Visakhapatnam
2025-02-24 03:00:00+00:00,26.1845,83.0,5.04,Visakhapatnam
2025-02-24 04:00:00+00:00,28.234499,68.0,7.42159,Visakhapatnam
2025-02-24 05:00:00+00:00,29.5345,60.0,9.021574,Visakhapatnam
2025-02-24 06:00:00+00:00,30.3345,56.0,10.464798,Visakhapatnam
2025-02-24 07:00:00+00:00,30.5845,55.0,12.324414,Visakhapatnam
2025-02-24 08:00:00+00:00,30.484499,55.0,13.896187,Visakhapatnam
2025-02-24 09:00:00+00:00,30.134499,58.0,13.661038,Visakhapatnam
2025-02-24 10:00:00+00:00,29.7845,58.0,14.345898,Visakhapatnam
2025-02-24 11:00:00+00:00,28.9345,64.0,13.441071,Visakhapatnam
2025-02-24 12:00:00+00:00,28.234499,70.0,10.948973,Visakhapatnam
2025-02-24 13:00:00+00:00,27.384499,75.0,9.178235,Visakhapatnam
2025-02-24 14:00:00+00:00,27.0345,78.0,5.6920996,Visakhapatnam
2025-02-24 15:00:00+00:00,26.9345,78.0,2.9024127,Visakhapatnam
2025-02-24 16:00:00+00:00,26.634499,80.0,2.4149535,Visakhapatnam
2025-02-24 17:00:00+00:00,26.4345,82.0,2.5455842,Visakhapatnam
2025-02-24 18:00:00+00:00,26.2845,84.0,2.8116899,Visakhapatnam
2025-02-24 19:00:00+00:00,26.0345,85.0,2.8116899,Visakhapatnam
2025-02-24 20:00:00+00:00,25.7845,87.0,2.5959969,Visakhapatnam
2025-02-24 21:00:00+00:00,25.634499,87.0,2.9024127,Visakhapatnam
2025-02-24 22:00:00+00:00,25.484499,88.0,3.096837,Visakhapatnam
2025-02-24 23:00:00+00:00,25.3345,88.0,3.096837,Visakhapatnam
2025-02-25 00:00:00+00:00,24.6845,91.0,2.968636,Visakhapatnam
2025-02-25 01:00:00+00:00,24.5345,90.0,3.2599385,Visakhapatnam
2025-02-25 02:00:00+00:00,25.0845,86.0,3.671294,Visakhapatnam
2025-02-25 03:00:00+00:00,26.5345,77.0,5.315336,Visakhapatnam
2025-02-25 04:00:00+00:00,28.0345,64.0,7.491114,Visakhapatnam
2025-02-25 05:00:00+00:00,29.134499,59.0,7.729527,Visakhapatnam
2025-02-25 06:00:00+00:00,30.4345,51.0,8.4042845,Visakhapatnam
2025-02-25 07:00:00+00:00,30.8345,51.0,9.779817,Visakhapatnam
2025-02-25 08:00:00+00:00,30.8345,51.0,10.829959,Visakhapatnam
2025-02-25 09:00:00+00:00,30.4345,52.0,11.043261,Visakhapatnam
2025-02-25 10:00:00+00:00,29.7845,54.0,11.631956,Visakhapatnam
2025-02-25 11:00:00+00:00,28.6845,61.0,12.864649,Visakhapatnam
2025-02-25 12:00:00+00:00,27.884499,68.0,10.703569,Visakhapatnam
2025-02-25 13:00:00+00:00,27.0845,71.0,9.693296,Visakhapatnam
2025-02-25 14:00:00+00:00,26.734499,75.0,6.489992,Visakhapatnam
2025-02-25 15:00:00+00:00,26.3345,79.0,2.4149535,Visakhapatnam
2025-02-25 16:00:00+00:00,25.984499,82.0,2.7416782,Visakhapatnam
2025-02-25 17:00:00+00:00,25.5845,84.0,2.968636,Visakhapatnam
2025-02-25 18:00:00+00:00,25.2845,87.0,2.968636,Visakhapatnam
2025-02-25 19:00:00+00:00,24.884499,88.0,2.9024127,Visakhapatnam
2025-02-25 20:00:00+00:00,24.5345,89.0,3.2599385,Visakhapatnam
2025-02-25 21:00:00+00:00,24.234499,89.0,3.6,Visakhapatnam
2025-02-25 22:00:00+00:00,24.0345,90.0,3.6179552,Visakhapatnam
2025-02-25 23:00:00+00:00,23.8345,93.0,3.671294,Visakhapatnam
2025-02-26 00:00:00+00:00,23.7845,93.0,3.2599385,Visakhapatnam
2025-02-26 01:00:00+00:00,23.634499,94.0,3.7585104,Visakhapatnam
2025-02-26 02:00:00+00:00,24.3345,90.0,4.1046314,Visakhapatnam
2025-02-26 03:00:00+00:00,26.0345,79.0,6.2145634,Visakhapatnam
2025-02-26 04:00:00+00:00,27.984499,66.0,7.754637,Visakhapatnam
2025-02-26 05:00:00+00:00,29.484499,57.0,8.714677,Visakhapatnam
2025-02-26 06:00:00+00:00,30.4345,54.0,8.825508,Visakhapatnam
2025-02-26 07:00:00+00:00,30.8345,51.0,10.799999,Visakhapatnam
2025-02-26 08:00:00+00:00,30.6845,52.0,12.429127,Visakhapatnam
2025-02-26 09:00:00+00:00,30.3345,50.0,13.276144,Visakhapatnam
2025-02-26 10:00:00+00:00,29.734499,52.0,13.797913,Visakhapatnam
2025-02-26 11:00:00+00:00,28.8345,57.0,12.413476,Visakhapatnam
2025-02-26 12:00:00+00:00,28.2845,59.0,11.503113,Visakhapatnam
2025-02-26 13:00:00+00:00,27.484499,63.0,8.654986,Visakhapatnam
2025-02-26 14:00:00+00:00,27.0845,67.0,3.6,Visakhapatnam
2025-02-26 15:00:00+00:00,26.5845,72.0,2.5455842,Visakhapatnam
2025-02-26 16:00:00+00:00,26.134499,75.0,2.5959969,Visakhapatnam
2025-02-26 17:00:00+00:00,25.6845,78.0,2.9024127,Visakhapatnam
2025-02-26 18:00:00+00:00,25.384499,81.0,2.5455842,Visakhapatnam
2025-02-26 19:00:00+00:00,25.0845,83.0,2.5959969,Visakhapatnam
2025-02-26 20:00:00+00:00,24.6845,85.0,2.9024127,Visakhapatnam
2025-02-26 21:00:00+00:00,24.384499,84.0,2.9024127,Visakhapatnam
2025-02-26 22:00:00+00:00,24.0845,84.0,3.0758414,Visakhapatnam
2025-02-26 23:00:00+00:00,23.8345,83.0,2.7416782,Visakhapatnam
2025-02-27 00:00:00+00:00,23.8345,85.0,2.7416782,Visakhapatnam
2025-02-27 01:00:00+00:00,23.5345,85.0,2.7416782,Visakhapatnam
2025-02-27 02:00:00+00:00,24.0845,81.0,3.0758414,Visakhapatnam
2025-02-27 03:00:00+00:00,26.1845,70.0,3.7585104,Visakhapatnam
2025-02-27 04:00:00+00:00,28.234499,61.0,5.0142193,Visakhapatnam
2025-02-27 05:00:00+00:00,29.734499,53.0,5.95906,Visakhapatnam
2025-02-27 06:00:00+00:00,30.634499,51.0,8.669949,Visakhapatnam
2025-02-27 07:00:00+00:00,30.8345,52.0,10.390226,Visakhapatnam
2025-02-27 08:00:00+00:00,30.484499,54.0,11.631956,Visakhapatnam
2025-02-27 09:00:00+00:00,30.234499,55.0,11.119281,Visakhapatnam
2025-02-27 10:00:00+00:00,29.734499,56.0,11.298495,Visakhapatnam
2025-02-27 11:00:00+00:00,29.0345,57.0,12.10157,Visakhapatnam
2025-02-27 12:00:00+00:00,28.134499,62.0,10.799999,Visakhapatnam
2025-02-27 13:00:00+00:00,27.3345,67.0,8.714677,Visakhapatnam
2025-02-27 14:00:00+00:00,26.9345,71.0,3.6,Visakhapatnam
2025-02-27 15:00:00+00:00,26.8345,71.0,1.0182338,Visakhapatnam
2025-02-27 16:00:00+00:00,26.484499,72.0,0.35999998,Visakhapatnam
2025-02-27 17:00:00+00:00,26.0345,75.0,0.71999997,Visakhapatnam
2025-02-27 18:00:00+00:00,25.0845,83.0,0.8049845,Visakhapatnam
2025-02-27 19:00:00+00:00,24.884499,83.0,1.484318,Visakhapatnam
2025-02-27 20:00:00+00:00,24.384499,86.0,2.5455842,Visakhapatnam
2025-02-27 21:00:00+00:00,23.9345,87.0,3.0758414,Visakhapatnam
2025-02-27 22:00:00+00:00,23.8345,87.0,3.2599385,Visakhapatnam
2025-02-27 23:00:00+00:00,23.0845,91.0,3.2599385,Visakhapatnam
2025-02-28 00:00:00+00:00,22.984499,93.0,3.0758414,Visakhapatnam
2025-02-28 01:00:00+00:00,22.634499,94.0,3.0758414,Visakhapatnam
2025-02-28 02:00:00+00:00,23.3345,90.0,3.0758414,Visakhapatnam
2025-02-28 03:00:00+00:00,25.734499,77.0,3.2599385,Visakhapatnam
2025-02-28 04:00:00+00:00,28.134499,61.0,4.0249224,Visakhapatnam
2025-02-28 05:00:00+00:00,30.134499,47.0,4.2136917,Visakhapatnam
2025-02-28 06:00:00+00:00,31.134499,44.0,5.634891,Visakhapatnam
2025-02-28 07:00:00+00:00,31.384499,47.0,8.39657,Visakhapatnam
2025-02-28 08:00:00+00:00,30.984499,50.0,9.793059,Visakhapatnam
2025-02-28 09:00:00+00:00,30.5845,49.0,9.686609,Visakhapatnam
2025-02-28 10:00:00+00:00,29.984499,53.0,9.673221,Visakhapatnam
2025-02-28 11:00:00+00:00,29.0845,59.0,9.1641035,Visakhapatnam
2025-02-28 12:00:00+00:00,28.5345,62.0,7.9036193,Visakhapatnam
2025-02-28 13:00:00+00:00,27.4345,69.0,5.4833565,Visakhapatnam
2025-02-28 14:00:00+00:00,26.8345,73.0,2.968636,Visakhapatnam
2025-02-28 15:00:00+00:00,26.4345,77.0,1.8,Visakhapatnam
2025-02-28 16:00:00+00:00,25.884499,80.0,1.08,Visakhapatnam
2025-02-28 17:00:00+00:00,25.1845,84.0,1.0182338,Visakhapatnam
2025-02-28 18:00:00+00:00,24.5345,88.0,1.08,Visakhapatnam
2025-02-28 19:00:00+00:00,24.0845,91.0,2.2768397,Visakhapatnam
2025-02-28 20:00:00+00:00,23.8345,91.0,3.319036,Visakhapatnam
2025-02-28 21:00:00+00:00,23.634499,91.0,2.968636,Visakhapatnam
2025-02-28 22:00:00+00:00,23.0845,94.0,2.2768397,Visakhapatnam
2025-02-28 23:00:00+00:00,22.7845,96.0,2.6208394,Visakhapatnam
2025-03-01 00:00:00+00:00,21.8345,99.0,2.2768397,Visakhapatnam
2025-03-01 01:00:00+00:00,21.6845,99.0,2.7416782,Visakhapatnam
2025-03-01 02:00:00+00:00,21.6845,99.0,2.7416782,Visakhapatnam
2025-03-01 03:00:00+00:00,24.2845,86.0,1.8,Visakhapatnam
2025-03-01 04:00:00+00:00,27.1845,68.0,0.5091169,Visakhapatnam
2025-03-01 05:00:00+00:00,29.3345,52.0,2.4149535,Visakhapatnam
2025-03-01 06:00:00+00:00,31.3345,42.0,4.0249224,Visakhapatnam
2025-03-01 07:00:00+00:00,31.6845,44.0,7.42159,Visakhapatnam
2025-03-01 08:00:00+00:00,31.134499,49.0,9.659814,Visakhapatnam
2025-03-01 09:00:00+00:00,30.1845,49.0,9.504273,Visakhapatnam
2025-03-01 10:00:00+00:00,29.7845,48.0,8.891344,Visakhapatnam
2025-03-01 11:00:00+00:00,28.734499,59.0,8.534353,Visakhapatnam
2025-03-01 12:00:00+00:00,28.3345,61.0,7.5685663,Visakhapatnam
2025-03-01 13:00:00+00:00,26.884499,72.0,4.829907,Visakhapatnam
2025-03-01 14:00:00+00:00,26.384499,77.0,1.835647,Visakhapatnam
2025-03-01 15:00:00+00:00,25.8345,78.0,1.9386592,Visakhapatnam
2025-03-01 16:00:00+00:00,25.2845,80.0,3.2399998,Visakhapatnam
2025-03-01 17:00:00+00:00,24.9345,82.0,3.2599385,Visakhapatnam
2025-03-01 18:00:00+00:00,24.8345,82.0,2.8799999,Visakhapatnam
2025-03-01 19:00:00+00:00,24.4345,86.0,2.8799999,Visakhapatnam
2025-03-01 20:00:00+00:00,24.134499,88.0,2.8799999,Visakhapatnam
2025-03-01 21:00:00+00:00,23.7845,90.0,2.9024127,Visakhapatnam
2025-03-01 22:00:00+00:00,23.3345,92.0,3.219938,Visakhapatnam
2025-03-01 23:00:00+00:00,22.984499,93.0,2.8116899,Visakhapatnam
2025-03-02 00:00:00+00:00,22.884499,94.0,3.096837,Visakhapatnam
2025-03-02 01:00:00+00:00,22.734499,95.0,3.096837,Visakhapatnam
2025-03-02 02:00:00+00:00,23.5845,93.0,2.0991426,Visakhapatnam
2025-03-02 03:00:00+00:00,26.0345,80.0,3.8773184,Visakhapatnam
2025-03-02 04:00:00+00:00,28.134499,70.0,7.386582,Visakhapatnam
2025-03-02 05:00:00+00:00,29.734499,62.0,9.220499,Visakhapatnam
2025-03-02 06:00:00+00:00,30.8345,60.0,9.504273,Visakhapatnam
2025-03-02 07:00:00+00:00,31.134499,58.0,10.594036,Visakhapatnam
2025-03-02 08:00:00+00:00,30.8345,59.0,11.183201,Visakhapatnam
2025-03-02 09:00:00+00:00,30.4345,60.0,11.159999,Visakhapatnam
2025-03-02 10:00:00+00:00,29.8345,60.0,12.682018,Visakhapatnam
2025-03-02 11:00:00+00:00,28.884499,65.0,10.464798,Visakhapatnam
2025-03-02 12:00:00+00:00,28.884499,66.0,9.0645685,Visakhapatnam
2025-03-02 13:00:00+00:00,27.734499,77.0,6.924738,Visakhapatnam
2025-03-02 14:00:00+00:00,27.3345,77.0,5.8603754,Visakhapatnam
2025-03-02 15:00:00+00:00,26.7845,81.0,5.00128,Visakhapatnam
2025-03-02 16:00:00+00:00,26.4345,85.0,4.8433046,Visakhapatnam
2025-03-02 17:00:00+00:00,26.1845,88.0,5.3517847,Visakhapatnam
2025-03-02 18:00:00+00:00,26.2845,88.0,4.6102495,Visakhapatnam
2025-03-02 19:00:00+00:00,26.0845,90.0,4.8965297,Visakhapatnam
2025-03-02 20:00:00+00:00,25.884499,92.0,4.8965297,Visakhapatnam
2025-03-02 21:00:00+00:00,25.7845,92.0,5.3517847,Visakhapatnam
2025-03-02 22:00:00+00:00,25.6845,93.0,5.8603754,Visakhapatnam
2025-03-02 23:00:00+00:00,25.6845,92.0,6.3690495,Visakhapatnam
2025-03-03 00:00:00+00:00,25.634499,88.0,4.8965297,Visakhapatnam
2025-03-03 01:00:00+00:00,25.634499,87.0,4.6102495,Visakhapatnam
2025-03-03 02:00:00+00:00,26.5845,82.0,5.3999996,Visakhapatnam
2025-03-03 03:00:00+00:00,28.0345,76.0,7.928177,Visakhapatnam
2025-03-03 04:00:00+00:00,29.6845,67.0,8.404285,Visakhapatnam
2025-03-03 05:00:00+00:00,31.0845,62.0,9.178235,Visakhapatnam
2025-03-03 06:00:00+00:00,31.734499,58.0,9.779817,Visakhapatnam
2025-03-03 07:00:00+00:00,31.7845,56.0,11.165805,Visakhapatnam
2025-03-03 08:00:00+00:00,31.484499,57.0,11.901798,Visakhapatnam
2025-03-03 09:00:00+00:00,31.0345,59.0,13.004921,Visakhapatnam
2025-03-03 10:00:00+00:00,30.5845,61.0,12.620554,Visakhapatnam
2025-03-03 11:00:00+00:00,29.5345,68.0,11.928989,Visakhapatnam
2025-03-03 12:00:00+00:00,28.884499,74.0,9.726665,Visakhapatnam
2025-03-03 13:00:00+00:00,28.1845,80.0,7.24486,Visakhapatnam
2025-03-03 14:00:00+00:00,27.9345,83.0,4.510787,Visakhapatnam
2025-03-03 15:00:00+00:00,27.7845,83.0,5.904439,Visakhapatnam
2025-03-03 16:00:00+00:00,27.5845,86.0,5.3517847,Visakhapatnam
2025-03-03 17:00:00+00:00,27.3345,89.0,5.495161,Visakhapatnam
2025-03-03 18:00:00+00:00,27.384499,88.0,3.096837,Visakhapatnam
2025-03-03 19:00:00+00:00,27.234499,88.0,2.8116899,Visakhapatnam
2025-03-03 20:00:00+00:00,27.0845,89.0,2.2768397,Visakhapatnam
2025-03-03 21:00:00+00:00,26.9345,90.0,1.9386592,Visakhapatnam
2025-03-03 22:00:00+00:00,26.8345,90.0,1.4399999,Visakhapatnam
2025-03-03 23:00:00+00:00,26.734499,90.0,1.5273507,Visakhapatnam
2025-03-04 00:00:00+00:00,26.4345,93.0,1.08,Visakhapatnam
2025-03-04 01:00:00+00:00,26.0845,94.0,2.5455842,Visakhapatnam
2025-03-04 02:00:00+00:00,26.5345,93.0,1.8,Visakhapatnam
2025-03-04 03:00:00+00:00,28.4345,81.0,1.835647,Visakhapatnam
2025-03-04 04:00:00+00:00,30.1845,71.0,4.39436,Visakhapatnam
2025-03-04 05:00:00+00:00,31.2845,68.0,7.2,Visakhapatnam
2025-03-04 06:00:00+00:00,31.484499,68.0,9.107359,Visakhapatnam
2025-03-04 07:00:00+00:00,31.4345,66.0,9.6932955,Visakhapatnam
2025-03-04 08:00:00+00:00,31.234499,66.0,12.181625,Visakhapatnam
2025-03-04 09:00:00+00:00,30.6845,68.0,11.013882,Visakhapatnam
2025-03-04 10:00:00+00:00,30.0345,72.0,11.726277,Visakhapatnam
2025-03-04 11:00:00+00:00,28.9345,78.0,11.440979,Visakhapatnam
2025-03-04 12:00:00+00:00,28.9345,78.0,8.12197,Visakhapatnam
2025-03-04 13:00:00+00:00,28.2845,81.0,6.519877,Visakhapatnam
2025-03-04 14:00:00+00:00,27.9345,85.0,4.6938252,Visakhapatnam
2025-03-04 15:00:00+00:00,27.634499,87.0,3.5455887,Visakhapatnam
2025-03-04 16:00:00+00:00,27.484499,89.0,3.2399998,Visakhapatnam
2025-03-04 17:00:00+00:00,27.484499,86.0,4.802999,Visakhapatnam
2025-03-04 18:00:00+00:00,27.4345,85.0,2.6208394,Visakhapatnam
2025-03-04 19:00:00+00:00,27.1845,87.0,3.0758414,Visakhapatnam
2025-03-04 20:00:00+00:00,26.884499,88.0,2.9024127,Visakhapatnam
2025-03-04 21:00:00+00:00,26.634499,89.0,1.609969,Visakhapatnam
2025-03-04 22:00:00+00:00,26.384499,90.0,2.4149535,Visakhapatnam
2025-03-04 23:00:00+00:00,26.1845,90.0,2.0364676,Visakhapatnam
2025-03-05 00:00:00+00:00,25.6845,94.0,2.0991426,Visakhapatnam
2025-03-05 01:00:00+00:00,25.234499,96.0,2.3051248,Visakhapatnam
2025-03-05 02:00:00+00:00,25.6845,94.0,1.4399999,Visakhapatnam
2025-03-05 03:00:00+00:00,27.4345,82.0,3.0547013,Visakhapatnam
2025-03-05 04:00:00+00:00,29.0345,73.0,4.198285,Visakhapatnam
2025-03-05 05:00:00+00:00,30.5345,64.0,6.5693827,Visakhapatnam
2025-03-05 06:00:00+00:00,31.984499,56.0,8.287822,Visakhapatnam
2025-03-05 07:00:00+00:00,32.0845,55.0,9.726665,Visakhapatnam
2025-03-05 08:00:00+00:00,31.884499,55.0,11.928989,Visakhapatnam
2025-03-05 09:00:00+00:00,31.2845,59.0,12.783802,Visakhapatnam
2025-03-05 10:00:00+00:00,30.4345,66.0,13.441071,Visakhapatnam
2025-03-05 11:00:00+00:00,29.7845,66.0,11.966953,Visakhapatnam
2025-03-05 12:00:00+00:00,29.234499,70.0,8.707238,Visakhapatnam
2025-03-05 13:00:00+00:00,28.4345,75.0,7.208994,Visakhapatnam
2025-03-05 14:00:00+00:00,28.0845,79.0,7.289445,Visakhapatnam
2025-03-05 15:00:00+00:00,27.734499,82.0,7.145796,Visakhapatnam
2025-03-05 16:00:00+00:00,27.484499,84.0,6.1305785,Visakhapatnam
2025-03-05 17:00:00+00:00,27.2845,86.0,5.315336,Visakhapatnam
2025-03-05 18:00:00+00:00,27.1845,87.0,4.452954,Visakhapatnam
2025-03-05 19:00:00+00:00,26.9345,87.0,3.5455887,Visakhapatnam
2025-03-05 20:00:00+00:00,26.7845,88.0,1.4399999,Visakhapatnam
2025-03-05 21:00:00+00:00,26.5845,90.0,1.8,Visakhapatnam
2025-03-05 22:00:00+00:00,26.384499,91.0,1.08,Visakhapatnam
2025-03-05 23:00:00+00:00,26.0345,93.0,1.484318,Visakhapatnam
2025-03-06 00:00:00+00:00,25.5845,95.0,1.9386592,Visakhapatnam
2025-03-06 01:00:00+00:00,25.2845,96.0,2.8799999,Visakhapatnam
2025-03-06 02:00:00+00:00,25.634499,95.0,3.2399998,Visakhapatnam
2025-03-06 03:00:00+00:00,27.6845,78.0,5.495161,Visakhapatnam
2025-03-06 04:00:00+00:00,29.734499,64.0,8.404285,Visakhapatnam
2025-03-06 05:00:00+00:00,31.734499,50.0,11.592894,Visakhapatnam
2025-03-06 06:00:00+00:00,34.0845,20.0,13.049689,Visakhapatnam
2025-03-06 07:00:00+00:00,34.184498,22.0,13.397612,Visakhapatnam
2025-03-06 08:00:00+00:00,33.684498,25.0,14.205182,Visakhapatnam
2025-03-06 09:00:00+00:00,32.7845,29.0,14.799459,Visakhapatnam
2025-03-06 10:00:00+00:00,31.5845,36.0,14.33234,Visakhapatnam
2025-03-06 11:00:00+00:00,30.2845,44.0,14.654254,Visakhapatnam
2025-03-06 12:00:00+00:00,29.3345,51.0,11.885453,Visakhapatnam
2025-03-06 13:00:00+00:00,28.134499,61.0,7.145796,Visakhapatnam
2025-03-06 14:00:00+00:00,27.484499,68.0,3.5455887,Visakhapatnam
2025-03-06 15:00:00+00:00,26.8345,75.0,3.0758414,Visakhapatnam
2025-03-06 16:00:00+00:00,26.2845,79.0,2.8116899,Visakhapatnam
2025-03-06 17:00:00+00:00,25.884499,83.0,2.5959969,Visakhapatnam
2025-03-06 18:00:00+00:00,25.5345,78.0,3.219938,Visakhapatnam
2025-03-06 19:00:00+00:00,25.0345,81.0,2.968636,Visakhapatnam
2025-03-06 20:00:00+00:00,24.484499,82.0,2.9024127,Visakhapatnam
2025-03-06 21:00:00+00:00,23.984499,84.0,2.8799999,Visakhapatnam
2025-03-06 22:00:00+00:00,23.484499,84.0,3.319036,Visakhapatnam
2025-03-06 23:00:00+00:00,23.0845,84.0,3.4152596,Visakhapatnam
2025-03-07 00:00:00+00:00,22.8345,84.0,3.219938,Visakhapatnam
2025-03-07 01:00:00+00:00,22.484499,84.0,3.219938,Visakhapatnam
2025-03-07 02:00:00+00:00,23.484499,76.0,3.396233,Visakhapatnam
2025-03-07 03:00:00+00:00,25.884499,65.0,3.396233,Visakhapatnam
2025-03-07 04:00:00+00:00,28.0845,61.0,1.484318,Visakhapatnam
2025-03-07 05:00:00+00:00,29.9345,51.0,1.484318,Visakhapatnam
2025-03-07 06:00:00+00:00,31.234499,49.0,4.6800003,Visakhapatnam
2025-03-07 07:00:00+00:00,31.634499,49.0,9.220499,Visakhapatnam
2025-03-07 08:00:00+00:00,30.5345,57.0,12.819235,Visakhapatnam
2025-03-07 09:00:00+00:00,29.984499,50.0,13.779114,Visakhapatnam
2025-03-07 10:00:00+00:00,29.384499,61.0,14.021525,Visakhapatnam
2025-03-07 11:00:00+00:00,28.5845,61.0,13.527572,Visakhapatnam
2025-03-07 12:00:00+00:00,27.6845,67.0,11.770403,Visakhapatnam
2025-03-07 13:00:00+00:00,26.9345,71.0,8.4042845,Visakhapatnam
2025-03-07 14:00:00+00:00,26.5345,77.0,5.4477882,Visakhapatnam
2025-03-07 15:00:00+00:00,26.3345,79.0,4.5536795,Visakhapatnam
2025-03-07 16:00:00+00:00,26.234499,78.0,5.1919937,Visakhapatnam
2025-03-07 17:00:00+00:00,26.0345,78.0,5.1165614,Visakhapatnam
2025-03-07 18:00:00+00:00,25.9345,79.0,5.3999996,Visakhapatnam
2025-03-07 19:00:00+00:00,25.7845,79.0,5.692099,Visakhapatnam
2025-03-07 20:00:00+00:00,25.634499,80.0,5.634891,Visakhapatnam
2025-03-07 21:00:00+00:00,25.4345,80.0,5.4833565,Visakhapatnam
2025-03-07 22:00:00+00:00,25.234499,81.0,4.5536795,Visakhapatnam
2025-03-07 23:00:00+00:00,25.0345,82.0,4.6800003,Visakhapatnam
2025-02-04 00:00:00+00:00,18.948,82.0,2.8116899,Bhopal
2025-02-04 01:00:00+00:00,19.248,80.0,2.3051248,Bhopal
2025-02-04 02:00:00+00:00,19.498,80.0,1.609969,Bhopal
2025-02-04 03:00:00+00:00,20.948,78.0,2.16,Bhopal
2025-02-04 04:00:00+00:00,22.798,73.0,3.2599385,Bhopal
2025-02-04 05:00:00+00:00,25.198,62.0,7.2,Bhopal
2025-02-04 06:00:00+00:00,27.348,54.0,4.5536795,Bhopal
2025-02-04 07:00:00+00:00,28.648,49.0,6.989936,Bhopal
2025-02-04 08:00:00+00:00,29.698,46.0,9.6932955,Bhopal
2025-02-04 09:00:00+00:00,29.848,45.0,10.239453,Bhopal
2025-02-04 10:00:00+00:00,29.598,45.0,7.5942073,Bhopal
2025-02-04 11:00:00+00:00,28.548,47.0,11.090103,Bhopal
2025-02-04 12:00:00+00:00,27.498,53.0,6.0347,Bhopal
2025-02-04 13:00:00+00:00,25.598,62.0,4.198285,Bhopal
2025-02-04 14:00:00+00:00,24.398,67.0,3.319036,Bhopal
2025-02-04 15:00:00+00:00,23.798,67.0,3.319036,Bhopal
2025-02-04 16:00:00+00:00,22.998,68.0,4.3349743,Bhopal
2025-02-04 17:00:00+00:00,22.348,68.0,4.8965297,Bhopal
2025-02-04 18:00:00+00:00,20.798,71.0,6.12,Bhopal
2025-02-04 19:00:00+00:00,19.698,72.0,6.9153743,Bhopal
2025-02-04 20:00:00+00:00,18.898,73.0,6.9153743,Bhopal
2025-02-04 21:00:00+00:00,18.098,74.0,6.489992,Bhopal
2025-02-04 22:00:00+00:00,17.748,74.0,5.495161,Bhopal
2025-02-04 23:00:00+00:00,17.198,77.0,5.00128,Bhopal
2025-02-05 00:00:00+00:00,16.148,85.0,4.198285,Bhopal
2025-02-05 01:00:00+00:00,15.898,88.0,4.198285,Bhopal
2025-02-05 02:00:00+00:00,15.997999,89.0,3.8939953,Bhopal
2025-02-05 03:00:00+00:00,17.498,87.0,4.8433046,Bhopal
2025-02-05 04:00:00+00:00,19.598,81.0,7.5942082,Bhopal
2025-02-05 05:00:00+00:00,21.248,73.0,8.699793,Bhopal
2025-02-05 06:00:00+00:00,22.998,62.0,7.42159,Bhopal
2025-02-05 07:00:00+00:00,24.298,55.0,8.225035,Bhopal
2025-02-05 08:00:00+00:00,25.198,49.0,9.659814,Bhopal
2025-02-05 09:00:00+00:00,25.548,44.0,10.630672,Bhopal
2025-02-05 10:00:00+00:00,25.348,40.0,10.966713,Bhopal
2025-02-05 11:00:00+00:00,24.598,40.0,10.587917,Bhopal
2025-02-05 12:00:00+00:00,23.598,50.0,5.8603754,Bhopal
2025-02-05 13:00:00+00:00,21.198,61.0,4.3498964,Bhopal
2025-02-05 14:00:00+00:00,19.898,64.0,4.829907,Bhopal
2025-02-05 15:00:00+00:00,18.798,66.0,4.829907,Bhopal
2025-02-05 16:00:00+00:00,17.948,66.0,4.896529,Bhopal
2025-02-05 17:00:00+00:00,17.148,67.0,4.802999,Bhopal
2025-02-05 18:00:00+00:00,15.898,70.0,4.379589,Bhopal
2025-02-05 19:00:00+00:00,15.348,73.0,3.96,Bhopal
2025-02-05 20:00:00+00:00,14.898,77.0,4.1046314,Bhopal
2025-02-05 21:00:00+00:00,14.498,80.0,4.829907,Bhopal
2025-02-05 22:00:00+00:00,13.798,85.0,5.991594,Bhopal
2025-02-05 23:00:00+00:00,13.448,87.0,7.491114,Bhopal
2025-02-06 00:00:00+00:00,13.548,86.0,8.161764,Bhopal
2025-02-06 01:00:00+00:00,13.198,81.0,8.14587,Bhopal
2025-02-06 02:00:00+00:00,13.098,76.0,8.161764,Bhopal
2025-02-06 03:00:00+00:00,14.548,66.0,9.957108,Bhopal
2025-02-06 04:00:00+00:00,16.848,54.0,11.988594,Bhopal
2025-02-06 05:00:00+00:00,18.998,40.0,15.580141,Bhopal
2025-02-06 06:00:00+00:00,20.798,31.0,15.7908325,Bhopal
2025-02-06 07:00:00+00:00,21.998,30.0,15.530151,Bhopal
2025-02-06 08:00:00+00:00,22.848,30.0,14.255272,Bhopal
2025-02-06 09:00:00+00:00,23.298,29.0,13.246826,Bhopal
2025-02-06 10:00:00+00:00,23.298,30.0,11.720751,Bhopal
2025-02-06 11:00:00+00:00,22.748,31.0,11.019764,Bhopal
2025-02-06 12:00:00+00:00,21.898,36.0,8.209263,Bhopal
2025-02-06 13:00:00+00:00,19.748,46.0,5.692099,Bhopal
2025-02-06 14:00:00+00:00,18.348,54.0,5.3999996,Bhopal
2025-02-06 15:00:00+00:00,17.698,56.0,4.8965297,Bhopal
2025-02-06 16:00:00+00:00,17.298,55.0,4.8433046,Bhopal
2025-02-06 17:00:00+00:00,16.998,54.0,4.3349743,Bhopal
2025-02-06 18:00:00+00:00,15.798,63.0,4.8433046,Bhopal
2025-02-06 19:00:00+00:00,15.348,63.0,5.1165614,Bhopal
2025-02-06 20:00:00+00:00,14.848,65.0,5.1919937,Bhopal
2025-02-06 21:00:00+00:00,14.348,66.0,5.495161,Bhopal
2025-02-06 22:00:00+00:00,13.898,65.0,6.489992,Bhopal
2025-02-06 23:00:00+00:00,13.398,66.0,6.696387,Bhopal
2025-02-07 00:00:00+00:00,12.898,72.0,6.297428,Bhopal
2025-02-07 01:00:00+00:00,12.498,72.0,6.696387,Bhopal
2025-02-07 02:00:00+00:00,12.348,74.0,6.638072,Bhopal
2025-02-07 03:00:00+00:00,13.998,67.0,8.404285,Bhopal
2025-02-07 04:00:00+00:00,16.398,56.0,11.753876,Bhopal
2025-02-07 05:00:00+00:00,18.498,46.0,13.783817,Bhopal
2025-02-07 06:00:00+00:00,19.948,34.0,12.738099,Bhopal
2025-02-07 07:00:00+00:00,21.398,31.0,11.457958,Bhopal
2025-02-07 08:00:00+00:00,22.398,30.0,9.931042,Bhopal
2025-02-07 09:00:00+00:00,23.048,32.0,8.714677,Bhopal
2025-02-07 10:00:00+00:00,23.248,30.0,8.287822,Bhopal
2025-02-07 11:00:00+00:00,22.698,32.0,7.5942082,Bhopal
2025-02-07 12:00:00+00:00,22.348,36.0,4.8433046,Bhopal
2025-02-07 13:00:00+00:00,20.198,48.0,3.319036,Bhopal
2025-02-07 14:00:00+00:00,19.198,52.0,3.319036,Bhopal
2025-02-07 15:00:00+00:00,18.598,55.0,2.8116899,Bhopal
2025-02-07 16:00:00+00:00,18.348,53.0,2.3051248,Bhopal
2025-02-07 17:00:00+00:00,17.948,52.0,2.4149535,Bhopal
2025-02-07 18:00:00+00:00,16.198,60.0,3.8268526,Bhopal
2025-02-07 19:00:00+00:00,15.748,60.0,3.6,Bhopal
2025-02-07 20:00:00+00:00,15.398,60.0,3.7064266,Bhopal
2025-02-07 21:00:00+00:00,15.098,60.0,4.2136917,Bhopal
2025-02-07 22:00:00+00:00,14.698,61.0,4.3498964,Bhopal
2025-02-07 23:00:00+00:00,14.298,62.0,4.39436,Bhopal
2025-02-08 00:00:00+00:00,12.548,75.0,4.1046314,Bhopal
2025-02-08 01:00:00+00:00,12.448,74.0,3.8268526,Bhopal
2025-02-08 02:00:00+00:00,12.648,73.0,3.563818,Bhopal
2025-02-08 03:00:00+00:00,14.748,70.0,3.6,Bhopal
2025-02-08 04:00:00+00:00,17.798,57.0,6.830519,Bhopal
2025-02-08 05:00:00+00:00,19.948,49.0,8.473393,Bhopal
2025-02-08 06:00:00+00:00,22.948,36.0,8.825508,Bhopal
2025-02-08 07:00:00+00:00,24.548,32.0,7.42159,Bhopal
2025-02-08 08:00:00+00:00,25.798,29.0,5.815978,Bhopal
2025-02-08 09:00:00+00:00,26.448,27.0,4.8433046,Bhopal
2025-02-08 10:00:00+00:00,26.398,29.0,6.297428,Bhopal
2025-02-08 11:00:00+00:00,25.648,31.0,6.792466,Bhopal
2025-02-08 12:00:00+00:00,24.348,39.0,6.297428,Bhopal
2025-02-08 13:00:00+00:00,21.298,52.0,5.1165614,Bhopal
2025-02-08 14:00:00+00:00,19.698,58.0,4.5820518,Bhopal
2025-02-08 15:00:00+00:00,18.698,61.0,4.1046314,Bhopal
2025-02-08 16:00:00+00:00,18.198,61.0,3.6,Bhopal
2025-02-08 17:00:00+00:00,17.998,58.0,3.396233,Bhopal
2025-02-08 18:00:00+00:00,17.498,58.0,3.5455887,Bhopal
2025-02-08 19:00:00+00:00,17.248,57.0,3.4152596,Bhopal
2025-02-08 20:00:00+00:00,17.048,56.0,3.4152596,Bhopal
2025-02-08 21:00:00+00:00,16.998,55.0,3.0758414,Bhopal
2025-02-08 22:00:00+00:00,16.848,55.0,3.0758414,Bhopal
2025-02-08 23:00:00+00:00,16.698,55.0,3.219938,Bhopal
2025-02-09 00:00:00+00:00,15.798,60.0,3.319036,Bhopal
2025-02-09 01:00:00+00:00,15.498,61.0,3.0758414,Bhopal
2025-02-09 02:00:00+00:00,15.448,61.0,3.319036,Bhopal
2025-02-09 03:00:00+00:00,17.198,59.0,3.319036,Bhopal
2025-02-09 04:00:00+00:00,20.148,54.0,3.9763298,Bhopal
2025-02-09 05:00:00+00:00,22.848,44.0,5.771239,Bhopal
2025-02-09 06:00:00+00:00,25.948,36.0,4.379589,Bhopal
2025-02-09 07:00:00+00:00,27.598,33.0,2.1897945,Bhopal
2025-02-09 08:00:00+00:00,28.648,31.0,1.4399999,Bhopal
2025-02-09 09:00:00+00:00,29.198,31.0,4.452954,Bhopal
2025-02-09 10:00:00+00:00,29.298,32.0,6.763786,Bhopal
2025-02-09 11:00:00+00:00,28.898,32.0,7.42159,Bhopal
2025-02-09 12:00:00+00:00,28.098,41.0,4.379589,Bhopal
2025-02-09 13:00:00+00:00,25.098,54.0,4.896529,Bhopal
2025-02-09 14:00:00+00:00,23.048,65.0,4.5820518,Bhopal
2025-02-09 15:00:00+00:00,21.998,69.0,4.32,Bhopal
2025-02-09 16:00:00+00:00,21.348,70.0,4.0249224,Bhopal
2025-02-09 17:00:00+00:00,21.198,67.0,3.6,Bhopal
2025-02-09 18:00:00+00:00,20.348,69.0,3.5455887,Bhopal
2025-02-09 19:00:00+00:00,19.998,68.0,2.9024127,Bhopal
2025-02-09 20:00:00+00:00,19.798,67.0,2.4149535,Bhopal
2025-02-09 21:00:00+00:00,19.598,66.0,2.5959969,Bhopal
2025-02-09 22:00:00+00:00,19.248,66.0,2.8116899,Bhopal
2025-02-09 23:00:00+00:00,18.848,67.0,2.5959969,Bhopal
2025-02-10 00:00:00+00:00,18.098,72.0,2.4149535,Bhopal
2025-02-10 01:00:00+00:00,17.798,72.0,1.9386592,Bhopal
2025-02-10 02:00:00+00:00,17.748,73.0,1.484318,Bhopal
2025-02-10 03:00:00+00:00,19.698,71.0,0.8049845,Bhopal
2025-02-10 04:00:00+00:00,23.198,62.0,1.9386592,Bhopal
2025-02-10 05:00:00+00:00,26.048,53.0,3.4152596,Bhopal
2025-02-10 06:00:00+00:00,27.448,48.0,5.815978,Bhopal
2025-02-10 07:00:00+00:00,28.848,44.0,9.028754,Bhopal
2025-02-10 08:00:00+00:00,29.648,40.0,12.7279215,Bhopal
2025-02-10 09:00:00+00:00,29.848,37.0,14.345898,Bhopal
2025-02-10 10:00:00+00:00,29.598,34.0,14.24163,Bhopal
2025-02-10 11:00:00+00:00,28.798,33.0,13.237039,Bhopal
2025-02-10 12:00:00+00:00,27.748,37.0,6.9247384,Bhopal
2025-02-10 13:00:00+00:00,24.648,49.0,4.8433046,Bhopal
2025-02-10 14:00:00+00:00,22.648,54.0,4.8433046,Bhopal
2025-02-10 15:00:00+00:00,21.398,56.0,4.6102495,Bhopal
2025-02-10 16:00:00+00:00,20.748,56.0,4.1046314,Bhopal
2025-02-10 17:00:00+00:00,20.498,55.0,3.8268526,Bhopal
2025-02-10 18:00:00+00:00,19.098,58.0,3.0547013,Bhopal
2025-02-10 19:00:00+00:00,18.848,56.0,2.3051248,Bhopal
2025-02-10 20:00:00+00:00,18.398,56.0,1.9386592,Bhopal
2025-02-10 21:00:00+00:00,17.898,56.0,1.835647,Bhopal
2025-02-10 22:00:00+00:00,17.298,58.0,1.4399999,Bhopal
2025-02-10 23:00:00+00:00,16.648,61.0,0.71999997,Bhopal
2025-02-11 00:00:00+00:00,15.098,72.0,1.8,Bhopal
2025-02-11 01:00:00+00:00,14.848,74.0,2.3051248,Bhopal
2025-02-11 02:00:00+00:00,14.998,75.0,2.0364676,Bhopal
2025-02-11 03:00:00+00:00,17.898,73.0,1.5273507,Bhopal
2025-02-11 04:00:00+00:00,21.998,63.0,2.5455842,Bhopal
2025-02-11 05:00:00+00:00,24.848,54.0,3.8268526,Bhopal
2025-02-11 06:00:00+00:00,27.798,38.0,2.4149535,Bhopal
2025-02-11 07:00:00+00:00,29.048,32.0,7.2805495,Bhopal
2025-02-11 08:00:00+00:00,29.798,28.0,9.6932955,Bhopal
2025-02-11 09:00:00+00:00,29.898,26.0,10.483357,Bhopal
2025-02-11 10:00:00+00:00,29.548,25.0,10.24578,Bhopal
2025-02-11 11:00:00+00:00,28.698,26.0,9.693296,Bhopal
2025-02-11 12:00:00+00:00,27.248,36.0,5.95906,Bhopal
2025-02-11 13:00:00+00:00,23.748,46.0,4.3498964,Bhopal
2025-02-11 14:00:00+00:00,21.848,50.0,4.5536795,Bhopal
2025-02-11 15:00:00+00:00,20.998,51.0,4.0249224,Bhopal
2025-02-11 16:00:00+00:00,20.598,51.0,4.0249224,Bhopal
2025-02-11 17:00:00+00:00,20.398,50.0,4.5536795,Bhopal
2025-02-11 18:00:00+00:00,18.998,58.0,4.3349743,Bhopal
2025-02-11 19:00:00+00:00,18.198,60.0,5.4119864,Bhopal
2025-02-11 20:00:00+00:00,17.648,64.0,6.519877,Bhopal
2025-02-11 21:00:00+00:00,16.198,70.0,5.937272,Bhopal
2025-02-11 22:00:00+00:00,14.948,75.0,5.6920996,Bhopal
2025-02-11 23:00:00+00:00,14.348,75.0,5.95906,Bhopal
2025-02-12 00:00:00+00:00,14.148,77.0,5.154415,Bhopal
2025-02-12 01:00:00+00:00,13.848,78.0,5.0142193,Bhopal
2025-02-12 02:00:00+00:00,13.848,80.0,4.802999,Bhopal
2025-02-12 03:00:00+00:00,16.848,74.0,5.2416787,Bhopal
2025-02-12 04:00:00+00:00,20.298,62.0,8.089993,Bhopal
2025-02-12 05:00:00+00:00,22.848,55.0,8.78872,Bhopal
2025-02-12 06:00:00+00:00,24.748,50.0,5.3999996,Bhopal
2025-02-12 07:00:00+00:00,26.398,47.0,6.12,Bhopal
2025-02-12 08:00:00+00:00,27.398,42.0,6.297428,Bhopal
2025-02-12 09:00:00+00:00,27.698,39.0,7.7043357,Bhopal
2025-02-12 10:00:00+00:00,27.498,37.0,8.942214,Bhopal
2025-02-12 11:00:00+00:00,26.748,36.0,9.220499,Bhopal
2025-02-12 12:00:00+00:00,25.798,43.0,5.3517847,Bhopal
2025-02-12 13:00:00+00:00,23.248,53.0,3.8268526,Bhopal
2025-02-12 14:00:00+00:00,22.098,54.0,4.39436,Bhopal
2025-02-12 15:00:00+00:00,21.398,54.0,4.6102495,Bhopal
2025-02-12 16:00:00+00:00,20.898,52.0,4.6938257,Bhopal
2025-02-12 17:00:00+00:00,19.898,53.0,5.8603754,Bhopal
2025-02-12 18:00:00+00:00,18.348,56.0,4.802999,Bhopal
2025-02-12 19:00:00+00:00,17.698,55.0,4.73506,Bhopal
2025-02-12 20:00:00+00:00,17.048,55.0,5.0911684,Bhopal
2025-02-12 21:00:00+00:00,16.648,55.0,4.68,Bhopal
2025-02-12 22:00:00+00:00,16.198,56.0,4.802999,Bhopal
2025-02-12 23:00:00+00:00,15.848,56.0,4.6800003,Bhopal
2025-02-13 00:00:00+00:00,15.048,60.0,4.510787,Bhopal
2025-02-13 01:00:00+00:00,14.598,61.0,4.5820518,Bhopal
2025-02-13 02:00:00+00:00,14.548,63.0,3.396233,Bhopal
2025-02-13 03:00:00+00:00,17.048,64.0,3.5455887,Bhopal
2025-02-13 04:00:00+00:00,19.648,54.0,6.439876,Bhopal
2025-02-13 05:00:00+00:00,21.698,47.0,8.225035,Bhopal
2025-02-13 06:00:00+00:00,23.548,40.0,7.289445,Bhopal
2025-02-13 07:00:00+00:00,24.798,34.0,6.9247384,Bhopal
2025-02-13 08:00:00+00:00,25.548,31.0,7.208994,Bhopal
2025-02-13 09:00:00+00:00,25.748,30.0,7.42159,Bhopal
2025-02-13 10:00:00+00:00,25.548,31.0,7.754637,Bhopal
2025-02-13 11:00:00+00:00,24.848,32.0,7.5685663,Bhopal
2025-02-13 12:00:00+00:00,23.648,40.0,5.154415,Bhopal
2025-02-13 13:00:00+00:00,21.298,53.0,3.396233,Bhopal
2025-02-13 14:00:00+00:00,20.348,54.0,3.319036,Bhopal
2025-02-13 15:00:00+00:00,19.748,52.0,4.072935,Bhopal
2025-02-13 16:00:00+00:00,19.098,51.0,4.3349743,Bhopal
2025-02-13 17:00:00+00:00,18.398,53.0,4.198285,Bhopal
2025-02-13 18:00:00+00:00,16.848,56.0,3.8773184,Bhopal
2025-02-13 19:00:00+00:00,16.198,56.0,3.4152596,Bhopal
2025-02-13 20:00:00+00:00,15.548,56.0,2.968636,Bhopal
2025-02-13 21:00:00+00:00,14.998,57.0,2.6208394,Bhopal
2025-02-13 22:00:00+00:00,14.448,58.0,2.16,Bhopal
2025-02-13 23:00:00+00:00,13.948,59.0,2.16,Bhopal
2025-02-14 00:00:00+00:00,12.548,70.0,1.835647,Bhopal
2025-02-14 01:00:00+00:00,12.198,71.0,0.8049845,Bhopal
2025-02-14 02:00:00+00:00,12.248,72.0,0.8049845,Bhopal
2025-02-14 03:00:00+00:00,15.348,68.0,1.0182338,Bhopal
2025-02-14 04:00:00+00:00,19.648,60.0,1.9386592,Bhopal
2025-02-14 05:00:00+00:00,22.198,48.0,2.2768397,Bhopal
2025-02-14 06:00:00+00:00,25.248,34.0,4.0249224,Bhopal
2025-02-14 07:00:00+00:00,26.298,32.0,5.815978,Bhopal
2025-02-14 08:00:00+00:00,27.048,30.0,6.9153743,Bhopal
2025-02-14 09:00:00+00:00,27.298,29.0,8.161764,Bhopal
2025-02-14 10:00:00+00:00,27.048,30.0,7.928177,Bhopal
2025-02-14 11:00:00+00:00,26.298,32.0,6.3690495,Bhopal
2025-02-14 12:00:00+00:00,25.248,41.0,4.1046314,Bhopal
2025-02-14 13:00:00+00:00,22.248,52.0,3.6,Bhopal
2025-02-14 14:00:00+00:00,21.048,53.0,2.8116899,Bhopal
2025-02-14 15:00:00+00:00,20.298,52.0,2.4149535,Bhopal
2025-02-14 16:00:00+00:00,19.498,53.0,2.2768397,Bhopal
2025-02-14 17:00:00+00:00,18.648,55.0,2.5959969,Bhopal
2025-02-14 18:00:00+00:00,17.798,61.0,2.6208394,Bhopal
2025-02-14 19:00:00+00:00,17.348,62.0,2.7416782,Bhopal
2025-02-14 20:00:00+00:00,17.048,62.0,2.7416782,Bhopal
2025-02-14 21:00:00+00:00,16.798,63.0,3.0758414,Bhopal
2025-02-14 22:00:00+00:00,16.598,62.0,2.9024127,Bhopal
2025-02-14 23:00:00+00:00,16.498,60.0,3.6,Bhopal
2025-02-15 00:00:00+00:00,16.248,61.0,4.39436,Bhopal
2025-02-15 01:00:00+00:00,15.848,61.0,4.3349743,Bhopal
2025-02-15 02:00:00+00:00,15.848,62.0,4.8433046,Bhopal
2025-02-15 03:00:00+00:00,18.098,64.0,4.5820518,Bhopal
2025-02-15 04:00:00+00:00,22.448,52.0,6.1094027,Bhopal
2025-02-15 05:00:00+00:00,25.198,42.0,9.904906,Bhopal
2025-02-15 06:00:00+00:00,27.698,34.0,10.538843,Bhopal
2025-02-15 07:00:00+00:00,29.048,30.0,12.661564,Bhopal
2025-02-15 08:00:00+00:00,30.048,26.0,13.684735,Bhopal
2025-02-15 09:00:00+00:00,30.248,24.0,12.904882,Bhopal
2025-02-15 10:00:00+00:00,30.298,23.0,12.0694,Bhopal
2025-02-15 11:00:00+00:00,29.748,23.0,11.440978,Bhopal
2025-02-15 12:00:00+00:00,28.748,28.0,6.519877,Bhopal
2025-02-15 13:00:00+00:00,25.648,41.0,3.671294,Bhopal
2025-02-15 14:00:00+00:00,24.248,45.0,4.0249224,Bhopal
2025-02-15 15:00:00+00:00,23.098,45.0,4.39436,Bhopal
2025-02-15 16:00:00+00:00,21.698,46.0,4.8433046,Bhopal
2025-02-15 17:00:00+00:00,20.748,48.0,4.39436,Bhopal
2025-02-15 18:00:00+00:00,19.698,55.0,3.7064266,Bhopal
2025-02-15 19:00:00+00:00,19.098,56.0,4.1046314,Bhopal
2025-02-15 20:00:00+00:00,18.198,59.0,4.73506,Bhopal
2025-02-15 21:00:00+00:00,17.298,61.0,5.4477882,Bhopal
2025-02-15 22:00:00+00:00,16.348,65.0,5.4477882,Bhopal
2025-02-15 23:00:00+00:00,15.848,67.0,5.0528407,Bhopal
2025-02-16 00:00:00+00:00,16.298,67.0,4.68,Bhopal
2025-02-16 01:00:00+00:00,15.898,69.0,5.04,Bhopal
2025-02-16 02:00:00+00:00,15.848,71.0,5.0528407,Bhopal
2025-02-16 03:00:00+00:00,18.348,68.0,4.73506,Bhopal
2025-02-16 04:00:00+00:00,21.748,57.0,6.379216,Bhopal
2025-02-16 05:00:00+00:00,24.748,50.0,5.692099,Bhopal
2025-02-16 06:00:00+00:00,27.298,40.0,4.39436,Bhopal
2025-02-16 07:00:00+00:00,28.948,32.0,7.145796,Bhopal
2025-02-16 08:00:00+00:00,29.848,28.0,9.693296,Bhopal
2025-02-16 09:00:00+00:00,30.098,27.0,11.440979,Bhopal
2025-02-16 10:00:00+00:00,29.948,29.0,11.298495,Bhopal
2025-02-16 11:00:00+00:00,29.448,29.0,11.165805,Bhopal
2025-02-16 12:00:00+00:00,28.398,34.0,6.9527545,Bhopal
2025-02-16 13:00:00+00:00,25.648,48.0,3.6,Bhopal
2025-02-16 14:00:00+00:00,24.648,53.0,2.3051248,Bhopal
2025-02-16 15:00:00+00:00,23.998,52.0,0.35999998,Bhopal
2025-02-16 16:00:00+00:00,22.648,57.0,2.5455842,Bhopal
2025-02-16 17:00:00+00:00,22.048,59.0,2.9024127,Bhopal
2025-02-16 18:00:00+00:00,21.848,60.0,2.6208394,Bhopal
2025-02-16 19:00:00+00:00,21.598,59.0,1.1384199,Bhopal
2025-02-16 20:00:00+00:00,21.048,60.0,0.71999997,Bhopal
2025-02-16 21:00:00+00:00,20.348,63.0,1.9386592,Bhopal
2025-02-16 22:00:00+00:00,19.398,68.0,3.96,Bhopal
2025-02-16 23:00:00+00:00,19.098,67.0,4.452954,Bhopal
2025-02-17 00:00:00+00:00,17.298,74.0,3.319036,Bhopal
2025-02-17 01:00:00+00:00,17.198,72.0,2.1897945,Bhopal
2025-02-17 02:00:00+00:00,17.348,71.0,1.8,Bhopal
2025-02-17 03:00:00+00:00,19.198,69.0,1.1384199,Bhopal
2025-02-17 04:00:00+00:00,22.648,58.0,0.8049845,Bhopal
2025-02-17 05:00:00+00:00,25.248,51.0,3.4152596,Bhopal
2025-02-17 06:00:00+00:00,27.298,44.0,2.6208394,Bhopal
2025-02-17 07:00:00+00:00,28.798,38.0,1.609969,Bhopal
2025-02-17 08:00:00+00:00,29.598,34.0,1.484318,Bhopal
2025-02-17 09:00:00+00:00,29.948,32.0,5.00128,Bhopal
2025-02-17 10:00:00+00:00,29.898,32.0,8.209263,Bhopal
2025-02-17 11:00:00+00:00,29.348,32.0,9.686609,Bhopal
2025-02-17 12:00:00+00:00,28.548,36.0,6.638072,Bhopal
2025-02-17 13:00:00+00:00,25.898,48.0,4.1046314,Bhopal
2025-02-17 14:00:00+00:00,24.248,54.0,3.5455887,Bhopal
2025-02-17 15:00:00+00:00,23.798,55.0,2.5455842,Bhopal
2025-02-17 16:00:00+00:00,23.498,53.0,1.484318,Bhopal
2025-02-17 17:00:00+00:00,22.898,54.0,1.9386592,Bhopal
2025-02-17 18:00:00+00:00,21.548,61.0,1.8,Bhopal
2025-02-17 19:00:00+00:00,20.948,62.0,1.4399999,Bhopal
2025-02-17 20:00:00+00:00,20.298,65.0,1.609969,Bhopal
2025-02-17 21:00:00+00:00,19.998,66.0,3.2599385,Bhopal
2025-02-17 22:00:00+00:00,19.998,65.0,3.0758414,Bhopal
2025-02-17 23:00:00+00:00,19.948,66.0,2.5455842,Bhopal
2025-02-18 00:00:00+00:00,18.998,71.0,2.7416782,Bhopal
2025-02-18 01:00:00+00:00,18.698,72.0,2.3051248,Bhopal
2025-02-18 02:00:00+00:00,18.748,73.0,2.52,Bhopal
2025-02-18 03:00:00+00:00,20.698,69.0,2.3051248,Bhopal
2025-02-18 04:00:00+00:00,23.548,59.0,5.692099,Bhopal
2025-02-18 05:00:00+00:00,25.748,52.0,6.830519,Bhopal
2025-02-18 06:00:00+00:00,28.348,43.0,6.519877,Bhopal
2025-02-18 07:00:00+00:00,29.548,38.0,5.8048253,Bhopal
2025-02-18 08:00:00+00:00,30.148,35.0,9.007196,Bhopal
2025-02-18 09:00:00+00:00,30.248,33.0,12.144331,Bhopal
2025-02-18 10:00:00+00:00,30.148,32.0,13.358861,Bhopal
2025-02-18 11:00:00+00:00,29.598,32.0,13.556282,Bhopal
2025-02-18 12:00:00+00:00,28.798,36.0,9.178235,Bhopal
2025-02-18 13:00:00+00:00,26.198,48.0,4.2136917,Bhopal
2025-02-18 14:00:00+00:00,24.898,54.0,3.4152596,Bhopal
2025-02-18 15:00:00+00:00,24.248,56.0,3.0547013,Bhopal
2025-02-18 16:00:00+00:00,22.698,62.0,6.830519,Bhopal
2025-02-18 17:00:00+00:00,21.548,72.0,4.39436,Bhopal
2025-02-18 18:00:00+00:00,20.898,77.0,5.8048253,Bhopal
2025-02-18 19:00:00+00:00,20.348,80.0,4.2136917,Bhopal
2025-02-18 20:00:00+00:00,20.148,80.0,3.8773184,Bhopal
2025-02-18 21:00:00+00:00,19.998,79.0,3.096837,Bhopal
2025-02-18 22:00:00+00:00,19.998,78.0,2.8116899,Bhopal
2025-02-18 23:00:00+00:00,20.148,76.0,2.0991426,Bhopal
2025-02-19 00:00:00+00:00,19.498,78.0,1.9386592,Bhopal
2025-02-19 01:00:00+00:00,19.548,76.0,1.2979984,Bhopal
2025-02-19 02:00:00+00:00,19.598,76.0,2.3051248,Bhopal
2025-02-19 03:00:00+00:00,20.798,73.0,3.6,Bhopal
2025-02-19 04:00:00+00:00,22.298,68.0,6.1094027,Bhopal
2025-02-19 05:00:00+00:00,23.998,62.0,7.4128532,Bhopal
2025-02-19 06:00:00+00:00,26.048,53.0,5.1165614,Bhopal
2025-02-19 07:00:00+00:00,27.548,46.0,2.5959969,Bhopal
2025-02-19 08:00:00+00:00,28.348,41.0,5.154415,Bhopal
2025-02-19 09:00:00+00:00,28.298,39.0,2.0991426,Bhopal
2025-02-19 10:00:00+00:00,28.798,36.0,4.2136917,Bhopal
2025-02-19 11:00:00+00:00,28.548,36.0,6.1305785,Bhopal
2025-02-19 12:00:00+00:00,27.998,42.0,5.00128,Bhopal
2025-02-19 13:00:00+00:00,25.948,53.0,3.7064266,Bhopal
2025-02-19 14:00:00+00:00,24.598,58.0,3.396233,Bhopal
2025-02-19 15:00:00+00:00,23.498,60.0,3.0758414,Bhopal
2025-02-19 16:00:00+00:00,22.848,61.0,2.9024127,Bhopal
2025-02-19 17:00:00+00:00,21.548,65.0,4.3349743,Bhopal
2025-02-19 18:00:00+00:00,20.948,69.0,3.2599385,Bhopal
2025-02-19 19:00:00+00:00,20.448,69.0,2.2768397,Bhopal
2025-02-19 20:00:00+00:00,20.198,69.0,1.609969,Bhopal
2025-02-19 21:00:00+00:00,19.798,70.0,2.4149535,Bhopal
2025-02-19 22:00:00+00:00,19.348,72.0,2.4149535,Bhopal
2025-02-19 23:00:00+00:00,18.998,73.0,1.609969,Bhopal
2025-02-20 00:00:00+00:00,17.798,78.0,2.1897945,Bhopal
2025-02-20 01:00:00+00:00,17.398,80.0,1.5273507,Bhopal
2025-02-20 02:00:00+00:00,17.398,81.0,2.16,Bhopal
2025-02-20 03:00:00+00:00,19.748,77.0,1.9386592,Bhopal
2025-02-20 04:00:00+00:00,23.298,63.0,3.6,Bhopal
2025-02-20 05:00:00+00:00,25.998,52.0,4.6938257,Bhopal
2025-02-20 06:00:00+00:00,28.148,40.0,7.928178,Bhopal
2025-02-20 07:00:00+00:00,29.048,34.0,11.966953,Bhopal
2025-02-20 08:00:00+00:00,29.598,32.0,11.966953,Bhopal
2025-02-20 09:00:00+00:00,29.898,28.0,11.966953,Bhopal
2025-02-20 10:00:00+00:00,29.748,27.0,12.181625,Bhopal
2025-02-20 11:00:00+00:00,29.098,29.0,12.224107,Bhopal
2025-02-20 12:00:00+00:00,28.148,34.0,7.9526596,Bhopal
2025-02-20 13:00:00+00:00,25.598,47.0,3.4152596,Bhopal
2025-02-20 14:00:00+00:00,24.898,49.0,2.968636,Bhopal
2025-02-20 15:00:00+00:00,24.198,50.0,3.6179552,Bhopal
2025-02-20 16:00:00+00:00,22.198,55.0,5.3999996,Bhopal
2025-02-20 17:00:00+00:00,20.548,58.0,5.937272,Bhopal
2025-02-20 18:00:00+00:00,19.898,58.0,4.0249224,Bhopal
2025-02-20 19:00:00+00:00,19.548,56.0,3.6179552,Bhopal
2025-02-20 20:00:00+00:00,19.048,56.0,4.0249224,Bhopal
2025-02-20 21:00:00+00:00,18.448,57.0,3.9763298,Bhopal
2025-02-20 22:00:00+00:00,17.898,58.0,4.0249224,Bhopal
2025-02-20 23:00:00+00:00,17.598,58.0,3.9763298,Bhopal
2025-02-21 00:00:00+00:00,16.748,62.0,4.73506,Bhopal
2025-02-21 01:00:00+00:00,16.448,64.0,4.3349743,Bhopal
2025-02-21 02:00:00+00:00,16.398,66.0,4.73506,Bhopal
2025-02-21 03:00:00+00:00,18.798,62.0,5.937272,Bhopal
2025-02-21 04:00:00+00:00,21.598,54.0,9.339208,Bhopal
2025-02-21 05:00:00+00:00,23.848,50.0,8.942214,Bhopal
2025-02-21 06:00:00+00:00,26.998,42.0,6.989936,Bhopal
2025-02-21 07:00:00+00:00,28.648,34.0,9.686609,Bhopal
2025-02-21 08:00:00+00:00,29.398,29.0,10.514218,Bhopal
2025-02-21 09:00:00+00:00,29.448,28.0,10.799999,Bhopal
2025-02-21 10:00:00+00:00,29.148,29.0,10.799999,Bhopal
2025-02-21 11:00:00+00:00,28.498,30.0,10.799999,Bhopal
2025-02-21 12:00:00+00:00,27.598,34.0,7.754637,Bhopal
2025-02-21 13:00:00+00:00,25.148,44.0,5.3517847,Bhopal
2025-02-21 14:00:00+00:00,23.298,52.0,5.0142193,Bhopal
2025-02-21 15:00:00+00:00,22.098,56.0,4.829907,Bhopal
2025-02-21 16:00:00+00:00,21.198,59.0,4.39436,Bhopal
2025-02-21 17:00:00+00:00,20.698,58.0,4.1046314,Bhopal
2025-02-21 18:00:00+00:00,20.098,58.0,3.8773184,Bhopal
2025-02-21 19:00:00+00:00,19.848,56.0,2.9024127,Bhopal
2025-02-21 20:00:00+00:00,19.648,55.0,2.16,Bhopal
2025-02-21 21:00:00+00:00,19.398,54.0,1.835647,Bhopal
2025-02-21 22:00:00+00:00,18.948,54.0,1.8,Bhopal
2025-02-21 23:00:00+00:00,18.548,55.0,1.9386592,Bhopal
2025-02-22 00:00:00+00:00,16.948,65.0,1.835647,Bhopal
2025-02-22 01:00:00+00:00,16.798,65.0,1.9386592,Bhopal
2025-02-22 02:00:00+00:00,16.898,66.0,1.9386592,Bhopal
2025-02-22 03:00:00+00:00,19.248,64.0,2.2768397,Bhopal
2025-02-22 04:00:00+00:00,21.898,54.0,6.439876,Bhopal
2025-02-22 05:00:00+00:00,23.898,48.0,7.7879906,Bhopal
2025-02-22 06:00:00+00:00,25.448,40.0,7.491114,Bhopal
2025-02-22 07:00:00+00:00,26.748,36.0,6.8399997,Bhopal
2025-02-22 08:00:00+00:00,27.548,33.0,8.654986,Bhopal
2025-02-22 09:00:00+00:00,27.898,32.0,9.83268,Bhopal
2025-02-22 10:00:00+00:00,27.698,32.0,10.630672,Bhopal
2025-02-22 11:00:00+00:00,27.148,33.0,9.826088,Bhopal
2025-02-22 12:00:00+00:00,26.748,35.0,5.00128,Bhopal
2025-02-22 13:00:00+00:00,24.798,45.0,2.5959969,Bhopal
2025-02-22 14:00:00+00:00,23.748,48.0,2.8116899,Bhopal
2025-02-22 15:00:00+00:00,22.948,49.0,3.4152596,Bhopal
2025-02-22 16:00:00+00:00,22.048,50.0,3.4152596,Bhopal
2025-02-22 17:00:00+00:00,21.448,51.0,3.096837,Bhopal
2025-02-22 18:00:00+00:00,18.998,59.0,2.968636,Bhopal
2025-02-22 19:00:00+00:00,18.548,58.0,2.9024127,Bhopal
2025-02-22 20:00:00+00:00,17.998,57.0,3.0758414,Bhopal
2025-02-22 21:00:00+00:00,17.598,56.0,3.319036,Bhopal
2025-02-22 22:00:00+00:00,17.098,56.0,3.319036,Bhopal
2025-02-22 23:00:00+00:00,16.598,57.0,3.219938,Bhopal
2025-02-23 00:00:00+00:00,15.648,64.0,3.8773184,Bhopal
2025-02-23 01:00:00+00:00,15.398,65.0,4.0249224,Bhopal
2025-02-23 02:00:00+00:00,15.698,66.0,3.6179552,Bhopal
2025-02-23 03:00:00+00:00,18.598,64.0,3.2399998,Bhopal
2025-02-23 04:00:00+00:00,21.948,53.0,5.8603754,Bhopal
2025-02-23 05:00:00+00:00,24.348,45.0,6.489992,Bhopal
2025-02-23 06:00:00+00:00,26.648,36.0,5.4119864,Bhopal
2025-02-23 07:00:00+00:00,27.648,33.0,2.5959969,Bhopal
2025-02-23 08:00:00+00:00,28.448,32.0,4.0249224,Bhopal
2025-02-23 09:00:00+00:00,28.798,30.0,6.3690495,Bhopal
2025-02-23 10:00:00+00:00,28.548,29.0,7.8954163,Bhopal
2025-02-23 11:00:00+00:00,27.698,30.0,7.8954163,Bhopal
2025-02-23 12:00:00+00:00,26.798,36.0,4.39436,Bhopal
2025-02-23 13:00:00+00:00,24.198,49.0,3.219938,Bhopal
2025-02-23 14:00:00+00:00,22.948,51.0,3.219938,Bhopal
2025-02-23 15:00:00+00:00,22.398,48.0,3.5455887,Bhopal
2025-02-23 16:00:00+00:00,22.098,46.0,4.0249224,Bhopal
2025-02-23 17:00:00+00:00,21.398,47.0,2.5455842,Bhopal
2025-02-23 18:00:00+00:00,19.448,56.0,1.8,Bhopal
2025-02-23 19:00:00+00:00,18.898,58.0,2.3051248,Bhopal
2025-02-23 20:00:00+00:00,18.498,60.0,3.219938,Bhopal
2025-02-23 21:00:00+00:00,18.648,60.0,4.3498964,Bhopal
2025-02-23 22:00:00+00:00,18.348,63.0,5.495161,Bhopal
2025-02-23 23:00:00+00:00,17.648,68.0,6.3690495,Bhopal
2025-02-24 00:00:00+00:00,16.598,73.0,5.3999996,Bhopal
2025-02-24 01:00:00+00:00,16.048,76.0,5.0142193,Bhopal
2025-02-24 02:00:00+00:00,16.048,77.0,4.452954,Bhopal
2025-02-24 03:00:00+00:00,19.298,67.0,5.8048253,Bhopal
2025-02-24 04:00:00+00:00,22.398,53.0,10.703569,Bhopal
2025-02-24 05:00:00+00:00,24.748,46.0,12.57426,Bhopal
2025-02-24 06:00:00+00:00,27.098,38.0,10.086427,Bhopal
2025-02-24 07:00:00+00:00,28.048,33.0,8.435069,Bhopal
2025-02-24 08:00:00+00:00,28.498,30.0,9.028754,Bhopal
2025-02-24 09:00:00+00:00,28.598,28.0,9.227524,Bhopal
2025-02-24 10:00:00+00:00,28.248,28.0,9.028754,Bhopal
2025-02-24 11:00:00+00:00,27.448,31.0,8.0899935,Bhopal
2025-02-24 12:00:00+00:00,26.598,35.0,6.3690495,Bhopal
2025-02-24 13:00:00+00:00,24.098,47.0,3.6,Bhopal
2025-02-24 14:00:00+00:00,23.248,50.0,3.396233,Bhopal
2025-02-24 15:00:00+00:00,22.598,49.0,3.096837,Bhopal
2025-02-24 16:00:00+00:00,21.848,49.0,4.1046314,Bhopal
2025-02-24 17:00:00+00:00,21.098,49.0,5.154415,Bhopal
2025-02-24 18:00:00+00:00,19.148,56.0,4.3498964,Bhopal
2025-02-24 19:00:00+00:00,18.398,58.0,3.8939953,Bhopal
2025-02-24 20:00:00+00:00,17.548,61.0,4.6102495,Bhopal
2025-02-24 21:00:00+00:00,16.848,64.0,4.6102495,Bhopal
2025-02-24 22:00:00+00:00,16.398,66.0,4.5536795,Bhopal
2025-02-24 23:00:00+00:00,16.098,66.0,4.2136917,Bhopal
2025-02-25 00:00:00+00:00,16.048,66.0,3.8939953,Bhopal
2025-02-25 01:00:00+00:00,15.997999,64.0,3.8773184,Bhopal
2025-02-25 02:00:00+00:00,16.348,63.0,4.3349743,Bhopal
2025-02-25 03:00:00+00:00,18.948,60.0,3.671294,Bhopal
2025-02-25 04:00:00+00:00,22.348,45.0,7.2805495,Bhopal
2025-02-25 05:00:00+00:00,24.798,36.0,10.495713,Bhopal
2025-02-25 06:00:00+00:00,27.198,30.0,10.853866,Bhopal
2025-02-25 07:00:00+00:00,28.448,26.0,10.464798,Bhopal
2025-02-25 08:00:00+00:00,29.398,24.0,8.654986,Bhopal
2025-02-25 09:00:00+00:00,29.748,23.0,8.0899935,Bhopal
2025-02-25 10:00:00+00:00,29.648,22.0,7.653705,Bhopal
2025-02-25 11:00:00+00:00,29.148,21.0,7.42159,Bhopal
2025-02-25 12:00:00+00:00,27.898,28.0,5.3999996,Bhopal
2025-02-25 13:00:00+00:00,25.198,39.0,4.3498964,Bhopal
2025-02-25 14:00:00+00:00,23.498,45.0,4.0249224,Bhopal
2025-02-25 15:00:00+00:00,22.798,47.0,3.5455887,Bhopal
2025-02-25 16:00:00+00:00,22.398,48.0,3.563818,Bhopal
2025-02-25 17:00:00+00:00,21.698,48.0,4.39436,Bhopal
2025-02-25 18:00:00+00:00,20.048,56.0,4.8433046,Bhopal
2025-02-25 19:00:00+00:00,19.298,59.0,5.3517847,Bhopal
2025-02-25 20:00:00+00:00,18.698,63.0,5.0911684,Bhopal
2025-02-25 21:00:00+00:00,18.198,66.0,4.5820518,Bhopal
2025-02-25 22:00:00+00:00,17.848,68.0,4.6800003,Bhopal
2025-02-25 23:00:00+00:00,17.548,69.0,4.6938252,Bhopal
2025-02-26 00:00:00+00:00,17.548,69.0,4.452954,Bhopal
2025-02-26 01:00:00+00:00,17.498,69.0,4.379589,Bhopal
2025-02-26 02:00:00+00:00,17.698,69.0,5.04,Bhopal
2025-02-26 03:00:00+00:00,20.298,62.0,6.5693827,Bhopal
2025-02-26 04:00:00+00:00,22.998,52.0,11.874544,Bhopal
2025-02-26 05:00:00+00:00,25.348,45.0,14.003029,Bhopal
2025-02-26 06:00:00+00:00,27.598,37.0,12.144331,Bhopal
2025-02-26 07:00:00+00:00,29.148,32.0,10.390226,Bhopal
2025-02-26 08:00:00+00:00,30.248,27.0,9.114471,Bhopal
2025-02-26 09:00:00+00:00,30.798,26.0,8.647496,Bhopal
2025-02-26 10:00:00+00:00,30.748,26.0,7.9526596,Bhopal
2025-02-26 11:00:00+00:00,30.298,27.0,7.42159,Bhopal
2025-02-26 12:00:00+00:00,29.548,31.0,6.130579,Bhopal
2025-02-26 13:00:00+00:00,26.948,42.0,4.3349743,Bhopal
2025-02-26 14:00:00+00:00,25.298,48.0,3.6,Bhopal
2025-02-26 15:00:00+00:00,24.748,51.0,2.5455842,Bhopal
2025-02-26 16:00:00+00:00,24.448,50.0,2.8116899,Bhopal
2025-02-26 17:00:00+00:00,23.748,52.0,4.072935,Bhopal
2025-02-26 18:00:00+00:00,21.948,58.0,3.8268526,Bhopal
2025-02-26 19:00:00+00:00,21.248,61.0,4.0249224,Bhopal
2025-02-26 20:00:00+00:00,20.848,63.0,3.5455887,Bhopal
2025-02-26 21:00:00+00:00,20.598,64.0,3.219938,Bhopal
2025-02-26 22:00:00+00:00,20.348,65.0,3.0758414,Bhopal
2025-02-26 23:00:00+00:00,20.098,65.0,2.6208394,Bhopal
2025-02-27 00:00:00+00:00,19.898,65.0,2.9024127,Bhopal
2025-02-27 01:00:00+00:00,19.548,66.0,3.6179552,Bhopal
2025-02-27 02:00:00+00:00,19.848,64.0,3.9763298,Bhopal
2025-02-27 03:00:00+00:00,21.498,61.0,4.2136917,Bhopal
2025-02-27 04:00:00+00:00,24.548,48.0,8.373386,Bhopal
2025-02-27 05:00:00+00:00,26.948,42.0,10.233123,Bhopal
2025-02-27 06:00:00+00:00,30.048,34.0,9.085988,Bhopal
2025-02-27 07:00:00+00:00,31.748,30.0,9.0,Bhopal
2025-02-27 08:00:00+00:00,32.798,28.0,9.178235,Bhopal
2025-02-27 09:00:00+00:00,32.998,28.0,10.233123,Bhopal
2025-02-27 10:00:00+00:00,32.848003,27.0,10.514218,Bhopal
2025-02-27 11:00:00+00:00,32.298,28.0,9.659814,Bhopal
2025-02-27 12:00:00+00:00,31.198,31.0,6.151683,Bhopal
2025-02-27 13:00:00+00:00,28.898,45.0,2.0991426,Bhopal
2025-02-27 14:00:00+00:00,27.748,48.0,1.2979984,Bhopal
2025-02-27 15:00:00+00:00,26.598,51.0,2.3051248,Bhopal
2025-02-27 16:00:00+00:00,25.548,54.0,3.396233,Bhopal
2025-02-27 17:00:00+00:00,24.998,55.0,2.9024127,Bhopal
2025-02-27 18:00:00+00:00,24.048,56.0,3.319036,Bhopal
2025-02-27 19:00:00+00:00,23.848,55.0,3.2599385,Bhopal
2025-02-27 20:00:00+00:00,23.298,55.0,3.6179552,Bhopal
2025-02-27 21:00:00+00:00,22.948,54.0,3.2599385,Bhopal
2025-02-27 22:00:00+00:00,22.848,54.0,3.0758414,Bhopal
2025-02-27 23:00:00+00:00,22.498,54.0,3.7064266,Bhopal
2025-02-28 00:00:00+00:00,21.648,57.0,4.3498964,Bhopal
2025-02-28 01:00:00+00:00,21.198,59.0,4.0249224,Bhopal
2025-02-28 02:00:00+00:00,21.248,60.0,3.8773184,Bhopal
2025-02-28 03:00:00+00:00,23.448,59.0,3.5455887,Bhopal
2025-02-28 04:00:00+00:00,27.198,45.0,7.0911775,Bhopal
2025-02-28 05:00:00+00:00,29.598,38.0,11.609651,Bhopal
2025-02-28 06:00:00+00:00,31.448,31.0,13.584932,Bhopal
2025-02-28 07:00:00+00:00,32.548,27.0,15.408671,Bhopal
2025-02-28 08:00:00+00:00,32.948,26.0,15.03835,Bhopal
2025-02-28 09:00:00+00:00,32.898003,27.0,14.021525,Bhopal
2025-02-28 10:00:00+00:00,32.698,28.0,12.88981,Bhopal
2025-02-28 11:00:00+00:00,32.148003,29.0,11.043261,Bhopal
2025-02-28 12:00:00+00:00,31.498,33.0,5.4833565,Bhopal
2025-02-28 13:00:00+00:00,29.098,46.0,2.9024127,Bhopal
2025-02-28 14:00:00+00:00,27.598,53.0,1.9386592,Bhopal
2025-02-28 15:00:00+00:00,26.648,56.0,2.4149535,Bhopal
2025-02-28 16:00:00+00:00,26.048,57.0,2.4149535,Bhopal
2025-02-28 17:00:00+00:00,25.598,57.0,2.4149535,Bhopal
2025-02-28 18:00:00+00:00,24.348,61.0,3.2599385,Bhopal
2025-02-28 19:00:00+00:00,23.448,62.0,3.9763298,Bhopal
2025-02-28 20:00:00+00:00,23.048,61.0,4.1046314,Bhopal
2025-02-28 21:00:00+00:00,22.298,62.0,4.802999,Bhopal
2025-02-28 22:00:00+00:00,21.398,64.0,5.1544156,Bhopal
2025-02-28 23:00:00+00:00,20.648,67.0,5.1544156,Bhopal
2025-03-01 00:00:00+00:00,20.348,69.0,3.9763298,Bhopal
2025-03-01 01:00:00+00:00,19.998,69.0,3.4152596,Bhopal
2025-03-01 02:00:00+00:00,20.298,67.0,3.319036,Bhopal
2025-03-01 03:00:00+00:00,22.448,62.0,2.8799999,Bhopal
2025-03-01 04:00:00+00:00,25.248,46.0,5.154415,Bhopal
2025-03-01 05:00:00+00:00,27.198,38.0,7.10031,Bhopal
2025-03-01 06:00:00+00:00,29.548,32.0,8.209263,Bhopal
2025-03-01 07:00:00+00:00,30.598,30.0,9.885262,Bhopal
2025-03-01 08:00:00+00:00,31.298,28.0,10.315115,Bhopal
2025-03-01 09:00:00+00:00,31.748,27.0,10.464797,Bhopal
2025-03-01 10:00:00+00:00,31.648,27.0,10.630672,Bhopal
2025-03-01 11:00:00+00:00,31.198,28.0,10.163227,Bhopal
2025-03-01 12:00:00+00:00,30.698,29.0,6.489992,Bhopal
2025-03-01 13:00:00+00:00,28.198,39.0,4.2136917,Bhopal
2025-03-01 14:00:00+00:00,26.598,46.0,3.5455887,Bhopal
2025-03-01 15:00:00+00:00,25.848,49.0,3.396233,Bhopal
2025-03-01 16:00:00+00:00,25.348,52.0,2.0364676,Bhopal
2025-03-01 17:00:00+00:00,25.048,50.0,1.5273507,Bhopal
2025-03-01 18:00:00+00:00,23.998,54.0,3.2399998,Bhopal
2025-03-01 19:00:00+00:00,23.398,56.0,3.9763298,Bhopal
2025-03-01 20:00:00+00:00,22.848,55.0,4.896529,Bhopal
2025-03-01 21:00:00+00:00,21.448,60.0,4.829907,Bhopal
2025-03-01 22:00:00+00:00,20.398,63.0,4.6800003,Bhopal
2025-03-01 23:00:00+00:00,19.498,66.0,4.3498964,Bhopal
2025-03-02 00:00:00+00:00,19.048,70.0,4.0249224,Bhopal
2025-03-02 01:00:00+00:00,18.748,71.0,3.8939953,Bhopal
2025-03-02 02:00:00+00:00,18.998,70.0,3.396233,Bhopal
2025-03-02 03:00:00+00:00,21.398,62.0,4.3349743,Bhopal
2025-03-02 04:00:00+00:00,24.398,50.0,7.42159,Bhopal
2025-03-02 05:00:00+00:00,26.848,42.0,8.39657,Bhopal
2025-03-02 06:00:00+00:00,29.048,35.0,9.422101,Bhopal
2025-03-02 07:00:00+00:00,30.148,29.0,10.495713,Bhopal
2025-03-02 08:00:00+00:00,30.698,26.0,12.0694,Bhopal
2025-03-02 09:00:00+00:00,30.798,26.0,13.1041975,Bhopal
2025-03-02 10:00:00+00:00,30.498,26.0,13.708391,Bhopal
2025-03-02 11:00:00+00:00,29.648,27.0,14.145756,Bhopal
2025-03-02 12:00:00+00:00,29.348,29.0,9.565437,Bhopal
2025-03-02 13:00:00+00:00,27.048,37.0,5.315336,Bhopal
2025-03-02 14:00:00+00:00,25.448,45.0,3.6,Bhopal
2025-03-02 15:00:00+00:00,24.548,47.0,3.396233,Bhopal
2025-03-02 16:00:00+00:00,23.498,49.0,4.1046314,Bhopal
2025-03-02 17:00:00+00:00,22.798,50.0,4.1046314,Bhopal
2025-03-02 18:00:00+00:00,21.798,56.0,4.3498964,Bhopal
2025-03-02 19:00:00+00:00,21.348,57.0,4.1046314,Bhopal
2025-03-02 20:00:00+00:00,20.898,59.0,3.9763298,Bhopal
2025-03-02 21:00:00+00:00,20.498,60.0,3.2399998,Bhopal
2025-03-02 22:00:00+00:00,20.148,60.0,2.52,Bhopal
2025-03-02 23:00:00+00:00,19.698,61.0,1.484318,Bhopal
2025-03-03 00:00:00+00:00,18.098,71.0,3.6,Bhopal
2025-03-03 01:00:00+00:00,17.898,71.0,5.1544156,Bhopal
2025-03-03 02:00:00+00:00,17.948,76.0,3.219938,Bhopal
2025-03-03 03:00:00+00:00,20.398,72.0,1.8,Bhopal
2025-03-03 04:00:00+00:00,23.348,65.0,3.6,Bhopal
2025-03-03 05:00:00+00:00,25.848,55.0,4.1046314,Bhopal
2025-03-03 06:00:00+00:00,28.298,40.0,2.0991426,Bhopal
2025-03-03 07:00:00+00:00,29.598,36.0,6.6087217,Bhopal
2025-03-03 08:00:00+00:00,30.598,33.0,8.0899935,Bhopal
2025-03-03 09:00:00+00:00,30.998,31.0,8.217153,Bhopal
2025-03-03 10:00:00+00:00,31.048,29.0,8.049845,Bhopal
2025-03-03 11:00:00+00:00,30.648,29.0,7.729527,Bhopal
2025-03-03 12:00:00+00:00,30.448,30.0,4.3498964,Bhopal
2025-03-03 13:00:00+00:00,28.098,41.0,2.8116899,Bhopal
2025-03-03 14:00:00+00:00,26.798,46.0,2.4149535,Bhopal
2025-03-03 15:00:00+00:00,25.998,46.0,1.835647,Bhopal
2025-03-03 16:00:00+00:00,25.148,47.0,1.1384199,Bhopal
2025-03-03 17:00:00+00:00,24.098,51.0,1.8,Bhopal
2025-03-03 18:00:00+00:00,23.048,56.0,1.8,Bhopal
2025-03-03 19:00:00+00:00,22.798,56.0,2.2768397,Bhopal
2025-03-03 20:00:00+00:00,22.498,57.0,2.5959969,Bhopal
2025-03-03 21:00:00+00:00,22.248,56.0,4.379589,Bhopal
2025-03-03 22:00:00+00:00,21.798,57.0,4.3349743,Bhopal
2025-03-03 23:00:00+00:00,20.398,62.0,4.6938252,Bhopal
2025-03-04 00:00:00+00:00,19.198,67.0,4.6938252,Bhopal
2025-03-04 01:00:00+00:00,18.798,69.0,4.896529,Bhopal
2025-03-04 02:00:00+00:00,19.098,70.0,5.2416787,Bhopal
2025-03-04 03:00:00+00:00,21.598,62.0,7.10031,Bhopal
2025-03-04 04:00:00+00:00,24.648,51.0,9.504272,Bhopal
2025-03-04 05:00:00+00:00,27.148,39.0,12.522619,Bhopal
2025-03-04 06:00:00+00:00,28.998,31.0,11.384199,Bhopal
2025-03-04 07:00:00+00:00,29.898,29.0,10.829958,Bhopal
2025-03-04 08:00:00+00:00,30.548,28.0,11.298495,Bhopal
2025-03-04 09:00:00+00:00,30.698,27.0,11.681987,Bhopal
2025-03-04 10:00:00+00:00,30.348,26.0,12.599998,Bhopal
2025-03-04 11:00:00+00:00,29.398,27.0,12.599998,Bhopal
2025-03-04 12:00:00+00:00,28.348,31.0,10.691453,Bhopal
2025-03-04 13:00:00+00:00,26.298,35.0,6.9153743,Bhopal
2025-03-04 14:00:00+00:00,24.148,43.0,6.297428,Bhopal
2025-03-04 15:00:00+00:00,22.748,47.0,6.28713,Bhopal
2025-03-04 16:00:00+00:00,21.598,50.0,5.4477882,Bhopal
2025-03-04 17:00:00+00:00,20.598,51.0,5.4119864,Bhopal
2025-03-04 18:00:00+00:00,19.998,49.0,4.68,Bhopal
2025-03-04 19:00:00+00:00,19.348,49.0,4.3349743,Bhopal
2025-03-04 20:00:00+00:00,18.798,50.0,4.1046314,Bhopal
2025-03-04 21:00:00+00:00,18.048,49.0,4.6800003,Bhopal
2025-03-04 22:00:00+00:00,16.748,50.0,6.0347,Bhopal
2025-03-04 23:00:00+00:00,15.648,48.0,6.28713,Bhopal
2025-03-05 00:00:00+00:00,14.948,48.0,6.2145634,Bhopal
2025-03-05 01:00:00+00:00,14.298,49.0,6.2145634,Bhopal
2025-03-05 02:00:00+00:00,14.248,51.0,6.519877,Bhopal
2025-03-05 03:00:00+00:00,16.598,45.0,8.287822,Bhopal
2025-03-05 04:00:00+00:00,19.348,37.0,11.212135,Bhopal
2025-03-05 05:00:00+00:00,21.698,30.0,12.261158,Bhopal
2025-03-05 06:00:00+00:00,23.898,23.0,10.495713,Bhopal
2025-03-05 07:00:00+00:00,25.498,19.0,11.620809,Bhopal
2025-03-05 08:00:00+00:00,26.748,16.0,13.1041975,Bhopal
2025-03-05 09:00:00+00:00,27.398,15.0,14.578888,Bhopal
2025-03-05 10:00:00+00:00,27.398,16.0,14.24163,Bhopal
2025-03-05 11:00:00+00:00,26.798,16.0,14.799459,Bhopal
2025-03-05 12:00:00+00:00,25.998,19.0,10.636766,Bhopal
2025-03-05 13:00:00+00:00,23.848,23.0,5.991594,Bhopal
2025-03-05 14:00:00+00:00,21.798,32.0,4.3349743,Bhopal
2025-03-05 15:00:00+00:00,20.498,36.0,4.39436,Bhopal
2025-03-05 16:00:00+00:00,19.448,38.0,4.1046314,Bhopal
2025-03-05 17:00:00+00:00,18.548,40.0,4.198285,Bhopal
2025-03-05 18:00:00+00:00,16.648,46.0,4.0249224,Bhopal
2025-03-05 19:00:00+00:00,16.348,46.0,3.7064266,Bhopal
2025-03-05 20:00:00+00:00,16.298,45.0,3.396233,Bhopal
2025-03-05 21:00:00+00:00,16.448,42.0,3.396233,Bhopal
2025-03-05 22:00:00+00:00,16.448,40.0,3.563818,Bhopal
2025-03-05 23:00:00+00:00,16.148,39.0,3.0547013,Bhopal
2025-03-06 00:00:00+00:00,13.198,53.0,2.968636,Bhopal
2025-03-06 01:00:00+00:00,12.798,54.0,2.8799999,Bhopal
2025-03-06 02:00:00+00:00,13.448,54.0,2.9024127,Bhopal
2025-03-06 03:00:00+00:00,16.948,50.0,1.9386592,Bhopal
2025-03-06 04:00:00+00:00,21.098,36.0,2.52,Bhopal
2025-03-06 05:00:00+00:00,23.898,27.0,4.072935,Bhopal
2025-03-06 06:00:00+00:00,26.698,20.0,6.489992,Bhopal
2025-03-06 07:00:00+00:00,27.998,18.0,6.830519,Bhopal
2025-03-06 08:00:00+00:00,28.948,18.0,7.5685663,Bhopal
2025-03-06 09:00:00+00:00,29.298,17.0,8.0899935,Bhopal
2025-03-06 10:00:00+00:00,29.098,18.0,7.9932966,Bhopal
2025-03-06 11:00:00+00:00,28.398,19.0,7.145796,Bhopal
2025-03-06 12:00:00+00:00,28.198,18.0,5.0911684,Bhopal
2025-03-06 13:00:00+00:00,25.598,29.0,2.8116899,Bhopal
2025-03-06 14:00:00+00:00,24.198,32.0,2.8116899,Bhopal
2025-03-06 15:00:00+00:00,23.248,33.0,2.5959969,Bhopal
2025-03-06 16:00:00+00:00,22.448,33.0,2.5959969,Bhopal
2025-03-06 17:00:00+00:00,21.698,34.0,3.096837,Bhopal
2025-03-06 18:00:00+00:00,18.148,46.0,1.8,Bhopal
2025-03-06 19:00:00+00:00,17.348,47.0,1.484318,Bhopal
2025-03-06 20:00:00+00:00,16.598,49.0,1.4399999,Bhopal
2025-03-06 21:00:00+00:00,15.948,51.0,1.835647,Bhopal
2025-03-06 22:00:00+00:00,15.498,52.0,2.0991426,Bhopal
2025-03-06 23:00:00+00:00,15.248,52.0,2.0364676,Bhopal
2025-03-07 00:00:00+00:00,14.098,59.0,1.9386592,Bhopal
2025-03-07 01:00:00+00:00,13.798,59.0,1.835647,Bhopal
2025-03-07 02:00:00+00:00,14.698,59.0,1.8,Bhopal
2025-03-07 03:00:00+00:00,18.898,55.0,1.1384199,Bhopal
2025-03-07 04:00:00+00:00,24.198,35.0,1.8,Bhopal
2025-03-07 05:00:00+00:00,27.098,27.0,3.8773184,Bhopal
2025-03-07 06:00:00+00:00,29.998,21.0,7.289445,Bhopal
2025-03-07 07:00:00+00:00,31.098,18.0,7.9036193,Bhopal
2025-03-07 08:00:00+00:00,31.848,18.0,8.766573,Bhopal
2025-03-07 09:00:00+00:00,32.148003,17.0,9.793058,Bhopal
2025-03-07 10:00:00+00:00,31.948,18.0,10.587917,Bhopal
2025-03-07 11:00:00+00:00,31.198,18.0,10.966713,Bhopal
2025-03-07 12:00:00+00:00,29.648,21.0,9.885262,Bhopal
2025-03-07 13:00:00+00:00,25.748,33.0,4.8965297,Bhopal
2025-03-07 14:00:00+00:00,23.048,43.0,4.2136917,Bhopal
2025-03-07 15:00:00+00:00,22.148,47.0,3.2399998,Bhopal
2025-03-07 16:00:00+00:00,21.698,46.0,2.52,Bhopal
2025-03-07 17:00:00+00:00,21.048,47.0,2.9024127,Bhopal
2025-03-07 18:00:00+00:00,20.448,49.0,3.6,Bhopal
2025-03-07 19:00:00+00:00,20.198,48.0,4.3349743,Bhopal
2025-03-07 20:00:00+00:00,19.648,48.0,4.3349743,Bhopal
2025-03-07 21:00:00+00:00,19.048,49.0,5.771239,Bhopal
2025-03-07 22:00:00+00:00,17.298,56.0,5.8048253,Bhopal
2025-03-07 23:00:00+00:00,15.848,64.0,5.4477882,Bhopal
2025-02-04 00:00:00+00:00,18.875502,74.0,0.5091169,Indore
2025-02-04 01:00:00+00:00,19.0755,71.0,0.8049845,Indore
2025-02-04 02:00:00+00:00,19.2255,70.0,1.609969,Indore
2025-02-04 03:00:00+00:00,20.275501,68.0,1.0182338,Indore
2025-02-04 04:00:00+00:00,22.8255,60.0,0.8049845,Indore
2025-02-04 05:00:00+00:00,25.4755,54.0,0.71999997,Indore
2025-02-04 06:00:00+00:00,27.6755,43.0,4.73506,Indore
2025-02-04 07:00:00+00:00,28.9255,41.0,6.489992,Indore
2025-02-04 08:00:00+00:00,29.9755,38.0,9.3669195,Indore
2025-02-04 09:00:00+00:00,30.375502,36.0,11.212135,Indore
2025-02-04 10:00:00+00:00,30.2255,34.0,11.570515,Indore
2025-02-04 11:00:00+00:00,29.8255,34.0,11.304229,Indore
2025-02-04 12:00:00+00:00,28.775501,36.0,9.6932955,Indore
2025-02-04 13:00:00+00:00,26.3255,44.0,5.4119864,Indore
2025-02-04 14:00:00+00:00,24.125502,52.0,5.0142193,Indore
2025-02-04 15:00:00+00:00,22.4255,58.0,6.1094027,Indore
2025-02-04 16:00:00+00:00,21.2255,60.0,6.3690495,Indore
2025-02-04 17:00:00+00:00,20.0755,62.0,5.8603754,Indore
2025-02-04 18:00:00+00:00,18.8255,66.0,5.3999996,Indore
2025-02-04 19:00:00+00:00,18.025501,68.0,5.1919937,Indore
2025-02-04 20:00:00+00:00,17.4755,69.0,5.00128,Indore
2025-02-04 21:00:00+00:00,16.9755,70.0,5.8048253,Indore
2025-02-04 22:00:00+00:00,16.8255,69.0,6.297428,Indore
2025-02-04 23:00:00+00:00,16.775501,66.0,5.991594,Indore
2025-02-05 00:00:00+00:00,15.7255,68.0,5.3517847,Indore
2025-02-05 01:00:00+00:00,15.2255,70.0,4.5820518,Indore
2025-02-05 02:00:00+00:00,14.7255,73.0,3.7064266,Indore
2025-02-05 03:00:00+00:00,16.2255,70.0,4.379589,Indore
2025-02-05 04:00:00+00:00,18.7255,58.0,8.473393,Indore
2025-02-05 05:00:00+00:00,21.1755,45.0,11.298495,Indore
2025-02-05 06:00:00+00:00,23.125502,38.0,11.592895,Indore
2025-02-05 07:00:00+00:00,24.375502,35.0,10.703569,Indore
2025-02-05 08:00:00+00:00,25.3255,32.0,10.390226,Indore
2025-02-05 09:00:00+00:00,25.7255,30.0,10.495713,Indore
2025-02-05 10:00:00+00:00,25.625502,31.0,10.853866,Indore
2025-02-05 11:00:00+00:00,24.9755,31.0,10.8955765,Indore
2025-02-05 12:00:00+00:00,24.2255,36.0,8.473393,Indore
2025-02-05 13:00:00+00:00,21.875502,45.0,6.28713,Indore
2025-02-05 14:00:00+00:00,20.0755,53.0,5.3517847,Indore
2025-02-05 15:00:00+00:00,18.9255,58.0,5.315336,Indore
2025-02-05 16:00:00+00:00,17.875502,61.0,5.634891,Indore
2025-02-05 17:00:00+00:00,17.2255,62.0,6.297428,Indore
2025-02-05 18:00:00+00:00,16.1255,61.0,7.10031,Indore
2025-02-05 19:00:00+00:00,15.5255,63.0,6.489992,Indore
2025-02-05 20:00:00+00:00,14.9255,64.0,6.696387,Indore
2025-02-05 21:00:00+00:00,14.4255,63.0,6.9153743,Indore
2025-02-05 22:00:00+00:00,14.0255,62.0,7.145796,Indore
2025-02-05 23:00:00+00:00,13.6755,62.0,6.8777895,Indore
2025-02-06 00:00:00+00:00,13.7755,65.0,6.638072,Indore
2025-02-06 01:00:00+00:00,13.5255,66.0,7.42159,Indore
2025-02-06 02:00:00+00:00,13.3255,70.0,8.287822,Indore
2025-02-06 03:00:00+00:00,14.7255,68.0,10.685391,Indore
2025-02-06 04:00:00+00:00,17.4255,57.0,13.397612,Indore
2025-02-06 05:00:00+00:00,20.2255,44.0,16.923828,Indore
2025-02-06 06:00:00+00:00,22.025501,31.0,18.472595,Indore
2025-02-06 07:00:00+00:00,23.3255,27.0,17.174677,Indore
2025-02-06 08:00:00+00:00,24.375502,25.0,15.876775,Indore
2025-02-06 09:00:00+00:00,24.9255,24.0,14.186923,Indore
2025-02-06 10:00:00+00:00,24.9755,24.0,13.276144,Indore
2025-02-06 11:00:00+00:00,24.4755,26.0,12.984975,Indore
2025-02-06 12:00:00+00:00,23.375502,32.0,10.703569,Indore
2025-02-06 13:00:00+00:00,21.2255,39.0,7.7043357,Indore
2025-02-06 14:00:00+00:00,19.8255,44.0,6.638072,Indore
2025-02-06 15:00:00+00:00,18.8255,48.0,6.638072,Indore
2025-02-06 16:00:00+00:00,17.9255,51.0,5.495161,Indore
2025-02-06 17:00:00+00:00,17.0755,55.0,5.315336,Indore
2025-02-06 18:00:00+00:00,16.6755,55.0,5.991594,Indore
2025-02-06 19:00:00+00:00,16.025501,58.0,5.3999996,Indore
2025-02-06 20:00:00+00:00,15.4255,61.0,5.692099,Indore
2025-02-06 21:00:00+00:00,15.0255,62.0,5.692099,Indore
2025-02-06 22:00:00+00:00,14.6255,63.0,6.1305785,Indore
2025-02-06 23:00:00+00:00,14.4755,63.0,6.638072,Indore
2025-02-07 00:00:00+00:00,14.4255,65.0,6.1094027,Indore
2025-02-07 01:00:00+00:00,14.3255,64.0,6.3690495,Indore
2025-02-07 02:00:00+00:00,14.1255,63.0,6.638072,Indore
2025-02-07 03:00:00+00:00,15.5255,58.0,9.387651,Indore
2025-02-07 04:00:00+00:00,17.775501,50.0,12.287555,Indore
2025-02-07 05:00:00+00:00,20.2255,42.0,13.0447235,Indore
2025-02-07 06:00:00+00:00,22.025501,35.0,13.684735,Indore
2025-02-07 07:00:00+00:00,23.5755,32.0,12.245293,Indore
2025-02-07 08:00:00+00:00,24.7255,29.0,10.966713,Indore
2025-02-07 09:00:00+00:00,25.525501,28.0,10.630672,Indore
2025-02-07 10:00:00+00:00,25.6755,28.0,10.383987,Indore
2025-02-07 11:00:00+00:00,25.2255,28.0,10.009036,Indore
2025-02-07 12:00:00+00:00,24.5755,31.0,7.7043357,Indore
2025-02-07 13:00:00+00:00,22.2255,38.0,5.3517847,Indore
2025-02-07 14:00:00+00:00,20.375502,46.0,4.5820518,Indore
2025-02-07 15:00:00+00:00,19.1755,49.0,4.1046314,Indore
2025-02-07 16:00:00+00:00,18.3255,52.0,4.1046314,Indore
2025-02-07 17:00:00+00:00,17.7255,53.0,3.7064266,Indore
2025-02-07 18:00:00+00:00,16.9255,56.0,4.829907,Indore
2025-02-07 19:00:00+00:00,16.375502,58.0,4.3498964,Indore
2025-02-07 20:00:00+00:00,15.8755,60.0,4.3498964,Indore
2025-02-07 21:00:00+00:00,15.3755,61.0,4.39436,Indore
2025-02-07 22:00:00+00:00,14.7755,63.0,4.6938257,Indore
2025-02-07 23:00:00+00:00,14.3255,64.0,4.6938257,Indore
2025-02-08 00:00:00+00:00,13.9755,64.0,4.829907,Indore
2025-02-08 01:00:00+00:00,13.7755,63.0,4.3498964,Indore
2025-02-08 02:00:00+00:00,13.7755,62.0,4.1046314,Indore
2025-02-08 03:00:00+00:00,15.5755,59.0,3.671294,Indore
2025-02-08 04:00:00+00:00,18.9255,46.0,6.849467,Indore
2025-02-08 05:00:00+00:00,21.9755,39.0,8.473393,Indore
2025-02-08 06:00:00+00:00,24.775501,34.0,8.557102,Indore
2025-02-08 07:00:00+00:00,26.4255,33.0,7.968939,Indore
2025-02-08 08:00:00+00:00,27.7255,32.0,6.439876,Indore
2025-02-08 09:00:00+00:00,28.4255,31.0,4.6102495,Indore
2025-02-08 10:00:00+00:00,28.625502,31.0,2.9024127,Indore
2025-02-08 11:00:00+00:00,28.3255,32.0,2.1897945,Indore
2025-02-08 12:00:00+00:00,27.625502,38.0,1.8,Indore
2025-02-08 13:00:00+00:00,25.625502,48.0,2.968636,Indore
2025-02-08 14:00:00+00:00,23.775501,55.0,3.8268526,Indore
2025-02-08 15:00:00+00:00,21.875502,61.0,4.6102495,Indore
2025-02-08 16:00:00+00:00,20.5755,62.0,4.39436,Indore
2025-02-08 17:00:00+00:00,19.6755,60.0,4.2136917,Indore
2025-02-08 18:00:00+00:00,19.125502,58.0,4.452954,Indore
2025-02-08 19:00:00+00:00,18.525501,59.0,3.6179552,Indore
2025-02-08 20:00:00+00:00,18.1755,59.0,3.2599385,Indore
2025-02-08 21:00:00+00:00,18.0755,58.0,3.319036,Indore
2025-02-08 22:00:00+00:00,18.0755,56.0,2.9024127,Indore
2025-02-08 23:00:00+00:00,18.0755,55.0,2.8799999,Indore
2025-02-09 00:00:00+00:00,18.125502,52.0,2.5455842,Indore
2025-02-09 01:00:00+00:00,18.025501,52.0,2.52,Indore
2025-02-09 02:00:00+00:00,18.0755,51.0,2.968636,Indore
2025-02-09 03:00:00+00:00,19.4755,49.0,2.6208394,Indore
2025-02-09 04:00:00+00:00,22.3255,44.0,3.0758414,Indore
2025-02-09 05:00:00+00:00,25.3255,37.0,5.0911684,Indore
2025-02-09 06:00:00+00:00,27.7255,34.0,5.1544156,Indore
2025-02-09 07:00:00+00:00,29.1755,33.0,6.638072,Indore
2025-02-09 08:00:00+00:00,30.275501,32.0,8.942214,Indore
2025-02-09 09:00:00+00:00,30.6755,30.0,10.495713,Indore
2025-02-09 10:00:00+00:00,30.625502,30.0,11.165805,Indore
2025-02-09 11:00:00+00:00,30.125502,30.0,10.739833,Indore
2025-02-09 12:00:00+00:00,29.4755,34.0,7.172949,Indore
2025-02-09 13:00:00+00:00,26.8255,45.0,3.9763298,Indore
2025-02-09 14:00:00+00:00,25.2255,50.0,3.319036,Indore
2025-02-09 15:00:00+00:00,24.8255,50.0,2.5959969,Indore
2025-02-09 16:00:00+00:00,24.375502,48.0,2.0991426,Indore
2025-02-09 17:00:00+00:00,23.7255,48.0,2.4149535,Indore
2025-02-09 18:00:00+00:00,22.2255,53.0,3.096837,Indore
2025-02-09 19:00:00+00:00,20.8255,58.0,3.4152596,Indore
2025-02-09 20:00:00+00:00,19.5755,64.0,3.6179552,Indore
2025-02-09 21:00:00+00:00,18.875502,66.0,2.9024127,Indore
2025-02-09 22:00:00+00:00,18.8255,65.0,2.5455842,Indore
2025-02-09 23:00:00+00:00,18.625502,64.0,2.52,Indore
2025-02-10 00:00:00+00:00,18.775501,64.0,2.52,Indore
2025-02-10 01:00:00+00:00,18.625502,63.0,2.1897945,Indore
2025-02-10 02:00:00+00:00,18.5755,62.0,2.2768397,Indore
2025-02-10 03:00:00+00:00,19.9255,60.0,2.2768397,Indore
2025-02-10 04:00:00+00:00,22.9255,53.0,3.8268526,Indore
2025-02-10 05:00:00+00:00,25.9255,42.0,6.12,Indore
2025-02-10 06:00:00+00:00,28.125502,28.0,8.209263,Indore
2025-02-10 07:00:00+00:00,29.525501,25.0,10.041354,Indore
2025-02-10 08:00:00+00:00,30.2255,23.0,11.726277,Indore
2025-02-10 09:00:00+00:00,30.4755,24.0,12.10157,Indore
2025-02-10 10:00:00+00:00,30.375502,23.0,12.413477,Indore
2025-02-10 11:00:00+00:00,29.6755,23.0,11.592894,Indore
2025-02-10 12:00:00+00:00,28.7255,26.0,7.145796,Indore
2025-02-10 13:00:00+00:00,25.8255,37.0,4.6800003,Indore
2025-02-10 14:00:00+00:00,24.0755,43.0,3.7064266,Indore
2025-02-10 15:00:00+00:00,23.1755,45.0,2.9024127,Indore
2025-02-10 16:00:00+00:00,22.7255,45.0,2.5455842,Indore
2025-02-10 17:00:00+00:00,22.2255,43.0,2.4149535,Indore
2025-02-10 18:00:00+00:00,20.1755,50.0,2.0364676,Indore
2025-02-10 19:00:00+00:00,19.4255,50.0,1.9386592,Indore
2025-02-10 20:00:00+00:00,18.7255,51.0,1.8,Indore
2025-02-10 21:00:00+00:00,18.125502,52.0,2.16,Indore
2025-02-10 22:00:00+00:00,17.625502,52.0,1.8,Indore
2025-02-10 23:00:00+00:00,17.2255,52.0,1.835647,Indore
2025-02-11 00:00:00+00:00,15.6255,61.0,1.609969,Indore
2025-02-11 01:00:00+00:00,15.3755,60.0,1.2979984,Indore
2025-02-11 02:00:00+00:00,15.2755,61.0,1.2979984,Indore
2025-02-11 03:00:00+00:00,17.7255,60.0,1.5273507,Indore
2025-02-11 04:00:00+00:00,22.375502,48.0,1.484318,Indore
2025-02-11 05:00:00+00:00,25.525501,41.0,2.968636,Indore
2025-02-11 06:00:00+00:00,27.775501,33.0,8.311245,Indore
2025-02-11 07:00:00+00:00,28.7255,29.0,10.1376915,Indore
2025-02-11 08:00:00+00:00,29.375502,28.0,11.013882,Indore
2025-02-11 09:00:00+00:00,29.5755,27.0,10.587917,Indore
2025-02-11 10:00:00+00:00,29.375502,26.0,10.703569,Indore
2025-02-11 11:00:00+00:00,28.5755,28.0,10.315115,Indore
2025-02-11 12:00:00+00:00,27.5755,35.0,7.2,Indore
2025-02-11 13:00:00+00:00,24.2255,49.0,4.6102495,Indore
2025-02-11 14:00:00+00:00,22.7255,53.0,3.6,Indore
2025-02-11 15:00:00+00:00,21.875502,52.0,3.5455887,Indore
2025-02-11 16:00:00+00:00,21.1755,52.0,3.7585104,Indore
2025-02-11 17:00:00+00:00,19.875502,54.0,4.5536795,Indore
2025-02-11 18:00:00+00:00,18.9255,58.0,4.5536795,Indore
2025-02-11 19:00:00+00:00,17.5755,62.0,4.5536795,Indore
2025-02-11 20:00:00+00:00,16.775501,65.0,4.802999,Indore
2025-02-11 21:00:00+00:00,16.025501,68.0,4.896529,Indore
2025-02-11 22:00:00+00:00,15.4255,71.0,4.896529,Indore
2025-02-11 23:00:00+00:00,14.9255,73.0,4.6800003,Indore
2025-02-12 00:00:00+00:00,14.9755,76.0,4.6938257,Indore
2025-02-12 01:00:00+00:00,14.6255,77.0,4.510787,Indore
2025-02-12 02:00:00+00:00,14.7255,78.0,3.7585104,Indore
2025-02-12 03:00:00+00:00,16.875502,74.0,2.8799999,Indore
2025-02-12 04:00:00+00:00,20.9255,58.0,5.495161,Indore
2025-02-12 05:00:00+00:00,23.5755,51.0,7.7043357,Indore
2025-02-12 06:00:00+00:00,25.525501,40.0,8.350138,Indore
2025-02-12 07:00:00+00:00,26.8255,35.0,7.9526596,Indore
2025-02-12 08:00:00+00:00,27.625502,33.0,6.489992,Indore
2025-02-12 09:00:00+00:00,27.9755,31.0,7.172949,Indore
2025-02-12 10:00:00+00:00,27.875502,31.0,7.8954163,Indore
2025-02-12 11:00:00+00:00,27.2255,34.0,8.557102,Indore
2025-02-12 12:00:00+00:00,26.6755,38.0,6.297428,Indore
2025-02-12 13:00:00+00:00,24.0755,50.0,4.0249224,Indore
2025-02-12 14:00:00+00:00,22.9255,55.0,2.4149535,Indore
2025-02-12 15:00:00+00:00,22.3255,53.0,1.9386592,Indore
2025-02-12 16:00:00+00:00,21.6755,52.0,1.835647,Indore
2025-02-12 17:00:00+00:00,21.025501,52.0,1.835647,Indore
2025-02-12 18:00:00+00:00,19.5755,54.0,1.835647,Indore
2025-02-12 19:00:00+00:00,18.9755,54.0,1.484318,Indore
2025-02-12 20:00:00+00:00,18.3255,55.0,1.9386592,Indore
2025-02-12 21:00:00+00:00,17.8255,56.0,2.4149535,Indore
2025-02-12 22:00:00+00:00,17.275501,57.0,3.4152596,Indore
2025-02-12 23:00:00+00:00,16.8255,59.0,3.5455887,Indore
2025-02-13 00:00:00+00:00,16.275501,61.0,4.1046314,Indore
2025-02-13 01:00:00+00:00,16.1255,61.0,4.1046314,Indore
2025-02-13 02:00:00+00:00,15.9255,60.0,3.8773184,Indore
2025-02-13 03:00:00+00:00,17.9755,56.0,3.7585104,Indore
2025-02-13 04:00:00+00:00,20.9255,46.0,5.991594,Indore
2025-02-13 05:00:00+00:00,23.375502,37.0,8.4963045,Indore
2025-02-13 06:00:00+00:00,25.3255,28.0,9.422101,Indore
2025-02-13 07:00:00+00:00,26.4255,27.0,8.854829,Indore
2025-02-13 08:00:00+00:00,27.125502,25.0,8.049845,Indore
2025-02-13 09:00:00+00:00,27.3255,25.0,7.5685663,Indore
2025-02-13 10:00:00+00:00,27.2255,26.0,7.771331,Indore
2025-02-13 11:00:00+00:00,26.625502,26.0,7.771331,Indore
2025-02-13 12:00:00+00:00,25.6755,30.0,6.830519,Indore
2025-02-13 13:00:00+00:00,23.0755,43.0,3.671294,Indore
2025-02-13 14:00:00+00:00,21.775501,48.0,2.8799999,Indore
2025-02-13 15:00:00+00:00,21.1755,47.0,2.1897945,Indore
2025-02-13 16:00:00+00:00,20.625502,47.0,2.6208394,Indore
2025-02-13 17:00:00+00:00,20.125502,47.0,2.5959969,Indore
2025-02-13 18:00:00+00:00,18.525501,51.0,3.6,Indore
2025-02-13 19:00:00+00:00,18.025501,52.0,3.563818,Indore
2025-02-13 20:00:00+00:00,17.6755,51.0,4.0249224,Indore
2025-02-13 21:00:00+00:00,17.125502,52.0,3.7585104,Indore
2025-02-13 22:00:00+00:00,16.7255,53.0,2.5455842,Indore
2025-02-13 23:00:00+00:00,16.7255,51.0,2.1897945,Indore
2025-02-14 00:00:00+00:00,15.4255,59.0,1.484318,Indore
2025-02-14 01:00:00+00:00,15.1255,59.0,1.484318,Indore
2025-02-14 02:00:00+00:00,15.1255,59.0,2.0364676,Indore
2025-02-14 03:00:00+00:00,17.6755,57.0,2.0991426,Indore
2025-02-14 04:00:00+00:00,21.525501,49.0,2.3051248,Indore
2025-02-14 05:00:00+00:00,24.375502,39.0,2.7416782,Indore
2025-02-14 06:00:00+00:00,27.125502,30.0,4.379589,Indore
2025-02-14 07:00:00+00:00,28.1755,28.0,8.089993,Indore
2025-02-14 08:00:00+00:00,28.9255,25.0,9.659814,Indore
2025-02-14 09:00:00+00:00,29.125502,25.0,9.826088,Indore
2025-02-14 10:00:00+00:00,28.9755,25.0,9.021574,Indore
2025-02-14 11:00:00+00:00,28.375502,26.0,8.0899935,Indore
2025-02-14 12:00:00+00:00,27.625502,28.0,5.904439,Indore
2025-02-14 13:00:00+00:00,24.775501,40.0,3.5455887,Indore
2025-02-14 14:00:00+00:00,23.4255,47.0,2.16,Indore
2025-02-14 15:00:00+00:00,22.9755,43.0,1.1384199,Indore
2025-02-14 16:00:00+00:00,22.0755,44.0,1.484318,Indore
2025-02-14 17:00:00+00:00,21.025501,47.0,3.0758414,Indore
2025-02-14 18:00:00+00:00,19.5755,51.0,2.0364676,Indore
2025-02-14 19:00:00+00:00,19.275501,51.0,2.5959969,Indore
2025-02-14 20:00:00+00:00,19.025501,51.0,2.7416782,Indore
2025-02-14 21:00:00+00:00,18.8255,51.0,2.9024127,Indore
2025-02-14 22:00:00+00:00,18.525501,51.0,3.2599385,Indore
2025-02-14 23:00:00+00:00,18.3255,50.0,2.968636,Indore
2025-02-15 00:00:00+00:00,18.1755,50.0,3.7064266,Indore
2025-02-15 01:00:00+00:00,18.0755,49.0,3.7064266,Indore
2025-02-15 02:00:00+00:00,17.9255,50.0,3.8268526,Indore
2025-02-15 03:00:00+00:00,19.875502,48.0,3.319036,Indore
2025-02-15 04:00:00+00:00,23.375502,43.0,3.219938,Indore
2025-02-15 05:00:00+00:00,26.375502,35.0,7.208994,Indore
2025-02-15 06:00:00+00:00,28.875502,26.0,9.9571085,Indore
2025-02-15 07:00:00+00:00,30.2255,24.0,11.165805,Indore
2025-02-15 08:00:00+00:00,31.1755,22.0,12.7279215,Indore
2025-02-15 09:00:00+00:00,31.4755,20.0,13.089354,Indore
2025-02-15 10:00:00+00:00,31.275501,19.0,13.089354,Indore
2025-02-15 11:00:00+00:00,30.6755,19.0,13.18308,Indore
2025-02-15 12:00:00+00:00,29.7255,23.0,8.287822,Indore
2025-02-15 13:00:00+00:00,26.5755,33.0,4.072935,Indore
2025-02-15 14:00:00+00:00,25.275501,37.0,3.396233,Indore
2025-02-15 15:00:00+00:00,24.275501,38.0,3.9763298,Indore
2025-02-15 16:00:00+00:00,22.8255,39.0,4.3349743,Indore
2025-02-15 17:00:00+00:00,21.2255,41.0,4.379589,Indore
2025-02-15 18:00:00+00:00,20.025501,45.0,4.68,Indore
2025-02-15 19:00:00+00:00,19.0755,47.0,4.6938252,Indore
2025-02-15 20:00:00+00:00,18.4255,50.0,4.6938252,Indore
2025-02-15 21:00:00+00:00,17.875502,53.0,4.73506,Indore
2025-02-15 22:00:00+00:00,17.375502,55.0,4.379589,Indore
2025-02-15 23:00:00+00:00,17.2255,56.0,4.379589,Indore
2025-02-16 00:00:00+00:00,17.5755,57.0,4.452954,Indore
2025-02-16 01:00:00+00:00,17.4255,58.0,4.379589,Indore
2025-02-16 02:00:00+00:00,17.875502,58.0,3.6179552,Indore
2025-02-16 03:00:00+00:00,19.8255,56.0,2.8799999,Indore
2025-02-16 04:00:00+00:00,23.7255,45.0,4.829907,Indore
2025-02-16 05:00:00+00:00,26.7255,39.0,7.491114,Indore
2025-02-16 06:00:00+00:00,28.9255,33.0,8.669949,Indore
2025-02-16 07:00:00+00:00,30.0755,29.0,8.587338,Indore
2025-02-16 08:00:00+00:00,30.875502,26.0,9.360001,Indore
2025-02-16 09:00:00+00:00,31.2255,23.0,10.365251,Indore
2025-02-16 10:00:00+00:00,31.1755,24.0,10.787993,Indore
2025-02-16 11:00:00+00:00,30.7255,25.0,10.883676,Indore
2025-02-16 12:00:00+00:00,29.775501,29.0,7.653705,Indore
2025-02-16 13:00:00+00:00,27.0755,38.0,4.3498964,Indore
2025-02-16 14:00:00+00:00,25.1755,45.0,3.4152596,Indore
2025-02-16 15:00:00+00:00,24.4255,47.0,1.2979984,Indore
2025-02-16 16:00:00+00:00,23.7255,47.0,2.0991426,Indore
2025-02-16 17:00:00+00:00,22.875502,48.0,2.2768397,Indore
2025-02-16 18:00:00+00:00,22.9255,46.0,4.379589,Indore
2025-02-16 19:00:00+00:00,21.375502,52.0,4.2136917,Indore
2025-02-16 20:00:00+00:00,20.4755,57.0,3.7585104,Indore
2025-02-16 21:00:00+00:00,20.025501,60.0,3.319036,Indore
2025-02-16 22:00:00+00:00,19.6755,63.0,3.4152596,Indore
2025-02-16 23:00:00+00:00,19.275501,65.0,3.319036,Indore
2025-02-17 00:00:00+00:00,18.275501,69.0,2.968636,Indore
2025-02-17 01:00:00+00:00,18.4255,68.0,2.52,Indore
2025-02-17 02:00:00+00:00,18.375502,68.0,2.4149535,Indore
2025-02-17 03:00:00+00:00,19.9755,64.0,2.5455842,Indore
2025-02-17 04:00:00+00:00,23.2255,53.0,3.6,Indore
2025-02-17 05:00:00+00:00,25.775501,44.0,5.95906,Indore
2025-02-17 06:00:00+00:00,28.125502,36.0,6.193674,Indore
2025-02-17 07:00:00+00:00,29.4255,33.0,5.8048253,Indore
2025-02-17 08:00:00+00:00,30.275501,31.0,6.696387,Indore
2025-02-17 09:00:00+00:00,30.6755,29.0,7.928177,Indore
2025-02-17 10:00:00+00:00,30.625502,28.0,9.726664,Indore
2025-02-17 11:00:00+00:00,30.025501,28.0,10.086427,Indore
2025-02-17 12:00:00+00:00,29.375502,29.0,7.10031,Indore
2025-02-17 13:00:00+00:00,26.9255,38.0,4.2136917,Indore
2025-02-17 14:00:00+00:00,25.525501,45.0,2.9024127,Indore
2025-02-17 15:00:00+00:00,24.9755,46.0,1.08,Indore
2025-02-17 16:00:00+00:00,24.125502,47.0,1.08,Indore
2025-02-17 17:00:00+00:00,23.275501,51.0,2.5455842,Indore
2025-02-17 18:00:00+00:00,22.1755,56.0,2.7416782,Indore
2025-02-17 19:00:00+00:00,21.775501,55.0,1.835647,Indore
2025-02-17 20:00:00+00:00,21.1755,55.0,1.8,Indore
2025-02-17 21:00:00+00:00,20.625502,56.0,2.1897945,Indore
2025-02-17 22:00:00+00:00,20.1755,56.0,2.52,Indore
2025-02-17 23:00:00+00:00,19.8255,57.0,2.6208394,Indore
2025-02-18 00:00:00+00:00,19.125502,61.0,2.1897945,Indore
2025-02-18 01:00:00+00:00,18.9755,62.0,2.1897945,Indore
2025-02-18 02:00:00+00:00,18.875502,64.0,2.3051248,Indore
2025-02-18 03:00:00+00:00,20.5755,61.0,2.3051248,Indore
2025-02-18 04:00:00+00:00,24.025501,53.0,3.0758414,Indore
2025-02-18 05:00:00+00:00,26.625502,43.0,7.289445,Indore
2025-02-18 06:00:00+00:00,29.0755,36.0,8.714677,Indore
2025-02-18 07:00:00+00:00,30.025501,33.0,9.290511,Indore
2025-02-18 08:00:00+00:00,30.625502,32.0,9.028754,Indore
2025-02-18 09:00:00+00:00,30.8255,31.0,10.163227,Indore
2025-02-18 10:00:00+00:00,30.6755,30.0,11.435313,Indore
2025-02-18 11:00:00+00:00,30.1755,29.0,11.983188,Indore
2025-02-18 12:00:00+00:00,29.4255,33.0,8.669949,Indore
2025-02-18 13:00:00+00:00,26.9255,40.0,5.3999996,Indore
2025-02-18 14:00:00+00:00,24.875502,49.0,3.8268526,Indore
2025-02-18 15:00:00+00:00,23.9755,53.0,3.096837,Indore
2025-02-18 16:00:00+00:00,23.275501,55.0,3.7064266,Indore
2025-02-18 17:00:00+00:00,22.1755,58.0,3.8773184,Indore
2025-02-18 18:00:00+00:00,21.4755,61.0,4.198285,Indore
2025-02-18 19:00:00+00:00,20.525501,62.0,4.0249224,Indore
2025-02-18 20:00:00+00:00,20.0755,62.0,3.7585104,Indore
2025-02-18 21:00:00+00:00,20.0755,60.0,3.319036,Indore
2025-02-18 22:00:00+00:00,19.875502,59.0,3.319036,Indore
2025-02-18 23:00:00+00:00,19.775501,58.0,3.096837,Indore
2025-02-19 00:00:00+00:00,19.3255,60.0,1.9386592,Indore
2025-02-19 01:00:00+00:00,19.025501,60.0,1.609969,Indore
2025-02-19 02:00:00+00:00,18.7255,62.0,1.2979984,Indore
2025-02-19 03:00:00+00:00,20.3255,60.0,1.2979984,Indore
2025-02-19 04:00:00+00:00,23.5755,50.0,2.5455842,Indore
2025-02-19 05:00:00+00:00,26.2255,42.0,5.1919937,Indore
2025-02-19 06:00:00+00:00,28.3255,33.0,9.957108,Indore
2025-02-19 07:00:00+00:00,28.9255,29.0,9.422101,Indore
2025-02-19 08:00:00+00:00,29.4755,27.0,9.387651,Indore
2025-02-19 09:00:00+00:00,29.6755,25.0,9.565437,Indore
2025-02-19 10:00:00+00:00,29.5755,27.0,10.365251,Indore
2025-02-19 11:00:00+00:00,29.0755,27.0,11.165805,Indore
2025-02-19 12:00:00+00:00,28.5755,29.0,7.968939,Indore
2025-02-19 13:00:00+00:00,26.025501,39.0,4.8433046,Indore
2025-02-19 14:00:00+00:00,24.125502,49.0,4.1046314,Indore
2025-02-19 15:00:00+00:00,22.9255,54.0,4.0249224,Indore
2025-02-19 16:00:00+00:00,21.7255,57.0,4.2136917,Indore
2025-02-19 17:00:00+00:00,20.9255,59.0,4.1046314,Indore
2025-02-19 18:00:00+00:00,20.775501,57.0,3.7585104,Indore
2025-02-19 19:00:00+00:00,20.4255,57.0,3.7585104,Indore
2025-02-19 20:00:00+00:00,20.525501,55.0,3.671294,Indore
2025-02-19 21:00:00+00:00,20.525501,53.0,3.7585104,Indore
2025-02-19 22:00:00+00:00,20.1755,53.0,3.8773184,Indore
2025-02-19 23:00:00+00:00,20.2255,52.0,3.8773184,Indore
2025-02-20 00:00:00+00:00,19.4755,55.0,3.8773184,Indore
2025-02-20 01:00:00+00:00,19.275501,55.0,3.7585104,Indore
2025-02-20 02:00:00+00:00,19.375502,55.0,3.6179552,Indore
2025-02-20 03:00:00+00:00,21.3255,52.0,3.2599385,Indore
2025-02-20 04:00:00+00:00,24.275501,46.0,5.2416787,Indore
2025-02-20 05:00:00+00:00,26.6755,39.0,9.387651,Indore
2025-02-20 06:00:00+00:00,28.7255,33.0,11.019764,Indore
2025-02-20 07:00:00+00:00,29.4255,33.0,10.883676,Indore
2025-02-20 08:00:00+00:00,30.0755,30.0,10.805998,Indore
2025-02-20 09:00:00+00:00,30.2255,28.0,11.119281,Indore
2025-02-20 10:00:00+00:00,29.9755,28.0,11.183201,Indore
2025-02-20 11:00:00+00:00,29.3255,27.0,10.587918,Indore
2025-02-20 12:00:00+00:00,28.4255,30.0,7.7043357,Indore
2025-02-20 13:00:00+00:00,25.8255,39.0,4.3349743,Indore
2025-02-20 14:00:00+00:00,24.125502,45.0,3.6,Indore
2025-02-20 15:00:00+00:00,22.8255,47.0,4.198285,Indore
2025-02-20 16:00:00+00:00,21.8255,47.0,3.8939953,Indore
2025-02-20 17:00:00+00:00,20.9255,47.0,4.0249224,Indore
2025-02-20 18:00:00+00:00,20.4255,44.0,3.8773184,Indore
2025-02-20 19:00:00+00:00,20.025501,43.0,3.671294,Indore
2025-02-20 20:00:00+00:00,19.9255,41.0,3.2399998,Indore
2025-02-20 21:00:00+00:00,19.625502,42.0,3.2399998,Indore
2025-02-20 22:00:00+00:00,19.2255,43.0,3.96,Indore
2025-02-20 23:00:00+00:00,18.8255,44.0,4.32,Indore
2025-02-21 00:00:00+00:00,18.625502,49.0,4.1046314,Indore
2025-02-21 01:00:00+00:00,18.6755,48.0,3.7064266,Indore
2025-02-21 02:00:00+00:00,18.9255,49.0,3.096837,Indore
2025-02-21 03:00:00+00:00,21.025501,47.0,2.8116899,Indore
2025-02-21 04:00:00+00:00,23.6755,44.0,5.315336,Indore
2025-02-21 05:00:00+00:00,25.6755,38.0,10.105681,Indore
2025-02-21 06:00:00+00:00,27.0755,34.0,9.3876505,Indore
2025-02-21 07:00:00+00:00,28.0755,32.0,8.759178,Indore
2025-02-21 08:00:00+00:00,28.6755,31.0,9.19939,Indore
2025-02-21 09:00:00+00:00,28.8255,29.0,9.504272,Indore
2025-02-21 10:00:00+00:00,28.625502,29.0,9.585739,Indore
2025-02-21 11:00:00+00:00,28.025501,29.0,9.585739,Indore
2025-02-21 12:00:00+00:00,27.025501,34.0,7.145796,Indore
2025-02-21 13:00:00+00:00,24.625502,43.0,4.3498964,Indore
2025-02-21 14:00:00+00:00,22.9255,50.0,3.7585104,Indore
2025-02-21 15:00:00+00:00,22.125502,52.0,3.319036,Indore
2025-02-21 16:00:00+00:00,21.5755,53.0,2.8799999,Indore
2025-02-21 17:00:00+00:00,21.025501,53.0,4.198285,Indore
2025-02-21 18:00:00+00:00,20.9755,51.0,1.835647,Indore
2025-02-21 19:00:00+00:00,20.5755,50.0,0.8049845,Indore
2025-02-21 20:00:00+00:00,20.025501,51.0,1.1384199,Indore
2025-02-21 21:00:00+00:00,19.3255,53.0,1.5273507,Indore
2025-02-21 22:00:00+00:00,18.7255,55.0,1.8,Indore
2025-02-21 23:00:00+00:00,18.0755,57.0,1.8,Indore
2025-02-22 00:00:00+00:00,17.7255,59.0,1.484318,Indore
2025-02-22 01:00:00+00:00,17.1755,61.0,1.1384199,Indore
2025-02-22 02:00:00+00:00,16.875502,62.0,0.71999997,Indore
2025-02-22 03:00:00+00:00,18.625502,60.0,0.71999997,Indore
2025-02-22 04:00:00+00:00,22.4755,49.0,3.0547013,Indore
2025-02-22 05:00:00+00:00,25.275501,40.0,5.1919937,Indore
2025-02-22 06:00:00+00:00,27.275501,31.0,7.342588,Indore
2025-02-22 07:00:00+00:00,28.4255,28.0,7.92,Indore
2025-02-22 08:00:00+00:00,29.0755,26.0,9.47012,Indore
2025-02-22 09:00:00+00:00,29.2255,26.0,9.826088,Indore
2025-02-22 10:00:00+00:00,28.875502,27.0,9.47012,Indore
2025-02-22 11:00:00+00:00,28.1755,29.0,8.287822,Indore
2025-02-22 12:00:00+00:00,27.625502,31.0,6.162207,Indore
2025-02-22 13:00:00+00:00,25.275501,41.0,3.6179552,Indore
2025-02-22 14:00:00+00:00,23.875502,48.0,2.52,Indore
2025-02-22 15:00:00+00:00,23.0755,48.0,1.484318,Indore
2025-02-22 16:00:00+00:00,22.1755,49.0,1.2979984,Indore
2025-02-22 17:00:00+00:00,21.4255,51.0,1.8,Indore
2025-02-22 18:00:00+00:00,20.7255,53.0,2.0364676,Indore
2025-02-22 19:00:00+00:00,20.125502,53.0,1.609969,Indore
2025-02-22 20:00:00+00:00,19.4755,54.0,1.1384199,Indore
2025-02-22 21:00:00+00:00,18.9755,55.0,1.08,Indore
2025-02-22 22:00:00+00:00,18.525501,56.0,1.484318,Indore
2025-02-22 23:00:00+00:00,18.1755,56.0,1.484318,Indore
2025-02-23 00:00:00+00:00,17.625502,59.0,1.8,Indore
2025-02-23 01:00:00+00:00,17.4755,59.0,2.16,Indore
2025-02-23 02:00:00+00:00,17.7255,58.0,2.4149535,Indore
2025-02-23 03:00:00+00:00,20.125502,54.0,2.4149535,Indore
2025-02-23 04:00:00+00:00,23.8255,45.0,4.198285,Indore
2025-02-23 05:00:00+00:00,26.125502,38.0,6.4096174,Indore
2025-02-23 06:00:00+00:00,28.025501,32.0,1.609969,Indore
2025-02-23 07:00:00+00:00,28.9755,29.0,2.8116899,Indore
2025-02-23 08:00:00+00:00,29.7255,27.0,6.8777895,Indore
2025-02-23 09:00:00+00:00,29.9255,26.0,8.913181,Indore
2025-02-23 10:00:00+00:00,29.625502,24.0,9.957108,Indore
2025-02-23 11:00:00+00:00,28.9255,25.0,9.585739,Indore
2025-02-23 12:00:00+00:00,28.125502,30.0,5.815978,Indore
2025-02-23 13:00:00+00:00,25.6755,40.0,3.96,Indore
2025-02-23 14:00:00+00:00,24.3255,44.0,3.4152596,Indore
2025-02-23 15:00:00+00:00,23.375502,47.0,2.5959969,Indore
2025-02-23 16:00:00+00:00,22.875502,45.0,1.609969,Indore
2025-02-23 17:00:00+00:00,22.0755,46.0,1.1384199,Indore
2025-02-23 18:00:00+00:00,21.125502,48.0,0.71999997,Indore
2025-02-23 19:00:00+00:00,20.5755,49.0,0.8049845,Indore
2025-02-23 20:00:00+00:00,20.0755,50.0,1.835647,Indore
2025-02-23 21:00:00+00:00,19.775501,48.0,1.609969,Indore
2025-02-23 22:00:00+00:00,19.4255,49.0,1.9386592,Indore
2025-02-23 23:00:00+00:00,19.0755,51.0,1.8,Indore
2025-02-24 00:00:00+00:00,18.375502,56.0,2.8799999,Indore
2025-02-24 01:00:00+00:00,18.375502,56.0,3.2399998,Indore
2025-02-24 02:00:00+00:00,19.4755,51.0,5.4119864,Indore
2025-02-24 03:00:00+00:00,20.3255,53.0,4.5536795,Indore
2025-02-24 04:00:00+00:00,23.875502,41.0,9.565437,Indore
2025-02-24 05:00:00+00:00,25.8255,37.0,11.841756,Indore
2025-02-24 06:00:00+00:00,27.6755,34.0,9.422101,Indore
2025-02-24 07:00:00+00:00,28.775501,29.0,8.942214,Indore
2025-02-24 08:00:00+00:00,29.275501,27.0,9.085988,Indore
2025-02-24 09:00:00+00:00,29.375502,27.0,8.707237,Indore
2025-02-24 10:00:00+00:00,29.125502,27.0,8.217153,Indore
2025-02-24 11:00:00+00:00,28.4755,29.0,7.289445,Indore
2025-02-24 12:00:00+00:00,27.875502,31.0,6.12,Indore
2025-02-24 13:00:00+00:00,25.5755,39.0,4.2136917,Indore
2025-02-24 14:00:00+00:00,23.525501,47.0,4.3498964,Indore
2025-02-24 15:00:00+00:00,22.375502,52.0,4.072935,Indore
2025-02-24 16:00:00+00:00,21.525501,53.0,4.1046314,Indore
2025-02-24 17:00:00+00:00,21.025501,53.0,3.8939953,Indore
2025-02-24 18:00:00+00:00,20.4755,51.0,3.8939953,Indore
2025-02-24 19:00:00+00:00,20.275501,50.0,3.8939953,Indore
2025-02-24 20:00:00+00:00,19.4755,51.0,4.6938257,Indore
2025-02-24 21:00:00+00:00,18.3255,54.0,5.315336,Indore
2025-02-24 22:00:00+00:00,17.6755,54.0,5.0142193,Indore
2025-02-24 23:00:00+00:00,17.125502,58.0,4.5536795,Indore
2025-02-25 00:00:00+00:00,16.6755,60.0,4.896529,Indore
2025-02-25 01:00:00+00:00,16.4255,61.0,4.73506,Indore
2025-02-25 02:00:00+00:00,16.525501,61.0,4.73506,Indore
2025-02-25 03:00:00+00:00,19.3255,54.0,4.896529,Indore
2025-02-25 04:00:00+00:00,23.275501,40.0,9.904906,Indore
2025-02-25 05:00:00+00:00,25.8255,33.0,12.313893,Indore
2025-02-25 06:00:00+00:00,27.9755,30.0,10.390226,Indore
2025-02-25 07:00:00+00:00,29.2255,27.0,8.473393,Indore
2025-02-25 08:00:00+00:00,30.125502,25.0,6.12,Indore
2025-02-25 09:00:00+00:00,30.5755,24.0,4.896529,Indore
2025-02-25 10:00:00+00:00,30.525501,24.0,5.1165614,Indore
2025-02-25 11:00:00+00:00,30.125502,24.0,6.1305785,Indore
2025-02-25 12:00:00+00:00,29.0755,30.0,4.8965297,Indore
2025-02-25 13:00:00+00:00,26.7255,39.0,3.8773184,Indore
2025-02-25 14:00:00+00:00,24.625502,46.0,4.198285,Indore
2025-02-25 15:00:00+00:00,23.275501,52.0,4.1046314,Indore
2025-02-25 16:00:00+00:00,22.3255,53.0,4.198285,Indore
2025-02-25 17:00:00+00:00,21.6755,52.0,4.2136917,Indore
2025-02-25 18:00:00+00:00,21.1755,49.0,3.8773184,Indore
2025-02-25 19:00:00+00:00,21.0755,47.0,3.319036,Indore
2025-02-25 20:00:00+00:00,21.0755,45.0,3.671294,Indore
2025-02-25 21:00:00+00:00,20.875502,44.0,3.7585104,Indore
2025-02-25 22:00:00+00:00,20.1755,46.0,4.1046314,Indore
2025-02-25 23:00:00+00:00,19.4255,48.0,4.1046314,Indore
2025-02-26 00:00:00+00:00,19.0755,52.0,3.7585104,Indore
2025-02-26 01:00:00+00:00,18.4755,54.0,4.379589,Indore
2025-02-26 02:00:00+00:00,18.2255,57.0,4.6938252,Indore
2025-02-26 03:00:00+00:00,20.4755,54.0,5.506941,Indore
2025-02-26 04:00:00+00:00,24.2255,42.0,9.565437,Indore
2025-02-26 05:00:00+00:00,26.775501,35.0,12.979984,Indore
2025-02-26 06:00:00+00:00,28.9755,29.0,12.313893,Indore
2025-02-26 07:00:00+00:00,30.375502,26.0,11.966953,Indore
2025-02-26 08:00:00+00:00,31.2255,24.0,10.495713,Indore
2025-02-26 09:00:00+00:00,31.625502,24.0,9.028754,Indore
2025-02-26 10:00:00+00:00,31.6755,23.0,7.5170207,Indore
2025-02-26 11:00:00+00:00,31.2255,24.0,7.342588,Indore
2025-02-26 12:00:00+00:00,30.625502,27.0,5.5887027,Indore
2025-02-26 13:00:00+00:00,28.4255,36.0,3.319036,Indore
2025-02-26 14:00:00+00:00,27.025501,42.0,2.52,Indore
2025-02-26 15:00:00+00:00,26.2255,42.0,2.16,Indore
2025-02-26 16:00:00+00:00,25.4755,42.0,2.5455842,Indore
2025-02-26 17:00:00+00:00,24.775501,42.0,3.4152596,Indore
2025-02-26 18:00:00+00:00,24.2255,38.0,2.968636,Indore
2025-02-26 19:00:00+00:00,23.5755,40.0,3.8939953,Indore
2025-02-26 20:00:00+00:00,22.5755,39.0,4.8433046,Indore
2025-02-26 21:00:00+00:00,21.2255,44.0,4.1046314,Indore
2025-02-26 22:00:00+00:00,21.1755,45.0,3.096837,Indore
2025-02-26 23:00:00+00:00,21.1755,45.0,3.0547013,Indore
2025-02-27 00:00:00+00:00,21.1755,43.0,3.0547013,Indore
2025-02-27 01:00:00+00:00,21.025501,43.0,3.396233,Indore
2025-02-27 02:00:00+00:00,21.4755,43.0,4.198285,Indore
2025-02-27 03:00:00+00:00,22.3255,45.0,3.8268526,Indore
2025-02-27 04:00:00+00:00,25.9255,39.0,7.928177,Indore
2025-02-27 05:00:00+00:00,28.275501,35.0,9.585739,Indore
2025-02-27 06:00:00+00:00,30.625502,32.0,7.771331,Indore
2025-02-27 07:00:00+00:00,32.1255,30.0,9.107359,Indore
2025-02-27 08:00:00+00:00,33.1755,27.0,9.449572,Indore
2025-02-27 09:00:00+00:00,33.5755,25.0,10.296251,Indore
2025-02-27 10:00:00+00:00,33.525497,24.0,9.983106,Indore
2025-02-27 11:00:00+00:00,33.025497,24.0,9.793058,Indore
2025-02-27 12:00:00+00:00,31.8255,28.0,6.9899354,Indore
2025-02-27 13:00:00+00:00,29.4255,37.0,3.671294,Indore
2025-02-27 14:00:00+00:00,27.7255,43.0,3.219938,Indore
2025-02-27 15:00:00+00:00,26.875502,46.0,2.5959969,Indore
2025-02-27 16:00:00+00:00,26.2255,45.0,2.2768397,Indore
2025-02-27 17:00:00+00:00,25.375502,44.0,0.8049845,Indore
2025-02-27 18:00:00+00:00,24.375502,46.0,0.0,Indore
2025-02-27 19:00:00+00:00,23.625502,48.0,1.1384199,Indore
2025-02-27 20:00:00+00:00,23.0755,49.0,1.1384199,Indore
2025-02-27 21:00:00+00:00,22.625502,50.0,2.16,Indore
2025-02-27 22:00:00+00:00,22.4755,50.0,2.5455842,Indore
2025-02-27 23:00:00+00:00,22.275501,50.0,3.2599385,Indore
2025-02-28 00:00:00+00:00,22.3255,49.0,2.9024127,Indore
2025-02-28 01:00:00+00:00,22.6755,47.0,2.52,Indore
2025-02-28 02:00:00+00:00,22.9755,45.0,3.2399998,Indore
2025-02-28 03:00:00+00:00,24.625502,42.0,2.8799999,Indore
2025-02-28 04:00:00+00:00,28.025501,37.0,3.0547013,Indore
2025-02-28 05:00:00+00:00,30.1755,32.0,8.225035,Indore
2025-02-28 06:00:00+00:00,31.625502,31.0,7.289445,Indore
2025-02-28 07:00:00+00:00,32.7255,29.0,8.39657,Indore
2025-02-28 08:00:00+00:00,33.4255,26.0,9.904906,Indore
2025-02-28 09:00:00+00:00,33.775497,25.0,11.367109,Indore
2025-02-28 10:00:00+00:00,33.4755,25.0,12.371645,Indore
2025-02-28 11:00:00+00:00,32.8255,25.0,11.542478,Indore
2025-02-28 12:00:00+00:00,31.775501,29.0,7.072878,Indore
2025-02-28 13:00:00+00:00,29.8255,39.0,3.0758414,Indore
2025-02-28 14:00:00+00:00,28.2255,45.0,2.968636,Indore
2025-02-28 15:00:00+00:00,27.0755,49.0,3.219938,Indore
2025-02-28 16:00:00+00:00,26.3255,52.0,2.6208394,Indore
2025-02-28 17:00:00+00:00,25.6755,53.0,2.5455842,Indore
2025-02-28 18:00:00+00:00,25.025501,53.0,2.8799999,Indore
2025-02-28 19:00:00+00:00,24.525501,53.0,3.2599385,Indore
2025-02-28 20:00:00+00:00,24.025501,53.0,3.4152596,Indore
2025-02-28 21:00:00+00:00,23.4755,54.0,3.8773184,Indore
2025-02-28 22:00:00+00:00,22.775501,55.0,3.8773184,Indore
2025-02-28 23:00:00+00:00,21.9255,58.0,3.319036,Indore
2025-03-01 00:00:00+00:00,21.7255,58.0,2.16,Indore
2025-03-01 01:00:00+00:00,21.525501,57.0,2.16,Indore
2025-03-01 02:00:00+00:00,21.625502,54.0,1.835647,Indore
2025-03-01 03:00:00+00:00,23.3255,49.0,1.484318,Indore
2025-03-01 04:00:00+00:00,26.4755,37.0,3.8268526,Indore
2025-03-01 05:00:00+00:00,29.025501,28.0,7.386582,Indore
2025-03-01 06:00:00+00:00,30.275501,28.0,8.404285,Indore
2025-03-01 07:00:00+00:00,31.2255,27.0,7.4128532,Indore
2025-03-01 08:00:00+00:00,31.9755,26.0,7.8625183,Indore
2025-03-01 09:00:00+00:00,32.275497,26.0,9.531505,Indore
2025-03-01 10:00:00+00:00,32.1755,26.0,11.367109,Indore
2025-03-01 11:00:00+00:00,31.5755,29.0,11.841756,Indore
2025-03-01 12:00:00+00:00,30.6755,32.0,8.225035,Indore
2025-03-01 13:00:00+00:00,28.6755,39.0,5.6233797,Indore
2025-03-01 14:00:00+00:00,26.8255,48.0,4.1046314,Indore
2025-03-01 15:00:00+00:00,25.5755,53.0,3.8268526,Indore
2025-03-01 16:00:00+00:00,24.275501,55.0,4.198285,Indore
2025-03-01 17:00:00+00:00,23.275501,57.0,3.8773184,Indore
2025-03-01 18:00:00+00:00,22.1755,58.0,4.198285,Indore
2025-03-01 19:00:00+00:00,21.4755,60.0,4.198285,Indore
2025-03-01 20:00:00+00:00,20.8255,60.0,4.198285,Indore
2025-03-01 21:00:00+00:00,20.2255,59.0,4.0249224,Indore
2025-03-01 22:00:00+00:00,19.8255,59.0,3.7064266,Indore
2025-03-01 23:00:00+00:00,19.9255,58.0,3.219938,Indore
2025-03-02 00:00:00+00:00,20.5755,57.0,2.5959969,Indore
2025-03-02 01:00:00+00:00,20.625502,57.0,3.0547013,Indore
2025-03-02 02:00:00+00:00,20.7255,57.0,2.0364676,Indore
2025-03-02 03:00:00+00:00,22.4755,53.0,1.2979984,Indore
2025-03-02 04:00:00+00:00,25.125502,44.0,5.506941,Indore
2025-03-02 05:00:00+00:00,27.375502,35.0,7.9932976,Indore
2025-03-02 06:00:00+00:00,29.125502,30.0,9.339208,Indore
2025-03-02 07:00:00+00:00,30.025501,27.0,9.422101,Indore
2025-03-02 08:00:00+00:00,30.6755,26.0,9.659814,Indore
2025-03-02 09:00:00+00:00,30.875502,25.0,10.483357,Indore
2025-03-02 10:00:00+00:00,30.5755,26.0,10.587917,Indore
2025-03-02 11:00:00+00:00,30.025501,26.0,10.144082,Indore
2025-03-02 12:00:00+00:00,29.5755,27.0,7.7879906,Indore
2025-03-02 13:00:00+00:00,27.5755,34.0,4.3349743,Indore
2025-03-02 14:00:00+00:00,25.875502,42.0,3.319036,Indore
2025-03-02 15:00:00+00:00,24.875502,46.0,3.319036,Indore
2025-03-02 16:00:00+00:00,23.5755,49.0,3.8268526,Indore
2025-03-02 17:00:00+00:00,22.125502,52.0,4.198285,Indore
2025-03-02 18:00:00+00:00,21.4755,54.0,3.8939953,Indore
2025-03-02 19:00:00+00:00,20.625502,55.0,3.8939953,Indore
2025-03-02 20:00:00+00:00,20.125502,57.0,3.5455887,Indore
2025-03-02 21:00:00+00:00,19.7255,58.0,3.4152596,Indore
2025-03-02 22:00:00+00:00,19.525501,59.0,2.968636,Indore
2025-03-02 23:00:00+00:00,19.525501,56.0,1.8,Indore
2025-03-03 00:00:00+00:00,19.025501,58.0,1.8,Indore
2025-03-03 01:00:00+00:00,18.9255,57.0,1.609969,Indore
2025-03-03 02:00:00+00:00,19.025501,57.0,1.2979984,Indore
2025-03-03 03:00:00+00:00,20.9755,54.0,0.71999997,Indore
2025-03-03 04:00:00+00:00,24.8255,43.0,1.484318,Indore
2025-03-03 05:00:00+00:00,27.275501,36.0,3.671294,Indore
2025-03-03 06:00:00+00:00,29.6755,31.0,6.1094027,Indore
2025-03-03 07:00:00+00:00,30.875502,28.0,7.9036193,Indore
2025-03-03 08:00:00+00:00,31.6755,26.0,9.178235,Indore
2025-03-03 09:00:00+00:00,32.0755,25.0,9.565437,Indore
2025-03-03 10:00:00+00:00,32.0255,25.0,9.904906,Indore
2025-03-03 11:00:00+00:00,31.4255,26.0,9.360001,Indore
2025-03-03 12:00:00+00:00,30.8255,28.0,7.072878,Indore
2025-03-03 13:00:00+00:00,28.625502,35.0,4.198285,Indore
2025-03-03 14:00:00+00:00,26.8255,41.0,3.7064266,Indore
2025-03-03 15:00:00+00:00,25.4755,43.0,4.2136917,Indore
2025-03-03 16:00:00+00:00,23.9755,47.0,4.5536795,Indore
2025-03-03 17:00:00+00:00,22.775501,52.0,4.5536795,Indore
2025-03-03 18:00:00+00:00,22.125502,54.0,4.5536795,Indore
2025-03-03 19:00:00+00:00,21.3255,55.0,4.5536795,Indore
2025-03-03 20:00:00+00:00,20.7255,58.0,4.0249224,Indore
2025-03-03 21:00:00+00:00,20.275501,61.0,3.9763298,Indore
2025-03-03 22:00:00+00:00,20.0755,63.0,3.9763298,Indore
2025-03-03 23:00:00+00:00,19.9255,65.0,4.0249224,Indore
2025-03-04 00:00:00+00:00,19.525501,66.0,4.5536795,Indore
2025-03-04 01:00:00+00:00,19.2255,67.0,4.2136917,Indore
2025-03-04 02:00:00+00:00,19.2255,67.0,3.8773184,Indore
2025-03-04 03:00:00+00:00,21.5755,59.0,4.39436,Indore
2025-03-04 04:00:00+00:00,24.7255,47.0,7.9036193,Indore
2025-03-04 05:00:00+00:00,27.4255,34.0,12.287555,Indore
2025-03-04 06:00:00+00:00,28.9755,27.0,12.261158,Indore
2025-03-04 07:00:00+00:00,29.9255,26.0,11.304229,Indore
2025-03-04 08:00:00+00:00,30.5755,25.0,11.384199,Indore
2025-03-04 09:00:00+00:00,30.775501,24.0,11.592895,Indore
2025-03-04 10:00:00+00:00,30.525501,25.0,12.10157,Indore
2025-03-04 11:00:00+00:00,29.775501,26.0,11.792404,Indore
2025-03-04 12:00:00+00:00,28.775501,28.0,10.086427,Indore
2025-03-04 13:00:00+00:00,26.9255,32.0,6.297428,Indore
2025-03-04 14:00:00+00:00,24.8255,40.0,3.8939953,Indore
2025-03-04 15:00:00+00:00,23.2255,45.0,4.072935,Indore
2025-03-04 16:00:00+00:00,21.9255,47.0,3.563818,Indore
2025-03-04 17:00:00+00:00,21.2255,48.0,3.5455887,Indore
2025-03-04 18:00:00+00:00,20.375502,46.0,3.6179552,Indore
2025-03-04 19:00:00+00:00,19.5755,46.0,3.671294,Indore
2025-03-04 20:00:00+00:00,18.375502,47.0,4.1046314,Indore
2025-03-04 21:00:00+00:00,17.4755,47.0,4.452954,Indore
2025-03-04 22:00:00+00:00,16.625502,45.0,5.2416787,Indore
2025-03-04 23:00:00+00:00,16.025501,41.0,6.379216,Indore
2025-03-05 00:00:00+00:00,15.7755,33.0,8.209263,Indore
2025-03-05 01:00:00+00:00,14.9755,35.0,8.311245,Indore
2025-03-05 02:00:00+00:00,14.7255,37.0,8.557102,Indore
2025-03-05 03:00:00+00:00,16.525501,34.0,11.298495,Indore
2025-03-05 04:00:00+00:00,19.3255,27.0,13.854155,Indore
2025-03-05 05:00:00+00:00,21.9755,22.0,12.979984,Indore
2025-03-05 06:00:00+00:00,24.525501,17.0,14.241629,Indore
2025-03-05 07:00:00+00:00,26.375502,14.0,13.556282,Indore
2025-03-05 08:00:00+00:00,27.7255,13.0,13.797912,Indore
2025-03-05 09:00:00+00:00,28.4755,13.0,14.440443,Indore
2025-03-05 10:00:00+00:00,28.525501,12.0,14.417988,Indore
2025-03-05 11:00:00+00:00,27.875502,13.0,14.044615,Indore
2025-03-05 12:00:00+00:00,27.125502,17.0,8.647496,Indore
2025-03-05 13:00:00+00:00,24.9255,21.0,5.0528407,Indore
2025-03-05 14:00:00+00:00,23.0755,29.0,3.2599385,Indore
2025-03-05 15:00:00+00:00,21.9755,34.0,2.8799999,Indore
2025-03-05 16:00:00+00:00,21.2255,34.0,2.5455842,Indore
2025-03-05 17:00:00+00:00,20.375502,34.0,1.609969,Indore
2025-03-05 18:00:00+00:00,18.1755,37.0,1.8,Indore
2025-03-05 19:00:00+00:00,17.3255,38.0,1.835647,Indore
2025-03-05 20:00:00+00:00,16.4255,39.0,1.484318,Indore
2025-03-05 21:00:00+00:00,15.7755,40.0,1.2979984,Indore
2025-03-05 22:00:00+00:00,15.1255,40.0,0.8049845,Indore
2025-03-05 23:00:00+00:00,14.6755,41.0,0.5091169,Indore
2025-03-06 00:00:00+00:00,13.5755,46.0,1.2979984,Indore
2025-03-06 01:00:00+00:00,13.3755,45.0,1.0182338,Indore
2025-03-06 02:00:00+00:00,13.8755,44.0,1.08,Indore
2025-03-06 03:00:00+00:00,16.775501,42.0,1.0182338,Indore
2025-03-06 04:00:00+00:00,22.125502,29.0,1.8,Indore
2025-03-06 05:00:00+00:00,24.9255,22.0,4.3349743,Indore
2025-03-06 06:00:00+00:00,27.8255,16.0,4.198285,Indore
2025-03-06 07:00:00+00:00,29.1755,14.0,5.1544156,Indore
2025-03-06 08:00:00+00:00,30.275501,14.0,6.638072,Indore
2025-03-06 09:00:00+00:00,30.6755,14.0,7.8954163,Indore
2025-03-06 10:00:00+00:00,30.525501,14.0,8.217153,Indore
2025-03-06 11:00:00+00:00,29.9255,15.0,7.7879906,Indore
2025-03-06 12:00:00+00:00,29.375502,15.0,5.1919937,Indore
2025-03-06 13:00:00+00:00,26.625502,24.0,3.6,Indore
2025-03-06 14:00:00+00:00,24.4255,30.0,3.6,Indore
2025-03-06 15:00:00+00:00,23.2255,34.0,2.5959969,Indore
2025-03-06 16:00:00+00:00,22.875502,31.0,1.484318,Indore
2025-03-06 17:00:00+00:00,22.0755,31.0,1.08,Indore
2025-03-06 18:00:00+00:00,19.3255,38.0,1.1384199,Indore
2025-03-06 19:00:00+00:00,18.625502,39.0,1.2979984,Indore
2025-03-06 20:00:00+00:00,18.125502,39.0,1.835647,Indore
2025-03-06 21:00:00+00:00,17.625502,39.0,1.609969,Indore
2025-03-06 22:00:00+00:00,16.775501,41.0,1.8,Indore
2025-03-06 23:00:00+00:00,16.025501,43.0,2.4149535,Indore
2025-03-07 00:00:00+00:00,15.2755,46.0,1.8,Indore
2025-03-07 01:00:00+00:00,15.0255,46.0,1.08,Indore
2025-03-07 02:00:00+00:00,15.6255,46.0,1.1384199,Indore
2025-03-07 03:00:00+00:00,19.125502,43.0,0.8049845,Indore
2025-03-07 04:00:00+00:00,24.8255,31.0,1.484318,Indore
2025-03-07 05:00:00+00:00,27.875502,23.0,2.9024127,Indore
2025-03-07 06:00:00+00:00,30.4755,18.0,5.00128,Indore
2025-03-07 07:00:00+00:00,31.525501,17.0,5.6233797,Indore
2025-03-07 08:00:00+00:00,32.3255,17.0,6.9153743,Indore
2025-03-07 09:00:00+00:00,32.6755,16.0,8.39657,Indore
2025-03-07 10:00:00+00:00,32.525497,15.0,9.693296,Indore
2025-03-07 11:00:00+00:00,31.8255,16.0,11.019764,Indore
2025-03-07 12:00:00+00:00,30.4755,19.0,10.739832,Indore
2025-03-07 13:00:00+00:00,27.125502,29.0,5.0142193,Indore
2025-03-07 14:00:00+00:00,24.6755,39.0,2.4149535,Indore
2025-03-07 15:00:00+00:00,23.7255,40.0,3.0547013,Indore
2025-03-07 16:00:00+00:00,22.6755,42.0,3.8268526,Indore
2025-03-07 17:00:00+00:00,21.625502,45.0,3.0758414,Indore
2025-03-07 18:00:00+00:00,21.125502,45.0,3.671294,Indore
2025-03-07 19:00:00+00:00,20.775501,43.0,4.379589,Indore
2025-03-07 20:00:00+00:00,19.8255,44.0,4.3349743,Indore
2025-03-07 21:00:00+00:00,19.4255,44.0,4.0249224,Indore
2025-03-07 22:00:00+00:00,19.3255,42.0,4.0249224,Indore
2025-03-07 23:00:00+00:00,19.125502,40.0,4.68,Indore
2025-02-04 00:00:00+00:00,19.3935,76.0,2.5455842,Thane
2025-02-04 01:00:00+00:00,19.043499,76.0,2.6208394,Thane
2025-02-04 02:00:00+00:00,18.8435,74.0,2.968636,Thane
2025-02-04 03:00:00+00:00,20.2435,66.0,1.9386592,Thane
2025-02-04 04:00:00+00:00,24.3935,45.0,2.2768397,Thane
2025-02-04 05:00:00+00:00,27.6935,32.0,4.5536795,Thane
2025-02-04 06:00:00+00:00,29.9435,28.0,6.4096174,Thane
2025-02-04 07:00:00+00:00,31.7435,28.0,7.6367526,Thane
2025-02-04 08:00:00+00:00,32.8935,29.0,8.942214,Thane
2025-02-04 09:00:00+00:00,33.1435,32.0,10.883676,Thane
2025-02-04 10:00:00+00:00,32.4935,35.0,12.10157,Thane
2025-02-04 11:00:00+00:00,31.4935,37.0,11.609651,Thane
2025-02-04 12:00:00+00:00,30.793499,38.0,8.891343,Thane
2025-02-04 13:00:00+00:00,28.793499,43.0,6.6087217,Thane
2025-02-04 14:00:00+00:00,26.9435,51.0,4.3498964,Thane
2025-02-04 15:00:00+00:00,25.4935,57.0,3.396233,Thane
2025-02-04 16:00:00+00:00,24.2435,60.0,3.563818,Thane
2025-02-04 17:00:00+00:00,23.3435,59.0,3.319036,Thane
2025-02-04 18:00:00+00:00,22.4935,58.0,3.096837,Thane
2025-02-04 19:00:00+00:00,22.043499,55.0,3.219938,Thane
2025-02-04 20:00:00+00:00,21.4935,55.0,3.319036,Thane
2025-02-04 21:00:00+00:00,20.6435,56.0,4.1046314,Thane
2025-02-04 22:00:00+00:00,20.1435,56.0,4.1046314,Thane
2025-02-04 23:00:00+00:00,19.8935,54.0,4.0249224,Thane
2025-02-05 00:00:00+00:00,19.3435,59.0,3.2599385,Thane
2025-02-05 01:00:00+00:00,18.9935,60.0,3.2599385,Thane
2025-02-05 02:00:00+00:00,18.7435,60.0,3.319036,Thane
2025-02-05 03:00:00+00:00,19.9435,56.0,2.968636,Thane
2025-02-05 04:00:00+00:00,23.4935,40.0,4.896529,Thane
2025-02-05 05:00:00+00:00,26.3435,32.0,7.342588,Thane
2025-02-05 06:00:00+00:00,29.043499,28.0,7.6367526,Thane
2025-02-05 07:00:00+00:00,31.043499,26.0,8.557102,Thane
2025-02-05 08:00:00+00:00,32.7935,25.0,9.565437,Thane
2025-02-05 09:00:00+00:00,33.6935,24.0,9.693296,Thane
2025-02-05 10:00:00+00:00,34.0935,22.0,10.315115,Thane
2025-02-05 11:00:00+00:00,33.4935,22.0,11.808878,Thane
2025-02-05 12:00:00+00:00,31.6935,27.0,12.819235,Thane
2025-02-05 13:00:00+00:00,28.8935,33.0,9.885262,Thane
2025-02-05 14:00:00+00:00,26.8435,38.0,5.692099,Thane
2025-02-05 15:00:00+00:00,25.0935,42.0,4.1046314,Thane
2025-02-05 16:00:00+00:00,23.8435,45.0,3.8268526,Thane
2025-02-05 17:00:00+00:00,22.9435,46.0,3.396233,Thane
2025-02-05 18:00:00+00:00,21.7435,52.0,2.5455842,Thane
2025-02-05 19:00:00+00:00,21.1435,53.0,2.2768397,Thane
2025-02-05 20:00:00+00:00,20.543499,55.0,2.1897945,Thane
2025-02-05 21:00:00+00:00,19.6935,58.0,2.5455842,Thane
2025-02-05 22:00:00+00:00,18.9935,61.0,2.5455842,Thane
2025-02-05 23:00:00+00:00,18.2435,64.0,2.8799999,Thane
2025-02-06 00:00:00+00:00,17.6435,71.0,2.52,Thane
2025-02-06 01:00:00+00:00,17.793499,69.0,2.5455842,Thane
2025-02-06 02:00:00+00:00,18.043499,67.0,2.6208394,Thane
2025-02-06 03:00:00+00:00,19.5935,62.0,1.2979984,Thane
2025-02-06 04:00:00+00:00,23.3435,50.0,2.2768397,Thane
2025-02-06 05:00:00+00:00,27.043499,41.0,4.0249224,Thane
2025-02-06 06:00:00+00:00,30.8435,36.0,4.2136917,Thane
2025-02-06 07:00:00+00:00,33.2435,32.0,3.219938,Thane
2025-02-06 08:00:00+00:00,34.8435,29.0,1.8,Thane
2025-02-06 09:00:00+00:00,35.6935,27.0,1.2979984,Thane
2025-02-06 10:00:00+00:00,35.8935,28.0,6.2145634,Thane
2025-02-06 11:00:00+00:00,34.4435,33.0,9.885262,Thane
2025-02-06 12:00:00+00:00,32.2435,42.0,9.449572,Thane
2025-02-06 13:00:00+00:00,30.1435,46.0,6.489992,Thane
2025-02-06 14:00:00+00:00,28.0935,53.0,3.396233,Thane
2025-02-06 15:00:00+00:00,26.793499,58.0,2.0364676,Thane
2025-02-06 16:00:00+00:00,24.9435,65.0,2.3051248,Thane
2025-02-06 17:00:00+00:00,23.6435,72.0,2.16,Thane
2025-02-06 18:00:00+00:00,22.8435,75.0,1.484318,Thane
2025-02-06 19:00:00+00:00,22.0935,78.0,1.2979984,Thane
2025-02-06 20:00:00+00:00,21.7435,79.0,1.5273507,Thane
2025-02-06 21:00:00+00:00,21.793499,77.0,1.609969,Thane
2025-02-06 22:00:00+00:00,21.8435,76.0,1.835647,Thane
2025-02-06 23:00:00+00:00,21.543499,76.0,2.1897945,Thane
2025-02-07 00:00:00+00:00,21.4435,76.0,2.0991426,Thane
2025-02-07 01:00:00+00:00,21.3435,77.0,2.4149535,Thane
2025-02-07 02:00:00+00:00,21.3935,77.0,2.4149535,Thane
2025-02-07 03:00:00+00:00,22.8935,72.0,1.5273507,Thane
2025-02-07 04:00:00+00:00,26.8935,57.0,2.0364676,Thane
2025-02-07 05:00:00+00:00,30.1435,44.0,4.8965297,Thane
2025-02-07 06:00:00+00:00,32.8935,36.0,4.0249224,Thane
2025-02-07 07:00:00+00:00,34.7935,32.0,3.671294,Thane
2025-02-07 08:00:00+00:00,36.0435,28.0,2.5959969,Thane
2025-02-07 09:00:00+00:00,36.7935,26.0,3.8268526,Thane
2025-02-07 10:00:00+00:00,36.7935,27.0,9.746631,Thane
2025-02-07 11:00:00+00:00,34.5435,37.0,12.605142,Thane
2025-02-07 12:00:00+00:00,33.0935,40.0,9.531505,Thane
2025-02-07 13:00:00+00:00,31.3935,39.0,6.792466,Thane
2025-02-07 14:00:00+00:00,29.2435,47.0,4.6102495,Thane
2025-02-07 15:00:00+00:00,27.5935,54.0,2.5959969,Thane
2025-02-07 16:00:00+00:00,26.6435,59.0,1.08,Thane
2025-02-07 17:00:00+00:00,25.8935,60.0,1.4399999,Thane
2025-02-07 18:00:00+00:00,25.1935,60.0,1.8,Thane
2025-02-07 19:00:00+00:00,24.043499,64.0,1.8,Thane
2025-02-07 20:00:00+00:00,22.9935,68.0,1.1384199,Thane
2025-02-07 21:00:00+00:00,22.293499,70.0,1.8,Thane
2025-02-07 22:00:00+00:00,21.6435,72.0,1.835647,Thane
2025-02-07 23:00:00+00:00,21.3935,74.0,1.835647,Thane
2025-02-08 00:00:00+00:00,20.3435,77.0,1.609969,Thane
2025-02-08 01:00:00+00:00,20.3435,78.0,1.9386592,Thane
2025-02-08 02:00:00+00:00,20.4935,76.0,2.1897945,Thane
2025-02-08 03:00:00+00:00,22.043499,71.0,1.1384199,Thane
2025-02-08 04:00:00+00:00,25.9935,57.0,1.2979984,Thane
2025-02-08 05:00:00+00:00,29.4435,45.0,2.5455842,Thane
2025-02-08 06:00:00+00:00,32.4435,37.0,1.8,Thane
2025-02-08 07:00:00+00:00,34.6935,31.0,1.484318,Thane
2025-02-08 08:00:00+00:00,36.1935,26.0,3.7064266,Thane
2025-02-08 09:00:00+00:00,36.9935,25.0,6.638072,Thane
2025-02-08 10:00:00+00:00,36.6935,27.0,11.119281,Thane
2025-02-08 11:00:00+00:00,34.6935,34.0,13.237039,Thane
2025-02-08 12:00:00+00:00,33.3435,35.0,10.144082,Thane
2025-02-08 13:00:00+00:00,31.5935,36.0,6.696387,Thane
2025-02-08 14:00:00+00:00,29.6435,42.0,3.8939953,Thane
2025-02-08 15:00:00+00:00,28.043499,47.0,2.7416782,Thane
2025-02-08 16:00:00+00:00,27.0935,52.0,1.8,Thane
2025-02-08 17:00:00+00:00,26.4435,53.0,2.0991426,Thane
2025-02-08 18:00:00+00:00,25.6935,55.0,2.2768397,Thane
2025-02-08 19:00:00+00:00,24.793499,58.0,2.2768397,Thane
2025-02-08 20:00:00+00:00,23.9935,60.0,1.9386592,Thane
2025-02-08 21:00:00+00:00,22.9435,63.0,2.2768397,Thane
2025-02-08 22:00:00+00:00,22.2435,67.0,1.835647,Thane
2025-02-08 23:00:00+00:00,21.8435,69.0,2.1897945,Thane
2025-02-09 00:00:00+00:00,20.6935,79.0,1.4399999,Thane
2025-02-09 01:00:00+00:00,20.4935,80.0,1.484318,Thane
2025-02-09 02:00:00+00:00,20.1935,82.0,1.484318,Thane
2025-02-09 03:00:00+00:00,21.9935,75.0,1.08,Thane
2025-02-09 04:00:00+00:00,26.0935,56.0,1.835647,Thane
2025-02-09 05:00:00+00:00,29.793499,41.0,3.6179552,Thane
2025-02-09 06:00:00+00:00,32.3435,36.0,3.319036,Thane
2025-02-09 07:00:00+00:00,34.5435,31.0,3.8773184,Thane
2025-02-09 08:00:00+00:00,35.9935,26.0,5.3517847,Thane
2025-02-09 09:00:00+00:00,36.5935,25.0,6.9153743,Thane
2025-02-09 10:00:00+00:00,36.4435,28.0,9.585739,Thane
2025-02-09 11:00:00+00:00,35.1435,33.0,11.753877,Thane
2025-02-09 12:00:00+00:00,34.5935,32.0,11.592894,Thane
2025-02-09 13:00:00+00:00,32.3435,33.0,8.161764,Thane
2025-02-09 14:00:00+00:00,30.3435,35.0,4.39436,Thane
2025-02-09 15:00:00+00:00,28.6435,39.0,3.7064266,Thane
2025-02-09 16:00:00+00:00,27.5935,41.0,3.0758414,Thane
2025-02-09 17:00:00+00:00,27.043499,43.0,2.0991426,Thane
2025-02-09 18:00:00+00:00,26.0935,37.0,2.4149535,Thane
2025-02-09 19:00:00+00:00,25.293499,39.0,2.5959969,Thane
2025-02-09 20:00:00+00:00,24.1935,41.0,3.096837,Thane
2025-02-09 21:00:00+00:00,23.1435,45.0,3.096837,Thane
2025-02-09 22:00:00+00:00,22.4935,48.0,3.0758414,Thane
2025-02-09 23:00:00+00:00,22.043499,50.0,2.9024127,Thane
2025-02-10 00:00:00+00:00,20.6935,64.0,1.08,Thane
2025-02-10 01:00:00+00:00,20.7435,63.0,1.1384199,Thane
2025-02-10 02:00:00+00:00,20.0935,66.0,1.8,Thane
2025-02-10 03:00:00+00:00,21.5935,64.0,1.08,Thane
2025-02-10 04:00:00+00:00,25.793499,48.0,0.8049845,Thane
2025-02-10 05:00:00+00:00,29.3935,36.0,2.6208394,Thane
2025-02-10 06:00:00+00:00,31.7435,31.0,2.4149535,Thane
2025-02-10 07:00:00+00:00,33.9435,27.0,3.8939953,Thane
2025-02-10 08:00:00+00:00,35.5935,23.0,7.127636,Thane
2025-02-10 09:00:00+00:00,36.1935,21.0,9.178235,Thane
2025-02-10 10:00:00+00:00,35.8935,22.0,11.246759,Thane
2025-02-10 11:00:00+00:00,34.7935,24.0,11.988594,Thane
2025-02-10 12:00:00+00:00,33.7435,27.0,11.966954,Thane
2025-02-10 13:00:00+00:00,31.1935,32.0,8.913181,Thane
2025-02-10 14:00:00+00:00,29.1935,35.0,5.6233797,Thane
2025-02-10 15:00:00+00:00,27.4435,38.0,3.8268526,Thane
2025-02-10 16:00:00+00:00,26.3935,42.0,2.0364676,Thane
2025-02-10 17:00:00+00:00,25.6435,43.0,1.609969,Thane
2025-02-10 18:00:00+00:00,24.043499,50.0,2.2768397,Thane
2025-02-10 19:00:00+00:00,23.043499,53.0,2.0991426,Thane
2025-02-10 20:00:00+00:00,22.2435,55.0,1.1384199,Thane
2025-02-10 21:00:00+00:00,21.4435,58.0,0.8049845,Thane
2025-02-10 22:00:00+00:00,20.543499,62.0,1.0182338,Thane
2025-02-10 23:00:00+00:00,19.5935,67.0,2.1897945,Thane
2025-02-11 00:00:00+00:00,19.2435,64.0,2.5455842,Thane
2025-02-11 01:00:00+00:00,18.9935,68.0,1.9386592,Thane
2025-02-11 02:00:00+00:00,19.293499,66.0,1.8,Thane
2025-02-11 03:00:00+00:00,20.8435,60.0,0.8049845,Thane
2025-02-11 04:00:00+00:00,24.8435,46.0,1.609969,Thane
2025-02-11 05:00:00+00:00,28.4435,36.0,2.16,Thane
2025-02-11 06:00:00+00:00,31.293499,30.0,3.8268526,Thane
2025-02-11 07:00:00+00:00,33.5435,25.0,6.193674,Thane
2025-02-11 08:00:00+00:00,34.8935,21.0,8.435069,Thane
2025-02-11 09:00:00+00:00,35.2935,22.0,10.195057,Thane
2025-02-11 10:00:00+00:00,34.7935,24.0,11.808878,Thane
2025-02-11 11:00:00+00:00,33.5435,27.0,12.313894,Thane
2025-02-11 12:00:00+00:00,32.3935,30.0,11.212135,Thane
2025-02-11 13:00:00+00:00,30.1935,35.0,7.386582,Thane
2025-02-11 14:00:00+00:00,28.0935,40.0,3.7064266,Thane
2025-02-11 15:00:00+00:00,26.3935,46.0,2.5455842,Thane
2025-02-11 16:00:00+00:00,25.0935,51.0,2.52,Thane
2025-02-11 17:00:00+00:00,23.793499,57.0,2.2768397,Thane
2025-02-11 18:00:00+00:00,22.7435,59.0,2.9024127,Thane
2025-02-11 19:00:00+00:00,21.5935,64.0,2.9024127,Thane
2025-02-11 20:00:00+00:00,20.6435,67.0,3.0547013,Thane
2025-02-11 21:00:00+00:00,19.6435,69.0,3.096837,Thane
2025-02-11 22:00:00+00:00,18.8435,70.0,2.7416782,Thane
2025-02-11 23:00:00+00:00,18.1935,72.0,2.5455842,Thane
2025-02-12 00:00:00+00:00,17.4435,77.0,1.835647,Thane
2025-02-12 01:00:00+00:00,16.9435,80.0,1.8,Thane
2025-02-12 02:00:00+00:00,16.6435,80.0,1.8,Thane
2025-02-12 03:00:00+00:00,18.043499,74.0,1.1384199,Thane
2025-02-12 04:00:00+00:00,22.4435,55.0,1.2979984,Thane
2025-02-12 05:00:00+00:00,26.3435,40.0,3.096837,Thane
2025-02-12 06:00:00+00:00,29.9435,32.0,5.7599998,Thane
2025-02-12 07:00:00+00:00,32.4935,27.0,7.92,Thane
2025-02-12 08:00:00+00:00,34.2435,22.0,9.3669195,Thane
2025-02-12 09:00:00+00:00,35.0935,21.0,9.531505,Thane
2025-02-12 10:00:00+00:00,35.5435,21.0,9.793058,Thane
2025-02-12 11:00:00+00:00,35.2935,22.0,10.636766,Thane
2025-02-12 12:00:00+00:00,34.4935,26.0,10.464797,Thane
2025-02-12 13:00:00+00:00,31.8435,36.0,8.287822,Thane
2025-02-12 14:00:00+00:00,29.3435,44.0,6.193674,Thane
2025-02-12 15:00:00+00:00,27.2435,51.0,5.00128,Thane
2025-02-12 16:00:00+00:00,25.7435,55.0,4.510787,Thane
2025-02-12 17:00:00+00:00,24.6935,56.0,4.1046314,Thane
2025-02-12 18:00:00+00:00,23.4435,61.0,3.319036,Thane
2025-02-12 19:00:00+00:00,22.6935,62.0,3.2399998,Thane
2025-02-12 20:00:00+00:00,21.8935,64.0,3.6179552,Thane
2025-02-12 21:00:00+00:00,21.043499,65.0,3.6179552,Thane
2025-02-12 22:00:00+00:00,20.3435,67.0,3.319036,Thane
2025-02-12 23:00:00+00:00,19.793499,68.0,3.319036,Thane
2025-02-13 00:00:00+00:00,19.043499,73.0,3.0758414,Thane
2025-02-13 01:00:00+00:00,18.793499,72.0,3.0758414,Thane
2025-02-13 02:00:00+00:00,18.5935,73.0,3.219938,Thane
2025-02-13 03:00:00+00:00,19.793499,69.0,2.0991426,Thane
2025-02-13 04:00:00+00:00,23.793499,54.0,2.5455842,Thane
2025-02-13 05:00:00+00:00,27.7435,40.0,4.5820518,Thane
2025-02-13 06:00:00+00:00,31.5935,28.0,6.3690495,Thane
2025-02-13 07:00:00+00:00,34.1435,23.0,5.0911684,Thane
2025-02-13 08:00:00+00:00,35.9935,17.0,4.8965297,Thane
2025-02-13 09:00:00+00:00,36.8935,15.0,6.162207,Thane
2025-02-13 10:00:00+00:00,37.0935,16.0,8.049845,Thane
2025-02-13 11:00:00+00:00,36.7435,20.0,8.217153,Thane
2025-02-13 12:00:00+00:00,34.4935,32.0,8.707237,Thane
2025-02-13 13:00:00+00:00,31.1935,44.0,8.217153,Thane
2025-02-13 14:00:00+00:00,29.1935,47.0,5.00128,Thane
2025-02-13 15:00:00+00:00,27.6935,49.0,3.8939953,Thane
2025-02-13 16:00:00+00:00,26.5935,51.0,2.8116899,Thane
2025-02-13 17:00:00+00:00,26.1435,50.0,2.0991426,Thane
2025-02-13 18:00:00+00:00,25.1435,50.0,1.835647,Thane
2025-02-13 19:00:00+00:00,24.4435,51.0,2.9024127,Thane
2025-02-13 20:00:00+00:00,23.9935,50.0,3.6179552,Thane
2025-02-13 21:00:00+00:00,22.543499,56.0,3.319036,Thane
2025-02-13 22:00:00+00:00,21.9435,59.0,2.9024127,Thane
2025-02-13 23:00:00+00:00,21.5935,61.0,2.9024127,Thane
2025-02-14 00:00:00+00:00,20.6935,65.0,2.5959969,Thane
2025-02-14 01:00:00+00:00,20.4935,66.0,2.3051248,Thane
2025-02-14 02:00:00+00:00,20.3435,66.0,2.5959969,Thane
2025-02-14 03:00:00+00:00,21.4935,62.0,2.0991426,Thane
2025-02-14 04:00:00+00:00,25.3435,48.0,2.3051248,Thane
2025-02-14 05:00:00+00:00,29.3435,35.0,4.5820518,Thane
2025-02-14 06:00:00+00:00,32.9435,28.0,5.495161,Thane
2025-02-14 07:00:00+00:00,35.0435,24.0,5.6920996,Thane
2025-02-14 08:00:00+00:00,36.4935,19.0,7.5685663,Thane
2025-02-14 09:00:00+00:00,37.0935,17.0,8.707238,Thane
2025-02-14 10:00:00+00:00,37.1935,19.0,9.227524,Thane
2025-02-14 11:00:00+00:00,36.3435,25.0,10.739832,Thane
2025-02-14 12:00:00+00:00,34.6935,32.0,10.805998,Thane
2025-02-14 13:00:00+00:00,31.9935,32.0,7.9036193,Thane
2025-02-14 14:00:00+00:00,30.3435,36.0,5.3517847,Thane
2025-02-14 15:00:00+00:00,28.8435,39.0,4.8965297,Thane
2025-02-14 16:00:00+00:00,27.543499,40.0,4.6938257,Thane
2025-02-14 17:00:00+00:00,26.3935,42.0,3.8773184,Thane
2025-02-14 18:00:00+00:00,25.3435,47.0,2.5455842,Thane
2025-02-14 19:00:00+00:00,24.8935,48.0,2.6208394,Thane
2025-02-14 20:00:00+00:00,24.3435,49.0,2.968636,Thane
2025-02-14 21:00:00+00:00,23.6435,51.0,2.968636,Thane
2025-02-14 22:00:00+00:00,23.293499,52.0,2.4149535,Thane
2025-02-14 23:00:00+00:00,22.6935,53.0,2.4149535,Thane
2025-02-15 00:00:00+00:00,20.6935,63.0,1.8,Thane
2025-02-15 01:00:00+00:00,20.1935,65.0,2.0364676,Thane
2025-02-15 02:00:00+00:00,19.5935,68.0,2.0364676,Thane
2025-02-15 03:00:00+00:00,20.9935,64.0,1.5273507,Thane
2025-02-15 04:00:00+00:00,25.4435,51.0,1.5273507,Thane
2025-02-15 05:00:00+00:00,29.4435,36.0,3.0547013,Thane
2025-02-15 06:00:00+00:00,32.6935,29.0,3.7064266,Thane
2025-02-15 07:00:00+00:00,35.3435,23.0,4.1046314,Thane
2025-02-15 08:00:00+00:00,37.2435,16.0,5.8048253,Thane
2025-02-15 09:00:00+00:00,38.2435,12.0,8.12197,Thane
2025-02-15 10:00:00+00:00,38.1935,13.0,10.990322,Thane
2025-02-15 11:00:00+00:00,36.4935,21.0,13.276144,Thane
2025-02-15 12:00:00+00:00,34.2935,30.0,11.019764,Thane
2025-02-15 13:00:00+00:00,32.2435,26.0,7.8954163,Thane
2025-02-15 14:00:00+00:00,30.043499,28.0,5.3517847,Thane
2025-02-15 15:00:00+00:00,28.0935,31.0,4.1046314,Thane
2025-02-15 16:00:00+00:00,26.9435,35.0,2.6208394,Thane
2025-02-15 17:00:00+00:00,25.7435,38.0,2.5455842,Thane
2025-02-15 18:00:00+00:00,24.8435,36.0,1.8,Thane
2025-02-15 19:00:00+00:00,23.5935,40.0,2.16,Thane
2025-02-15 20:00:00+00:00,22.1935,45.0,2.7416782,Thane
2025-02-15 21:00:00+00:00,21.3435,48.0,2.5455842,Thane
2025-02-15 22:00:00+00:00,20.6935,49.0,1.8,Thane
2025-02-15 23:00:00+00:00,19.8435,51.0,1.9386592,Thane
2025-02-16 00:00:00+00:00,18.4935,60.0,2.0991426,Thane
2025-02-16 01:00:00+00:00,17.9435,63.0,2.5455842,Thane
2025-02-16 02:00:00+00:00,17.5935,67.0,2.5959969,Thane
2025-02-16 03:00:00+00:00,19.4935,63.0,1.1384199,Thane
2025-02-16 04:00:00+00:00,24.2435,49.0,1.609969,Thane
2025-02-16 05:00:00+00:00,28.8435,33.0,2.7416782,Thane
2025-02-16 06:00:00+00:00,32.6935,26.0,3.319036,Thane
2025-02-16 07:00:00+00:00,35.5435,20.0,5.506941,Thane
2025-02-16 08:00:00+00:00,36.8935,17.0,8.427383,Thane
2025-02-16 09:00:00+00:00,37.3935,16.0,10.009036,Thane
2025-02-16 10:00:00+00:00,37.0435,17.0,11.304229,Thane
2025-02-16 11:00:00+00:00,35.4435,23.0,12.7279215,Thane
2025-02-16 12:00:00+00:00,34.1935,28.0,10.1887,Thane
2025-02-16 13:00:00+00:00,31.793499,33.0,7.2,Thane
2025-02-16 14:00:00+00:00,29.3435,39.0,4.0249224,Thane
2025-02-16 15:00:00+00:00,27.6935,45.0,2.968636,Thane
2025-02-16 16:00:00+00:00,26.1935,51.0,2.16,Thane
2025-02-16 17:00:00+00:00,24.9935,53.0,1.8,Thane
2025-02-16 18:00:00+00:00,23.7435,52.0,1.0182338,Thane
2025-02-16 19:00:00+00:00,22.3435,57.0,1.2979984,Thane
2025-02-16 20:00:00+00:00,20.9935,62.0,2.0991426,Thane
2025-02-16 21:00:00+00:00,20.043499,64.0,2.5959969,Thane
2025-02-16 22:00:00+00:00,19.1935,65.0,2.9024127,Thane
2025-02-16 23:00:00+00:00,18.3435,66.0,2.5455842,Thane
2025-02-17 00:00:00+00:00,17.5935,68.0,2.3051248,Thane
2025-02-17 01:00:00+00:00,17.3435,69.0,2.0991426,Thane
2025-02-17 02:00:00+00:00,17.1435,70.0,2.0364676,Thane
2025-02-17 03:00:00+00:00,19.043499,64.0,1.0182338,Thane
2025-02-17 04:00:00+00:00,23.8935,46.0,1.5273507,Thane
2025-02-17 05:00:00+00:00,28.5935,28.0,3.319036,Thane
2025-02-17 06:00:00+00:00,32.5935,23.0,4.896529,Thane
2025-02-17 07:00:00+00:00,35.0935,21.0,7.9932976,Thane
2025-02-17 08:00:00+00:00,36.5935,17.0,8.647496,Thane
2025-02-17 09:00:00+00:00,37.3935,15.0,8.4042845,Thane
2025-02-17 10:00:00+00:00,37.6435,16.0,9.178235,Thane
2025-02-17 11:00:00+00:00,36.6435,23.0,11.966954,Thane
2025-02-17 12:00:00+00:00,33.5435,39.0,12.181624,Thane
2025-02-17 13:00:00+00:00,31.1935,40.0,9.504272,Thane
2025-02-17 14:00:00+00:00,29.3435,40.0,5.8048253,Thane
2025-02-17 15:00:00+00:00,27.793499,42.0,4.0249224,Thane
2025-02-17 16:00:00+00:00,26.5935,45.0,2.6208394,Thane
2025-02-17 17:00:00+00:00,25.8435,48.0,2.1897945,Thane
2025-02-17 18:00:00+00:00,25.3435,49.0,1.5273507,Thane
2025-02-17 19:00:00+00:00,24.4435,53.0,2.4149535,Thane
2025-02-17 20:00:00+00:00,23.3935,59.0,3.0758414,Thane
2025-02-17 21:00:00+00:00,22.543499,64.0,3.319036,Thane
2025-02-17 22:00:00+00:00,21.543499,71.0,2.52,Thane
2025-02-17 23:00:00+00:00,20.9435,75.0,2.1897945,Thane
2025-02-18 00:00:00+00:00,19.9935,79.0,2.2768397,Thane
2025-02-18 01:00:00+00:00,19.6435,81.0,2.0991426,Thane
2025-02-18 02:00:00+00:00,19.3935,81.0,2.4149535,Thane
2025-02-18 03:00:00+00:00,20.6935,76.0,1.1384199,Thane
2025-02-18 04:00:00+00:00,24.9935,58.0,1.609969,Thane
2025-02-18 05:00:00+00:00,28.9435,42.0,2.3051248,Thane
2025-02-18 06:00:00+00:00,33.7935,24.0,4.6800003,Thane
2025-02-18 07:00:00+00:00,36.4435,16.0,6.8399997,Thane
2025-02-18 08:00:00+00:00,37.9935,12.0,8.311245,Thane
2025-02-18 09:00:00+00:00,38.5435,13.0,10.587918,Thane
2025-02-18 10:00:00+00:00,37.6435,20.0,13.783817,Thane
2025-02-18 11:00:00+00:00,35.6435,26.0,15.349684,Thane
2025-02-18 12:00:00+00:00,34.5935,27.0,13.237038,Thane
2025-02-18 13:00:00+00:00,32.3435,31.0,10.009036,Thane
2025-02-18 14:00:00+00:00,30.3435,33.0,5.904439,Thane
2025-02-18 15:00:00+00:00,28.5935,35.0,3.563818,Thane
2025-02-18 16:00:00+00:00,27.6435,40.0,1.609969,Thane
2025-02-18 17:00:00+00:00,26.8935,39.0,1.835647,Thane
2025-02-18 18:00:00+00:00,25.7435,45.0,1.8,Thane
2025-02-18 19:00:00+00:00,24.6935,47.0,1.609969,Thane
2025-02-18 20:00:00+00:00,23.4435,53.0,2.2768397,Thane
2025-02-18 21:00:00+00:00,22.2435,59.0,2.968636,Thane
2025-02-18 22:00:00+00:00,21.1435,63.0,2.968636,Thane
2025-02-18 23:00:00+00:00,20.293499,69.0,2.52,Thane
2025-02-19 00:00:00+00:00,19.543499,75.0,1.835647,Thane
2025-02-19 01:00:00+00:00,19.1935,77.0,1.9386592,Thane
2025-02-19 02:00:00+00:00,19.043499,79.0,2.0991426,Thane
2025-02-19 03:00:00+00:00,20.9935,71.0,0.8049845,Thane
2025-02-19 04:00:00+00:00,25.293499,54.0,1.9386592,Thane
2025-02-19 05:00:00+00:00,29.2435,43.0,2.5959969,Thane
2025-02-19 06:00:00+00:00,32.4435,34.0,5.8603754,Thane
2025-02-19 07:00:00+00:00,34.7435,25.0,9.028754,Thane
2025-02-19 08:00:00+00:00,35.9435,21.0,9.826088,Thane
2025-02-19 09:00:00+00:00,36.4935,21.0,10.30883,Thane
2025-02-19 10:00:00+00:00,36.2935,24.0,12.218805,Thane
2025-02-19 11:00:00+00:00,34.7935,31.0,13.979872,Thane
2025-02-19 12:00:00+00:00,33.8435,37.0,11.983188,Thane
2025-02-19 13:00:00+00:00,31.6435,37.0,8.714677,Thane
2025-02-19 14:00:00+00:00,29.9435,38.0,5.1919937,Thane
2025-02-19 15:00:00+00:00,28.4435,40.0,3.7064266,Thane
2025-02-19 16:00:00+00:00,27.3935,42.0,2.7416782,Thane
2025-02-19 17:00:00+00:00,26.3435,46.0,1.9386592,Thane
2025-02-19 18:00:00+00:00,24.8435,51.0,1.609969,Thane
2025-02-19 19:00:00+00:00,23.793499,55.0,2.0991426,Thane
2025-02-19 20:00:00+00:00,22.8935,58.0,2.0991426,Thane
2025-02-19 21:00:00+00:00,22.2435,62.0,2.0364676,Thane
2025-02-19 22:00:00+00:00,21.6435,66.0,2.2768397,Thane
2025-02-19 23:00:00+00:00,20.793499,72.0,2.5455842,Thane
2025-02-20 00:00:00+00:00,19.9935,71.0,2.0991426,Thane
2025-02-20 01:00:00+00:00,19.4435,75.0,2.0991426,Thane
2025-02-20 02:00:00+00:00,18.9435,78.0,2.3051248,Thane
2025-02-20 03:00:00+00:00,20.8435,71.0,1.0182338,Thane
2025-02-20 04:00:00+00:00,25.293499,53.0,2.5959969,Thane
2025-02-20 05:00:00+00:00,29.1935,42.0,3.219938,Thane
2025-02-20 06:00:00+00:00,33.1435,31.0,6.130579,Thane
2025-02-20 07:00:00+00:00,35.4435,23.0,8.825508,Thane
2025-02-20 08:00:00+00:00,36.7435,19.0,9.114471,Thane
2025-02-20 09:00:00+00:00,37.3435,17.0,9.779817,Thane
2025-02-20 10:00:00+00:00,37.4435,19.0,10.464797,Thane
2025-02-20 11:00:00+00:00,36.5435,25.0,12.218805,Thane
2025-02-20 12:00:00+00:00,35.1435,31.0,13.493999,Thane
2025-02-20 13:00:00+00:00,32.5935,35.0,12.031756,Thane
2025-02-20 14:00:00+00:00,30.7435,37.0,8.707237,Thane
2025-02-20 15:00:00+00:00,29.3935,38.0,6.763786,Thane
2025-02-20 16:00:00+00:00,28.043499,40.0,4.6800003,Thane
2025-02-20 17:00:00+00:00,26.9935,45.0,3.2399998,Thane
2025-02-20 18:00:00+00:00,25.5935,49.0,3.671294,Thane
2025-02-20 19:00:00+00:00,25.043499,51.0,3.671294,Thane
2025-02-20 20:00:00+00:00,24.6435,53.0,2.968636,Thane
2025-02-20 21:00:00+00:00,24.1935,55.0,3.096837,Thane
2025-02-20 22:00:00+00:00,23.4935,57.0,3.096837,Thane
2025-02-20 23:00:00+00:00,22.7435,60.0,3.4152596,Thane
2025-02-21 00:00:00+00:00,21.3435,67.0,3.096837,Thane
2025-02-21 01:00:00+00:00,20.9435,69.0,3.096837,Thane
2025-02-21 02:00:00+00:00,20.8435,69.0,2.5959969,Thane
2025-02-21 03:00:00+00:00,22.543499,62.0,1.8,Thane
2025-02-21 04:00:00+00:00,27.043499,45.0,2.5959969,Thane
2025-02-21 05:00:00+00:00,30.9935,32.0,4.8433046,Thane
2025-02-21 06:00:00+00:00,34.4935,23.0,5.634891,Thane
2025-02-21 07:00:00+00:00,36.6435,19.0,6.924738,Thane
2025-02-21 08:00:00+00:00,37.8435,17.0,7.2,Thane
2025-02-21 09:00:00+00:00,38.4935,15.0,7.968939,Thane
2025-02-21 10:00:00+00:00,38.5935,16.0,9.504272,Thane
2025-02-21 11:00:00+00:00,37.7935,20.0,12.096214,Thane
2025-02-21 12:00:00+00:00,36.3435,26.0,12.387348,Thane
2025-02-21 13:00:00+00:00,34.0435,29.0,11.525623,Thane
2025-02-21 14:00:00+00:00,32.0435,32.0,8.707237,Thane
2025-02-21 15:00:00+00:00,30.4935,34.0,6.6185193,Thane
2025-02-21 16:00:00+00:00,28.7435,38.0,5.0911684,Thane
2025-02-21 17:00:00+00:00,27.3935,41.0,4.6938252,Thane
2025-02-21 18:00:00+00:00,26.6935,40.0,4.379589,Thane
2025-02-21 19:00:00+00:00,25.9435,41.0,4.3349743,Thane
2025-02-21 20:00:00+00:00,25.3435,41.0,3.9763298,Thane
2025-02-21 21:00:00+00:00,24.4935,43.0,3.671294,Thane
2025-02-21 22:00:00+00:00,23.8435,45.0,3.4152596,Thane
2025-02-21 23:00:00+00:00,23.0935,48.0,3.671294,Thane
2025-02-22 00:00:00+00:00,21.293499,58.0,3.0758414,Thane
2025-02-22 01:00:00+00:00,21.0935,58.0,2.7416782,Thane
2025-02-22 02:00:00+00:00,20.9935,59.0,2.9024127,Thane
2025-02-22 03:00:00+00:00,22.6435,54.0,1.609969,Thane
2025-02-22 04:00:00+00:00,27.293499,39.0,2.0991426,Thane
2025-02-22 05:00:00+00:00,31.2435,29.0,4.39436,Thane
2025-02-22 06:00:00+00:00,34.6935,22.0,3.8268526,Thane
2025-02-22 07:00:00+00:00,36.8435,17.0,5.2416787,Thane
2025-02-22 08:00:00+00:00,38.2935,14.0,7.92,Thane
2025-02-22 09:00:00+00:00,39.0435,13.0,9.726665,Thane
2025-02-22 10:00:00+00:00,38.9935,14.0,10.390226,Thane
2025-02-22 11:00:00+00:00,38.7435,14.0,10.464797,Thane
2025-02-22 12:00:00+00:00,37.6935,19.0,9.585739,Thane
2025-02-22 13:00:00+00:00,34.9435,25.0,9.085988,Thane
2025-02-22 14:00:00+00:00,32.4435,29.0,6.4096174,Thane
2025-02-22 15:00:00+00:00,30.6935,32.0,5.0142193,Thane
2025-02-22 16:00:00+00:00,29.1435,35.0,3.4152596,Thane
2025-02-22 17:00:00+00:00,28.8435,35.0,0.8049845,Thane
2025-02-22 18:00:00+00:00,27.4435,43.0,0.8049845,Thane
2025-02-22 19:00:00+00:00,26.293499,46.0,1.1384199,Thane
2025-02-22 20:00:00+00:00,25.1435,50.0,1.484318,Thane
2025-02-22 21:00:00+00:00,24.0935,53.0,2.5455842,Thane
2025-02-22 22:00:00+00:00,23.2435,55.0,2.6208394,Thane
2025-02-22 23:00:00+00:00,22.3935,59.0,3.4152596,Thane
2025-02-23 00:00:00+00:00,20.4935,72.0,2.0991426,Thane
2025-02-23 01:00:00+00:00,19.9435,75.0,2.3051248,Thane
2025-02-23 02:00:00+00:00,19.6935,76.0,2.5959969,Thane
2025-02-23 03:00:00+00:00,21.9935,67.0,1.609969,Thane
2025-02-23 04:00:00+00:00,27.3435,45.0,2.0364676,Thane
2025-02-23 05:00:00+00:00,31.4435,29.0,4.39436,Thane
2025-02-23 06:00:00+00:00,35.0935,21.0,4.5820518,Thane
2025-02-23 07:00:00+00:00,37.3935,17.0,3.8268526,Thane
2025-02-23 08:00:00+00:00,38.4935,15.0,4.32,Thane
2025-02-23 09:00:00+00:00,39.2435,14.0,8.714677,Thane
2025-02-23 10:00:00+00:00,38.6435,17.0,12.783802,Thane
2025-02-23 11:00:00+00:00,36.5935,22.0,14.799459,Thane
2025-02-23 12:00:00+00:00,35.0935,24.0,11.165805,Thane
2025-02-23 13:00:00+00:00,33.2435,27.0,7.289445,Thane
2025-02-23 14:00:00+00:00,30.9435,34.0,4.3498964,Thane
2025-02-23 15:00:00+00:00,29.1435,39.0,3.7064266,Thane
2025-02-23 16:00:00+00:00,28.1935,42.0,2.7416782,Thane
2025-02-23 17:00:00+00:00,27.4935,42.0,1.5273507,Thane
2025-02-23 18:00:00+00:00,26.8435,43.0,2.1897945,Thane
2025-02-23 19:00:00+00:00,25.543499,47.0,3.671294,Thane
2025-02-23 20:00:00+00:00,24.7435,49.0,3.4152596,Thane
2025-02-23 21:00:00+00:00,23.9435,53.0,2.9024127,Thane
2025-02-23 22:00:00+00:00,23.1935,57.0,2.5455842,Thane
2025-02-23 23:00:00+00:00,22.4935,60.0,2.8116899,Thane
2025-02-24 00:00:00+00:00,21.543499,65.0,3.0547013,Thane
2025-02-24 01:00:00+00:00,21.0935,69.0,2.8116899,Thane
2025-02-24 02:00:00+00:00,20.8435,70.0,3.096837,Thane
2025-02-24 03:00:00+00:00,22.7435,62.0,1.9386592,Thane
2025-02-24 04:00:00+00:00,27.4435,43.0,2.5455842,Thane
2025-02-24 05:00:00+00:00,31.543499,29.0,4.6102495,Thane
2025-02-24 06:00:00+00:00,35.4935,18.0,6.3690495,Thane
2025-02-24 07:00:00+00:00,37.2935,15.0,6.28713,Thane
2025-02-24 08:00:00+00:00,38.3935,14.0,4.0249224,Thane
2025-02-24 09:00:00+00:00,38.8435,12.0,2.4149535,Thane
2025-02-24 10:00:00+00:00,39.0435,13.0,7.289445,Thane
2025-02-24 11:00:00+00:00,37.7935,18.0,10.931203,Thane
2025-02-24 12:00:00+00:00,36.2435,23.0,11.165805,Thane
2025-02-24 13:00:00+00:00,33.8935,26.0,8.39657,Thane
2025-02-24 14:00:00+00:00,31.9435,28.0,5.6233797,Thane
2025-02-24 15:00:00+00:00,30.293499,32.0,4.8965297,Thane
2025-02-24 16:00:00+00:00,28.9935,35.0,4.3498964,Thane
2025-02-24 17:00:00+00:00,28.4935,37.0,2.2768397,Thane
2025-02-24 18:00:00+00:00,27.2435,42.0,2.52,Thane
2025-02-24 19:00:00+00:00,26.1935,43.0,3.6179552,Thane
2025-02-24 20:00:00+00:00,24.9935,45.0,3.671294,Thane
2025-02-24 21:00:00+00:00,24.2435,47.0,3.219938,Thane
2025-02-24 22:00:00+00:00,23.8935,47.0,2.8116899,Thane
2025-02-24 23:00:00+00:00,23.1935,50.0,3.396233,Thane
2025-02-25 00:00:00+00:00,20.8935,66.0,3.0547013,Thane
2025-02-25 01:00:00+00:00,20.3435,69.0,2.8116899,Thane
2025-02-25 02:00:00+00:00,20.1435,71.0,2.5455842,Thane
2025-02-25 03:00:00+00:00,22.4435,64.0,1.5273507,Thane
2025-02-25 04:00:00+00:00,27.7435,44.0,2.8116899,Thane
2025-02-25 05:00:00+00:00,31.9435,28.0,6.297428,Thane
2025-02-25 06:00:00+00:00,35.3935,21.0,6.0347,Thane
2025-02-25 07:00:00+00:00,37.2435,20.0,6.638072,Thane
2025-02-25 08:00:00+00:00,38.4435,19.0,4.0249224,Thane
2025-02-25 09:00:00+00:00,39.1935,17.0,0.35999998,Thane
2025-02-25 10:00:00+00:00,39.0935,18.0,8.534353,Thane
2025-02-25 11:00:00+00:00,36.9435,23.0,13.797913,Thane
2025-02-25 12:00:00+00:00,35.1935,24.0,10.829959,Thane
2025-02-25 13:00:00+00:00,33.3435,25.0,7.10031,Thane
2025-02-25 14:00:00+00:00,31.2435,31.0,4.379589,Thane
2025-02-25 15:00:00+00:00,29.543499,36.0,2.8799999,Thane
2025-02-25 16:00:00+00:00,28.1435,43.0,2.3051248,Thane
2025-02-25 17:00:00+00:00,26.6935,48.0,3.0547013,Thane
2025-02-25 18:00:00+00:00,24.7435,56.0,3.0547013,Thane
2025-02-25 19:00:00+00:00,23.8435,63.0,1.8,Thane
2025-02-25 20:00:00+00:00,23.043499,65.0,0.35999998,Thane
2025-02-25 21:00:00+00:00,22.4435,67.0,1.1384199,Thane
2025-02-25 22:00:00+00:00,21.8435,68.0,1.5273507,Thane
2025-02-25 23:00:00+00:00,21.4435,69.0,1.8,Thane
2025-02-26 00:00:00+00:00,20.8935,70.0,1.8,Thane
2025-02-26 01:00:00+00:00,20.4935,72.0,1.5273507,Thane
2025-02-26 02:00:00+00:00,20.1935,74.0,2.0991426,Thane
2025-02-26 03:00:00+00:00,22.6935,64.0,1.1384199,Thane
2025-02-26 04:00:00+00:00,27.543499,42.0,2.3051248,Thane
2025-02-26 05:00:00+00:00,31.6935,31.0,3.0758414,Thane
2025-02-26 06:00:00+00:00,35.6935,22.0,4.198285,Thane
2025-02-26 07:00:00+00:00,37.8435,19.0,4.1046314,Thane
2025-02-26 08:00:00+00:00,38.9435,18.0,4.896529,Thane
2025-02-26 09:00:00+00:00,39.5435,16.0,3.319036,Thane
2025-02-26 10:00:00+00:00,39.5435,17.0,7.2,Thane
2025-02-26 11:00:00+00:00,37.5435,23.0,12.641076,Thane
2025-02-26 12:00:00+00:00,35.7935,27.0,10.853866,Thane
2025-02-26 13:00:00+00:00,33.3935,30.0,8.39657,Thane
2025-02-26 14:00:00+00:00,31.293499,36.0,5.495161,Thane
2025-02-26 15:00:00+00:00,29.793499,42.0,3.096837,Thane
2025-02-26 16:00:00+00:00,27.9935,49.0,3.0758414,Thane
2025-02-26 17:00:00+00:00,26.7435,56.0,2.4149535,Thane
2025-02-26 18:00:00+00:00,25.3435,62.0,2.3051248,Thane
2025-02-26 19:00:00+00:00,24.6435,66.0,1.5273507,Thane
2025-02-26 20:00:00+00:00,24.0935,68.0,0.5091169,Thane
2025-02-26 21:00:00+00:00,23.6935,69.0,1.1384199,Thane
2025-02-26 22:00:00+00:00,23.043499,71.0,1.8,Thane
2025-02-26 23:00:00+00:00,22.3935,73.0,1.9386592,Thane
2025-02-27 00:00:00+00:00,21.7435,73.0,2.3051248,Thane
2025-02-27 01:00:00+00:00,21.293499,75.0,2.3051248,Thane
2025-02-27 02:00:00+00:00,21.2435,74.0,2.3051248,Thane
2025-02-27 03:00:00+00:00,23.7435,63.0,1.0182338,Thane
2025-02-27 04:00:00+00:00,28.4435,41.0,2.6208394,Thane
2025-02-27 05:00:00+00:00,32.6935,30.0,3.2599385,Thane
2025-02-27 06:00:00+00:00,36.2435,25.0,5.3517847,Thane
2025-02-27 07:00:00+00:00,37.9935,23.0,6.2145634,Thane
2025-02-27 08:00:00+00:00,39.0435,20.0,4.452954,Thane
2025-02-27 09:00:00+00:00,39.5935,20.0,7.172949,Thane
2025-02-27 10:00:00+00:00,38.3935,23.0,15.546833,Thane
2025-02-27 11:00:00+00:00,36.4435,24.0,15.496736,Thane
2025-02-27 12:00:00+00:00,35.2935,29.0,11.525623,Thane
2025-02-27 13:00:00+00:00,33.1935,34.0,9.0645685,Thane
2025-02-27 14:00:00+00:00,31.1935,38.0,3.7064266,Thane
2025-02-27 15:00:00+00:00,29.5935,45.0,2.1897945,Thane
2025-02-27 16:00:00+00:00,28.4935,51.0,1.9386592,Thane
2025-02-27 17:00:00+00:00,27.4935,55.0,2.0991426,Thane
2025-02-27 18:00:00+00:00,26.8935,56.0,1.484318,Thane
2025-02-27 19:00:00+00:00,26.2435,59.0,0.8049845,Thane
2025-02-27 20:00:00+00:00,25.8935,60.0,1.2979984,Thane
2025-02-27 21:00:00+00:00,25.6435,61.0,0.35999998,Thane
2025-02-27 22:00:00+00:00,25.3935,61.0,0.8049845,Thane
2025-02-27 23:00:00+00:00,25.1435,62.0,2.0991426,Thane
2025-02-28 00:00:00+00:00,24.3935,62.0,2.1897945,Thane
2025-02-28 01:00:00+00:00,23.6935,64.0,2.2768397,Thane
2025-02-28 02:00:00+00:00,23.1435,66.0,2.4149535,Thane
2025-02-28 03:00:00+00:00,24.9935,59.0,0.8049845,Thane
2025-02-28 04:00:00+00:00,28.543499,47.0,2.16,Thane
2025-02-28 05:00:00+00:00,31.9935,37.0,2.9024127,Thane
2025-02-28 06:00:00+00:00,34.7935,27.0,6.489992,Thane
2025-02-28 07:00:00+00:00,36.9935,22.0,8.825508,Thane
2025-02-28 08:00:00+00:00,38.1935,21.0,10.144082,Thane
2025-02-28 09:00:00+00:00,38.5435,22.0,11.200571,Thane
2025-02-28 10:00:00+00:00,38.1935,23.0,12.287555,Thane
2025-02-28 11:00:00+00:00,37.2935,26.0,13.70839,Thane
2025-02-28 12:00:00+00:00,35.8435,32.0,11.4862,Thane
2025-02-28 13:00:00+00:00,33.7435,37.0,9.178235,Thane
2025-02-28 14:00:00+00:00,31.793499,42.0,5.991594,Thane
2025-02-28 15:00:00+00:00,30.4435,45.0,4.198285,Thane
2025-02-28 16:00:00+00:00,29.293499,48.0,2.7416782,Thane
2025-02-28 17:00:00+00:00,28.4935,51.0,2.3051248,Thane
2025-02-28 18:00:00+00:00,28.293499,47.0,2.1897945,Thane
2025-02-28 19:00:00+00:00,27.3935,49.0,3.0758414,Thane
2025-02-28 20:00:00+00:00,25.793499,52.0,3.7064266,Thane
2025-02-28 21:00:00+00:00,24.9935,54.0,3.7064266,Thane
2025-02-28 22:00:00+00:00,24.8435,53.0,2.7416782,Thane
2025-02-28 23:00:00+00:00,24.5935,55.0,2.2768397,Thane
2025-03-01 00:00:00+00:00,23.0935,64.0,2.4149535,Thane
2025-03-01 01:00:00+00:00,22.3935,68.0,2.1897945,Thane
2025-03-01 02:00:00+00:00,22.0935,70.0,2.16,Thane
2025-03-01 03:00:00+00:00,24.5935,60.0,1.08,Thane
2025-03-01 04:00:00+00:00,28.4435,41.0,1.609969,Thane
2025-03-01 05:00:00+00:00,31.8935,31.0,2.1897945,Thane
2025-03-01 06:00:00+00:00,34.1935,29.0,3.6179552,Thane
2025-03-01 07:00:00+00:00,36.4435,25.0,4.39436,Thane
2025-03-01 08:00:00+00:00,37.8435,23.0,6.9153743,Thane
2025-03-01 09:00:00+00:00,38.1935,24.0,11.113451,Thane
2025-03-01 10:00:00+00:00,36.7935,31.0,14.24163,Thane
2025-03-01 11:00:00+00:00,35.2935,33.0,15.077082,Thane
2025-03-01 12:00:00+00:00,34.7435,32.0,12.819235,Thane
2025-03-01 13:00:00+00:00,32.9435,34.0,9.178235,Thane
2025-03-01 14:00:00+00:00,31.1435,38.0,5.692099,Thane
2025-03-01 15:00:00+00:00,29.5935,42.0,4.510787,Thane
2025-03-01 16:00:00+00:00,28.3435,44.0,3.8773184,Thane
2025-03-01 17:00:00+00:00,27.4435,47.0,3.0758414,Thane
2025-03-01 18:00:00+00:00,26.4435,50.0,3.319036,Thane
2025-03-01 19:00:00+00:00,25.5935,54.0,2.968636,Thane
2025-03-01 20:00:00+00:00,24.6935,58.0,3.2599385,Thane
2025-03-01 21:00:00+00:00,23.8435,63.0,2.968636,Thane
2025-03-01 22:00:00+00:00,23.1435,67.0,2.6208394,Thane
2025-03-01 23:00:00+00:00,22.4435,71.0,2.9024127,Thane
2025-03-02 00:00:00+00:00,22.543499,72.0,2.52,Thane
2025-03-02 01:00:00+00:00,22.293499,74.0,2.1897945,Thane
2025-03-02 02:00:00+00:00,22.543499,74.0,2.16,Thane
2025-03-02 03:00:00+00:00,24.3935,67.0,1.1384199,Thane
2025-03-02 04:00:00+00:00,27.8935,53.0,1.1384199,Thane
2025-03-02 05:00:00+00:00,31.293499,41.0,3.9763298,Thane
2025-03-02 06:00:00+00:00,34.7435,26.0,6.130579,Thane
2025-03-02 07:00:00+00:00,36.7935,19.0,8.647496,Thane
2025-03-02 08:00:00+00:00,38.0935,17.0,10.308831,Thane
2025-03-02 09:00:00+00:00,38.6935,17.0,11.631956,Thane
2025-03-02 10:00:00+00:00,38.6935,18.0,12.413477,Thane
2025-03-02 11:00:00+00:00,37.8935,20.0,13.479583,Thane
2025-03-02 12:00:00+00:00,36.3935,26.0,10.97262,Thane
2025-03-02 13:00:00+00:00,33.8435,32.0,9.220499,Thane
2025-03-02 14:00:00+00:00,31.3435,39.0,7.386582,Thane
2025-03-02 15:00:00+00:00,29.8435,41.0,5.6233797,Thane
2025-03-02 16:00:00+00:00,28.4935,43.0,3.6,Thane
2025-03-02 17:00:00+00:00,27.793499,45.0,2.5959969,Thane
2025-03-02 18:00:00+00:00,27.293499,46.0,2.3051248,Thane
2025-03-02 19:00:00+00:00,26.4435,48.0,2.8116899,Thane
2025-03-02 20:00:00+00:00,25.3435,52.0,3.096837,Thane
2025-03-02 21:00:00+00:00,24.543499,54.0,2.5959969,Thane
2025-03-02 22:00:00+00:00,23.9935,56.0,1.609969,Thane
2025-03-02 23:00:00+00:00,23.1935,59.0,1.835647,Thane
2025-03-03 00:00:00+00:00,22.2435,62.0,2.2768397,Thane
2025-03-03 01:00:00+00:00,21.7435,66.0,2.3051248,Thane
2025-03-03 02:00:00+00:00,21.543499,67.0,2.3051248,Thane
2025-03-03 03:00:00+00:00,23.2435,62.0,1.2979984,Thane
2025-03-03 04:00:00+00:00,27.0935,47.0,2.9024127,Thane
2025-03-03 05:00:00+00:00,30.6935,37.0,3.7585104,Thane
2025-03-03 06:00:00+00:00,34.1435,28.0,4.3349743,Thane
2025-03-03 07:00:00+00:00,36.4435,22.0,7.9932976,Thane
2025-03-03 08:00:00+00:00,37.9435,20.0,10.365251,Thane
2025-03-03 09:00:00+00:00,38.4435,21.0,12.413477,Thane
2025-03-03 10:00:00+00:00,38.1935,23.0,13.392774,Thane
2025-03-03 11:00:00+00:00,37.2435,24.0,13.684735,Thane
2025-03-03 12:00:00+00:00,36.1935,25.0,11.384198,Thane
2025-03-03 13:00:00+00:00,34.1935,28.0,9.19939,Thane
2025-03-03 14:00:00+00:00,32.2435,33.0,5.495161,Thane
2025-03-03 15:00:00+00:00,30.6435,37.0,3.7064266,Thane
2025-03-03 16:00:00+00:00,29.3435,41.0,3.7064266,Thane
2025-03-03 17:00:00+00:00,28.2435,46.0,3.8773184,Thane
2025-03-03 18:00:00+00:00,27.2435,49.0,3.7585104,Thane
2025-03-03 19:00:00+00:00,26.4935,53.0,3.671294,Thane
2025-03-03 20:00:00+00:00,25.9435,54.0,3.6179552,Thane
2025-03-03 21:00:00+00:00,25.6435,54.0,3.2399998,Thane
2025-03-03 22:00:00+00:00,25.4435,54.0,2.9024127,Thane
2025-03-03 23:00:00+00:00,24.8935,55.0,2.968636,Thane
2025-03-04 00:00:00+00:00,23.6935,65.0,2.4149535,Thane
2025-03-04 01:00:00+00:00,23.293499,66.0,2.7416782,Thane
2025-03-04 02:00:00+00:00,22.8935,68.0,2.7416782,Thane
2025-03-04 03:00:00+00:00,24.043499,64.0,2.4149535,Thane
2025-03-04 04:00:00+00:00,26.9935,53.0,2.7416782,Thane
2025-03-04 05:00:00+00:00,29.9935,41.0,6.2145634,Thane
2025-03-04 06:00:00+00:00,33.7435,28.0,11.252519,Thane
2025-03-04 07:00:00+00:00,35.0935,25.0,12.074766,Thane
2025-03-04 08:00:00+00:00,36.5435,23.0,11.720751,Thane
2025-03-04 09:00:00+00:00,37.6935,19.0,11.212135,Thane
2025-03-04 10:00:00+00:00,38.2435,17.0,12.324414,Thane
2025-03-04 11:00:00+00:00,37.6435,18.0,13.556282,Thane
2025-03-04 12:00:00+00:00,35.5935,27.0,13.661038,Thane
2025-03-04 13:00:00+00:00,32.8935,37.0,13.237039,Thane
2025-03-04 14:00:00+00:00,30.5935,43.0,9.83268,Thane
2025-03-04 15:00:00+00:00,29.293499,45.0,7.172949,Thane
2025-03-04 16:00:00+00:00,28.2435,46.0,5.0911684,Thane
2025-03-04 17:00:00+00:00,27.1435,48.0,4.6938252,Thane
2025-03-04 18:00:00+00:00,26.7435,44.0,5.0911684,Thane
2025-03-04 19:00:00+00:00,26.1435,43.0,5.4477882,Thane
2025-03-04 20:00:00+00:00,25.6435,44.0,5.4119864,Thane
2025-03-04 21:00:00+00:00,25.2435,45.0,4.6938252,Thane
2025-03-04 22:00:00+00:00,24.6935,47.0,4.0249224,Thane
2025-03-04 23:00:00+00:00,24.1435,49.0,3.671294,Thane
2025-03-05 00:00:00+00:00,23.0935,54.0,4.0249224,Thane
2025-03-05 01:00:00+00:00,22.4935,56.0,4.0249224,Thane
2025-03-05 02:00:00+00:00,22.293499,56.0,3.671294,Thane
2025-03-05 03:00:00+00:00,24.293499,51.0,3.4152596,Thane
2025-03-05 04:00:00+00:00,27.7435,39.0,4.6102495,Thane
2025-03-05 05:00:00+00:00,31.1435,31.0,7.145796,Thane
2025-03-05 06:00:00+00:00,34.8935,21.0,7.6367526,Thane
2025-03-05 07:00:00+00:00,36.8435,18.0,6.638072,Thane
2025-03-05 08:00:00+00:00,38.2935,15.0,6.151683,Thane
2025-03-05 09:00:00+00:00,39.0435,13.0,6.9899354,Thane
2025-03-05 10:00:00+00:00,39.3435,13.0,8.587338,Thane
2025-03-05 11:00:00+00:00,38.7435,15.0,10.195057,Thane
2025-03-05 12:00:00+00:00,37.6935,18.0,9.673221,Thane
2025-03-05 13:00:00+00:00,34.4935,28.0,10.739832,Thane
2025-03-05 14:00:00+00:00,32.5435,21.0,9.83268,Thane
2025-03-05 15:00:00+00:00,30.6435,19.0,7.968939,Thane
2025-03-05 16:00:00+00:00,29.293499,19.0,4.5536795,Thane
2025-03-05 17:00:00+00:00,28.043499,23.0,3.2599385,Thane
2025-03-05 18:00:00+00:00,25.6935,29.0,4.3349743,Thane
2025-03-05 19:00:00+00:00,24.6935,33.0,4.1046314,Thane
2025-03-05 20:00:00+00:00,23.9435,37.0,4.1046314,Thane
2025-03-05 21:00:00+00:00,23.3935,38.0,4.1046314,Thane
2025-03-05 22:00:00+00:00,22.8435,39.0,3.8773184,Thane
2025-03-05 23:00:00+00:00,22.4435,40.0,3.5455887,Thane
2025-03-06 00:00:00+00:00,20.543499,49.0,3.396233,Thane
2025-03-06 01:00:00+00:00,20.043499,50.0,3.096837,Thane
2025-03-06 02:00:00+00:00,19.543499,53.0,2.9024127,Thane
2025-03-06 03:00:00+00:00,21.3935,49.0,1.8,Thane
2025-03-06 04:00:00+00:00,26.293499,33.0,2.5455842,Thane
2025-03-06 05:00:00+00:00,30.0935,19.0,5.1919937,Thane
2025-03-06 06:00:00+00:00,34.2935,13.0,2.968636,Thane
2025-03-06 07:00:00+00:00,36.6435,11.0,0.8049845,Thane
2025-03-06 08:00:00+00:00,38.4935,9.0,4.39436,Thane
2025-03-06 09:00:00+00:00,39.4935,9.0,8.78872,Thane
2025-03-06 10:00:00+00:00,38.4935,13.0,11.753877,Thane
2025-03-06 11:00:00+00:00,36.6435,17.0,12.245293,Thane
2025-03-06 12:00:00+00:00,34.5435,23.0,9.983106,Thane
2025-03-06 13:00:00+00:00,32.2435,27.0,6.6087217,Thane
2025-03-06 14:00:00+00:00,29.9935,33.0,2.968636,Thane
2025-03-06 15:00:00+00:00,28.5935,39.0,2.2768397,Thane
2025-03-06 16:00:00+00:00,27.2435,42.0,1.8,Thane
2025-03-06 17:00:00+00:00,26.0935,45.0,1.609969,Thane
2025-03-06 18:00:00+00:00,25.2435,45.0,1.2979984,Thane
2025-03-06 19:00:00+00:00,24.6435,45.0,1.1384199,Thane
2025-03-06 20:00:00+00:00,23.9435,46.0,1.2979984,Thane
2025-03-06 21:00:00+00:00,23.1935,49.0,1.8,Thane
2025-03-06 22:00:00+00:00,22.3435,52.0,1.8,Thane
2025-03-06 23:00:00+00:00,21.5935,55.0,2.3051248,Thane
2025-03-07 00:00:00+00:00,20.6435,62.0,2.0991426,Thane
2025-03-07 01:00:00+00:00,20.293499,63.0,2.3051248,Thane
2025-03-07 02:00:00+00:00,20.043499,65.0,2.0991426,Thane
2025-03-07 03:00:00+00:00,21.8935,58.0,1.5273507,Thane
2025-03-07 04:00:00+00:00,26.5935,38.0,3.219938,Thane
2025-03-07 05:00:00+00:00,30.7435,25.0,4.39436,Thane
2025-03-07 06:00:00+00:00,35.2935,15.0,5.6233797,Thane
2025-03-07 07:00:00+00:00,37.4935,12.0,5.0911684,Thane
2025-03-07 08:00:00+00:00,38.8935,10.0,4.1046314,Thane
2025-03-07 09:00:00+00:00,39.5435,10.0,4.6938252,Thane
2025-03-07 10:00:00+00:00,39.7935,10.0,6.9247384,Thane
2025-03-07 11:00:00+00:00,39.2435,13.0,8.4963045,Thane
2025-03-07 12:00:00+00:00,36.0935,24.0,12.303366,Thane
2025-03-07 13:00:00+00:00,33.3435,25.0,8.0899935,Thane
2025-03-07 14:00:00+00:00,31.3435,27.0,5.6233797,Thane
2025-03-07 15:00:00+00:00,29.6935,30.0,4.1046314,Thane
2025-03-07 16:00:00+00:00,28.6435,35.0,1.8,Thane
2025-03-07 17:00:00+00:00,27.8935,35.0,1.484318,Thane
2025-03-07 18:00:00+00:00,26.2435,40.0,1.4399999,Thane
2025-03-07 19:00:00+00:00,24.6435,45.0,0.35999998,Thane
2025-03-07 20:00:00+00:00,23.4935,48.0,0.0,Thane
2025-03-07 21:00:00+00:00,22.3935,52.0,0.8049845,Thane
2025-03-07 22:00:00+00:00,21.4435,55.0,0.71999997,Thane
2025-03-07 23:00:00+00:00,20.7435,57.0,1.08,Thane
2025-02-04 00:00:00+00:00,13.072,86.0,4.73506,Ghaziabad
2025-02-04 01:00:00+00:00,13.222,83.0,4.802999,Ghaziabad
2025-02-04 02:00:00+00:00,13.322,84.0,2.1897945,Ghaziabad
2025-02-04 03:00:00+00:00,14.122,82.0,1.08,Ghaziabad
2025-02-04 04:00:00+00:00,15.272,85.0,2.1897945,Ghaziabad
2025-02-04 05:00:00+00:00,16.372002,75.0,2.8116899,Ghaziabad
2025-02-04 06:00:00+00:00,19.972,52.0,2.0991426,Ghaziabad
2025-02-04 07:00:00+00:00,21.322,52.0,3.671294,Ghaziabad
2025-02-04 08:00:00+00:00,21.322,53.0,2.0364676,Ghaziabad
2025-02-04 09:00:00+00:00,21.322,57.0,3.2599385,Ghaziabad
2025-02-04 10:00:00+00:00,21.072,63.0,4.73506,Ghaziabad
2025-02-04 11:00:00+00:00,21.022001,66.0,3.0547013,Ghaziabad
2025-02-04 12:00:00+00:00,20.972,64.0,3.6179552,Ghaziabad
2025-02-04 13:00:00+00:00,19.522001,72.0,3.4152596,Ghaziabad
2025-02-04 14:00:00+00:00,18.472,76.0,3.9763298,Ghaziabad
2025-02-04 15:00:00+00:00,17.422,80.0,4.5536795,Ghaziabad
2025-02-04 16:00:00+00:00,16.822,83.0,4.6800003,Ghaziabad
2025-02-04 17:00:00+00:00,16.372002,85.0,4.2136917,Ghaziabad
2025-02-04 18:00:00+00:00,15.472,86.0,4.39436,Ghaziabad
2025-02-04 19:00:00+00:00,15.072,87.0,5.3517847,Ghaziabad
2025-02-04 20:00:00+00:00,14.772,89.0,8.435069,Ghaziabad
2025-02-04 21:00:00+00:00,14.272,93.0,8.587338,Ghaziabad
2025-02-04 22:00:00+00:00,14.122,90.0,8.534353,Ghaziabad
2025-02-04 23:00:00+00:00,13.772,88.0,6.989936,Ghaziabad
2025-02-05 00:00:00+00:00,13.322,90.0,6.9153743,Ghaziabad
2025-02-05 01:00:00+00:00,12.872,90.0,6.989936,Ghaziabad
2025-02-05 02:00:00+00:00,12.272,90.0,6.9153743,Ghaziabad
2025-02-05 03:00:00+00:00,13.372,84.0,7.42159,Ghaziabad
2025-02-05 04:00:00+00:00,15.822,73.0,9.021574,Ghaziabad
2025-02-05 05:00:00+00:00,18.122002,63.0,10.990322,Ghaziabad
2025-02-05 06:00:00+00:00,19.472,53.0,9.904906,Ghaziabad
2025-02-05 07:00:00+00:00,20.872002,43.0,12.245293,Ghaziabad
2025-02-05 08:00:00+00:00,21.672,38.0,13.363711,Ghaziabad
2025-02-05 09:00:00+00:00,22.022001,36.0,13.70839,Ghaziabad
2025-02-05 10:00:00+00:00,21.872002,33.0,13.891522,Ghaziabad
2025-02-05 11:00:00+00:00,21.172,34.0,13.479583,Ghaziabad
2025-02-05 12:00:00+00:00,20.122002,40.0,8.373386,Ghaziabad
2025-02-05 13:00:00+00:00,17.622002,52.0,5.4833565,Ghaziabad
2025-02-05 14:00:00+00:00,16.172,59.0,4.829907,Ghaziabad
2025-02-05 15:00:00+00:00,14.972,65.0,4.829907,Ghaziabad
2025-02-05 16:00:00+00:00,14.022,70.0,5.00128,Ghaziabad
2025-02-05 17:00:00+00:00,13.172,73.0,4.8965297,Ghaziabad
2025-02-05 18:00:00+00:00,12.472,78.0,6.193674,Ghaziabad
2025-02-05 19:00:00+00:00,12.172,77.0,6.8777895,Ghaziabad
2025-02-05 20:00:00+00:00,11.772,78.0,7.928177,Ghaziabad
2025-02-05 21:00:00+00:00,11.472,78.0,9.585739,Ghaziabad
2025-02-05 22:00:00+00:00,11.122,80.0,10.00256,Ghaziabad
2025-02-05 23:00:00+00:00,10.772,82.0,9.826088,Ghaziabad
2025-02-06 00:00:00+00:00,10.672,88.0,8.534353,Ghaziabad
2025-02-06 01:00:00+00:00,10.372,86.0,8.217153,Ghaziabad
2025-02-06 02:00:00+00:00,10.272,86.0,7.9036193,Ghaziabad
2025-02-06 03:00:00+00:00,11.872,79.0,8.4963045,Ghaziabad
2025-02-06 04:00:00+00:00,15.122,67.0,10.233123,Ghaziabad
2025-02-06 05:00:00+00:00,17.872002,58.0,11.212135,Ghaziabad
2025-02-06 06:00:00+00:00,20.172,45.0,14.529915,Ghaziabad
2025-02-06 07:00:00+00:00,20.972,38.0,15.7908325,Ghaziabad
2025-02-06 08:00:00+00:00,21.472,36.0,15.856354,Ghaziabad
2025-02-06 09:00:00+00:00,21.572,35.0,16.135872,Ghaziabad
2025-02-06 10:00:00+00:00,21.222,36.0,15.349684,Ghaziabad
2025-02-06 11:00:00+00:00,20.322,38.0,13.830749,Ghaziabad
2025-02-06 12:00:00+00:00,20.222,36.0,10.97262,Ghaziabad
2025-02-06 13:00:00+00:00,17.672,46.0,7.2,Ghaziabad
2025-02-06 14:00:00+00:00,15.822,54.0,6.989936,Ghaziabad
2025-02-06 15:00:00+00:00,14.672,58.0,7.289444,Ghaziabad
2025-02-06 16:00:00+00:00,13.922,60.0,8.089993,Ghaziabad
2025-02-06 17:00:00+00:00,13.172,62.0,8.373386,Ghaziabad
2025-02-06 18:00:00+00:00,12.872,68.0,7.729527,Ghaziabad
2025-02-06 19:00:00+00:00,12.222,69.0,7.9036193,Ghaziabad
2025-02-06 20:00:00+00:00,11.722,71.0,7.9036193,Ghaziabad
2025-02-06 21:00:00+00:00,11.272,72.0,8.39657,Ghaziabad
2025-02-06 22:00:00+00:00,10.922,73.0,8.217153,Ghaziabad
2025-02-06 23:00:00+00:00,10.572,74.0,8.699793,Ghaziabad
2025-02-07 00:00:00+00:00,10.622,78.0,8.854829,Ghaziabad
2025-02-07 01:00:00+00:00,10.272,78.0,8.699793,Ghaziabad
2025-02-07 02:00:00+00:00,10.022,78.0,8.427383,Ghaziabad
2025-02-07 03:00:00+00:00,11.372,74.0,8.557102,Ghaziabad
2025-02-07 04:00:00+00:00,13.922,66.0,9.360001,Ghaziabad
2025-02-07 05:00:00+00:00,16.472,58.0,9.693296,Ghaziabad
2025-02-07 06:00:00+00:00,18.622002,46.0,11.043261,Ghaziabad
2025-02-07 07:00:00+00:00,20.322,34.0,15.1884165,Ghaziabad
2025-02-07 08:00:00+00:00,21.072,33.0,15.683774,Ghaziabad
2025-02-07 09:00:00+00:00,21.372002,33.0,14.88242,Ghaziabad
2025-02-07 10:00:00+00:00,21.372002,33.0,13.891522,Ghaziabad
2025-02-07 11:00:00+00:00,20.722,35.0,12.594856,Ghaziabad
2025-02-07 12:00:00+00:00,20.522001,35.0,9.360001,Ghaziabad
2025-02-07 13:00:00+00:00,18.272001,44.0,6.830519,Ghaziabad
2025-02-07 14:00:00+00:00,16.722,52.0,6.489992,Ghaziabad
2025-02-07 15:00:00+00:00,15.522,56.0,6.28713,Ghaziabad
2025-02-07 16:00:00+00:00,14.522,59.0,6.9527545,Ghaziabad
2025-02-07 17:00:00+00:00,13.772,60.0,6.763786,Ghaziabad
2025-02-07 18:00:00+00:00,12.972,65.0,6.439876,Ghaziabad
2025-02-07 19:00:00+00:00,12.422,67.0,6.6087217,Ghaziabad
2025-02-07 20:00:00+00:00,11.922,69.0,6.439876,Ghaziabad
2025-02-07 21:00:00+00:00,11.572,71.0,6.6185193,Ghaziabad
2025-02-07 22:00:00+00:00,11.272,71.0,6.9527545,Ghaziabad
2025-02-07 23:00:00+00:00,11.022,72.0,7.289444,Ghaziabad
2025-02-08 00:00:00+00:00,11.122,75.0,7.42159,Ghaziabad
2025-02-08 01:00:00+00:00,10.822,76.0,7.289444,Ghaziabad
2025-02-08 02:00:00+00:00,10.722,77.0,7.628263,Ghaziabad
2025-02-08 03:00:00+00:00,11.872,73.0,7.968939,Ghaziabad
2025-02-08 04:00:00+00:00,14.322,65.0,9.255571,Ghaziabad
2025-02-08 05:00:00+00:00,16.972,57.0,10.495713,Ghaziabad
2025-02-08 06:00:00+00:00,20.322,42.0,9.659814,Ghaziabad
2025-02-08 07:00:00+00:00,22.472,37.0,10.383987,Ghaziabad
2025-02-08 08:00:00+00:00,24.022001,31.0,10.514218,Ghaziabad
2025-02-08 09:00:00+00:00,24.772001,28.0,10.587918,Ghaziabad
2025-02-08 10:00:00+00:00,24.822,29.0,9.220499,Ghaziabad
2025-02-08 11:00:00+00:00,24.472,29.0,8.287822,Ghaziabad
2025-02-08 12:00:00+00:00,22.672,37.0,5.991594,Ghaziabad
2025-02-08 13:00:00+00:00,20.622002,46.0,4.2136917,Ghaziabad
2025-02-08 14:00:00+00:00,19.272001,51.0,4.452954,Ghaziabad
2025-02-08 15:00:00+00:00,18.322,55.0,4.2136917,Ghaziabad
2025-02-08 16:00:00+00:00,17.272001,59.0,4.6800003,Ghaziabad
2025-02-08 17:00:00+00:00,16.372002,62.0,4.3498964,Ghaziabad
2025-02-08 18:00:00+00:00,13.522,79.0,4.6938257,Ghaziabad
2025-02-08 19:00:00+00:00,12.822,80.0,4.6102495,Ghaziabad
2025-02-08 20:00:00+00:00,12.222,82.0,4.072935,Ghaziabad
2025-02-08 21:00:00+00:00,11.722,83.0,4.072935,Ghaziabad
2025-02-08 22:00:00+00:00,11.272,84.0,4.1046314,Ghaziabad
2025-02-08 23:00:00+00:00,10.872,84.0,3.8268526,Ghaziabad
2025-02-09 00:00:00+00:00,10.572,89.0,3.8268526,Ghaziabad
2025-02-09 01:00:00+00:00,10.422,88.0,3.8939953,Ghaziabad
2025-02-09 02:00:00+00:00,10.522,88.0,4.198285,Ghaziabad
2025-02-09 03:00:00+00:00,12.122,84.0,4.198285,Ghaziabad
2025-02-09 04:00:00+00:00,14.822,75.0,4.6938257,Ghaziabad
2025-02-09 05:00:00+00:00,17.272001,64.0,5.991594,Ghaziabad
2025-02-09 06:00:00+00:00,20.122002,56.0,3.8773184,Ghaziabad
2025-02-09 07:00:00+00:00,22.022001,45.0,5.154415,Ghaziabad
2025-02-09 08:00:00+00:00,23.372002,40.0,5.5887027,Ghaziabad
2025-02-09 09:00:00+00:00,24.172,36.0,5.506941,Ghaziabad
2025-02-09 10:00:00+00:00,24.372002,36.0,5.506941,Ghaziabad
2025-02-09 11:00:00+00:00,24.072,35.0,5.0142193,Ghaziabad
2025-02-09 12:00:00+00:00,23.422,42.0,3.6,Ghaziabad
2025-02-09 13:00:00+00:00,21.022001,50.0,3.8268526,Ghaziabad
2025-02-09 14:00:00+00:00,19.272001,57.0,3.7064266,Ghaziabad
2025-02-09 15:00:00+00:00,18.122002,61.0,3.5455887,Ghaziabad
2025-02-09 16:00:00+00:00,17.422,63.0,3.0758414,Ghaziabad
2025-02-09 17:00:00+00:00,16.722,64.0,2.968636,Ghaziabad
2025-02-09 18:00:00+00:00,13.522,83.0,3.0758414,Ghaziabad
2025-02-09 19:00:00+00:00,12.822,84.0,3.096837,Ghaziabad
2025-02-09 20:00:00+00:00,12.122,87.0,3.319036,Ghaziabad
2025-02-09 21:00:00+00:00,11.622,87.0,4.072935,Ghaziabad
2025-02-09 22:00:00+00:00,11.222,87.0,3.8268526,Ghaziabad
2025-02-09 23:00:00+00:00,10.872,88.0,4.072935,Ghaziabad
2025-02-10 00:00:00+00:00,11.572,87.0,3.8939953,Ghaziabad
2025-02-10 01:00:00+00:00,11.472,87.0,3.319036,Ghaziabad
2025-02-10 02:00:00+00:00,11.422,89.0,3.4152596,Ghaziabad
2025-02-10 03:00:00+00:00,12.972,87.0,3.6179552,Ghaziabad
2025-02-10 04:00:00+00:00,16.322,77.0,3.2599385,Ghaziabad
2025-02-10 05:00:00+00:00,19.672,67.0,3.9763298,Ghaziabad
2025-02-10 06:00:00+00:00,22.922,50.0,3.319036,Ghaziabad
2025-02-10 07:00:00+00:00,24.622002,43.0,4.802999,Ghaziabad
2025-02-10 08:00:00+00:00,25.872002,38.0,6.162207,Ghaziabad
2025-02-10 09:00:00+00:00,26.422,34.0,6.87779,Ghaziabad
2025-02-10 10:00:00+00:00,26.372002,33.0,7.5170207,Ghaziabad
2025-02-10 11:00:00+00:00,25.622002,35.0,6.6087217,Ghaziabad
2025-02-10 12:00:00+00:00,24.522001,38.0,3.8939953,Ghaziabad
2025-02-10 13:00:00+00:00,22.272001,47.0,3.8268526,Ghaziabad
2025-02-10 14:00:00+00:00,20.922,51.0,3.6,Ghaziabad
2025-02-10 15:00:00+00:00,20.072,52.0,3.219938,Ghaziabad
2025-02-10 16:00:00+00:00,19.172,54.0,3.6,Ghaziabad
2025-02-10 17:00:00+00:00,18.122002,58.0,4.379589,Ghaziabad
2025-02-10 18:00:00+00:00,15.122,78.0,3.2599385,Ghaziabad
2025-02-10 19:00:00+00:00,14.322,81.0,2.9024127,Ghaziabad
2025-02-10 20:00:00+00:00,13.622,83.0,3.0758414,Ghaziabad
2025-02-10 21:00:00+00:00,12.922,85.0,2.16,Ghaziabad
2025-02-10 22:00:00+00:00,12.472,85.0,2.6208394,Ghaziabad
2025-02-10 23:00:00+00:00,12.372,84.0,3.6179552,Ghaziabad
2025-02-11 00:00:00+00:00,11.272,88.0,2.8116899,Ghaziabad
2025-02-11 01:00:00+00:00,11.322,87.0,2.8116899,Ghaziabad
2025-02-11 02:00:00+00:00,11.072,87.0,3.0547013,Ghaziabad
2025-02-11 03:00:00+00:00,12.972,83.0,2.5959969,Ghaziabad
2025-02-11 04:00:00+00:00,16.672,72.0,1.9386592,Ghaziabad
2025-02-11 05:00:00+00:00,20.172,63.0,2.0991426,Ghaziabad
2025-02-11 06:00:00+00:00,24.322,45.0,3.8268526,Ghaziabad
2025-02-11 07:00:00+00:00,25.972,39.0,4.3349743,Ghaziabad
2025-02-11 08:00:00+00:00,27.172,35.0,6.489992,Ghaziabad
2025-02-11 09:00:00+00:00,27.522001,31.0,8.14587,Ghaziabad
2025-02-11 10:00:00+00:00,27.122002,31.0,8.913181,Ghaziabad
2025-02-11 11:00:00+00:00,26.172,34.0,7.928177,Ghaziabad
2025-02-11 12:00:00+00:00,24.772001,45.0,4.0249224,Ghaziabad
2025-02-11 13:00:00+00:00,21.972,55.0,3.671294,Ghaziabad
2025-02-11 14:00:00+00:00,20.322,59.0,4.3349743,Ghaziabad
2025-02-11 15:00:00+00:00,18.772001,61.0,4.73506,Ghaziabad
2025-02-11 16:00:00+00:00,17.622002,62.0,4.6938252,Ghaziabad
2025-02-11 17:00:00+00:00,16.872002,63.0,3.9763298,Ghaziabad
2025-02-11 18:00:00+00:00,15.722,74.0,4.1046314,Ghaziabad
2025-02-11 19:00:00+00:00,15.372,72.0,4.32,Ghaziabad
2025-02-11 20:00:00+00:00,14.772,75.0,3.6,Ghaziabad
2025-02-11 21:00:00+00:00,14.022,78.0,4.0249224,Ghaziabad
2025-02-11 22:00:00+00:00,13.572,80.0,5.3517847,Ghaziabad
2025-02-11 23:00:00+00:00,13.672,79.0,7.928177,Ghaziabad
2025-02-12 00:00:00+00:00,12.872,87.0,5.6233797,Ghaziabad
2025-02-12 01:00:00+00:00,13.022,88.0,5.3999996,Ghaziabad
2025-02-12 02:00:00+00:00,12.672,88.0,5.3517847,Ghaziabad
2025-02-12 03:00:00+00:00,14.472,83.0,6.489992,Ghaziabad
2025-02-12 04:00:00+00:00,17.422,72.0,7.491114,Ghaziabad
2025-02-12 05:00:00+00:00,20.372002,62.0,7.7879906,Ghaziabad
2025-02-12 06:00:00+00:00,23.122002,48.0,9.028754,Ghaziabad
2025-02-12 07:00:00+00:00,24.672,35.0,14.186923,Ghaziabad
2025-02-12 08:00:00+00:00,25.022001,28.0,15.077082,Ghaziabad
2025-02-12 09:00:00+00:00,25.072,24.0,15.077082,Ghaziabad
2025-02-12 10:00:00+00:00,24.722,23.0,14.277983,Ghaziabad
2025-02-12 11:00:00+00:00,23.822,24.0,13.089354,Ghaziabad
2025-02-12 12:00:00+00:00,22.072,33.0,10.315115,Ghaziabad
2025-02-12 13:00:00+00:00,18.722,47.0,7.289444,Ghaziabad
2025-02-12 14:00:00+00:00,16.822,56.0,7.42159,Ghaziabad
2025-02-12 15:00:00+00:00,15.522,61.0,7.24486,Ghaziabad
2025-02-12 16:00:00+00:00,14.622,62.0,7.24486,Ghaziabad
2025-02-12 17:00:00+00:00,13.722,65.0,7.289445,Ghaziabad
2025-02-12 18:00:00+00:00,13.472,68.0,7.10031,Ghaziabad
2025-02-12 19:00:00+00:00,13.022,69.0,7.491114,Ghaziabad
2025-02-12 20:00:00+00:00,12.622,70.0,7.7043357,Ghaziabad
2025-02-12 21:00:00+00:00,12.272,69.0,7.7043357,Ghaziabad
2025-02-12 22:00:00+00:00,11.972,69.0,7.9932966,Ghaziabad
2025-02-12 23:00:00+00:00,11.622,69.0,8.0899935,Ghaziabad
2025-02-13 00:00:00+00:00,11.672,75.0,8.0899935,Ghaziabad
2025-02-13 01:00:00+00:00,11.222,75.0,8.089993,Ghaziabad
2025-02-13 02:00:00+00:00,11.122,75.0,8.759178,Ghaziabad
2025-02-13 03:00:00+00:00,12.972,69.0,9.779817,Ghaziabad
2025-02-13 04:00:00+00:00,15.922,60.0,10.853866,Ghaziabad
2025-02-13 05:00:00+00:00,18.772001,52.0,12.015589,Ghaziabad
2025-02-13 06:00:00+00:00,21.572,40.0,14.707222,Ghaziabad
2025-02-13 07:00:00+00:00,23.022001,32.0,16.79314,Ghaziabad
2025-02-13 08:00:00+00:00,23.772001,31.0,16.1198,Ghaziabad
2025-02-13 09:00:00+00:00,24.172,30.0,16.1198,Ghaziabad
2025-02-13 10:00:00+00:00,23.972,30.0,14.973577,Ghaziabad
2025-02-13 11:00:00+00:00,23.322,31.0,13.53236,Ghaziabad
2025-02-13 12:00:00+00:00,22.122002,33.0,11.792404,Ghaziabad
2025-02-13 13:00:00+00:00,19.472,44.0,7.754637,Ghaziabad
2025-02-13 14:00:00+00:00,17.672,51.0,7.754637,Ghaziabad
2025-02-13 15:00:00+00:00,16.422,55.0,7.754637,Ghaziabad
2025-02-13 16:00:00+00:00,15.472,56.0,7.754637,Ghaziabad
2025-02-13 17:00:00+00:00,14.572,59.0,8.089993,Ghaziabad
2025-02-13 18:00:00+00:00,14.622,60.0,8.891344,Ghaziabad
2025-02-13 19:00:00+00:00,13.922,61.0,8.557102,Ghaziabad
2025-02-13 20:00:00+00:00,13.472,61.0,8.39657,Ghaziabad
2025-02-13 21:00:00+00:00,12.922,62.0,7.9036193,Ghaziabad
2025-02-13 22:00:00+00:00,12.422,64.0,7.10031,Ghaziabad
2025-02-13 23:00:00+00:00,11.972,67.0,7.10031,Ghaziabad
2025-02-14 00:00:00+00:00,11.272,74.0,7.0911775,Ghaziabad
2025-02-14 01:00:00+00:00,11.022,75.0,7.172949,Ghaziabad
2025-02-14 02:00:00+00:00,10.972,76.0,7.2805495,Ghaziabad
2025-02-14 03:00:00+00:00,12.872,69.0,8.759178,Ghaziabad
2025-02-14 04:00:00+00:00,15.872,58.0,10.239453,Ghaziabad
2025-02-14 05:00:00+00:00,18.872002,49.0,11.792404,Ghaziabad
2025-02-14 06:00:00+00:00,21.672,37.0,12.0694,Ghaziabad
2025-02-14 07:00:00+00:00,23.622002,31.0,14.039999,Ghaziabad
2025-02-14 08:00:00+00:00,24.772001,27.0,14.182355,Ghaziabad
2025-02-14 09:00:00+00:00,25.372002,26.0,14.182355,Ghaziabad
2025-02-14 10:00:00+00:00,25.322,27.0,13.37825,Ghaziabad
2025-02-14 11:00:00+00:00,24.722,27.0,11.592895,Ghaziabad
2025-02-14 12:00:00+00:00,23.572,31.0,8.766573,Ghaziabad
2025-02-14 13:00:00+00:00,20.822,42.0,6.638072,Ghaziabad
2025-02-14 14:00:00+00:00,19.072,50.0,6.638072,Ghaziabad
2025-02-14 15:00:00+00:00,18.022001,54.0,6.638072,Ghaziabad
2025-02-14 16:00:00+00:00,17.522001,54.0,6.151683,Ghaziabad
2025-02-14 17:00:00+00:00,16.922,53.0,5.991594,Ghaziabad
2025-02-14 18:00:00+00:00,15.222,67.0,5.0911684,Ghaziabad
2025-02-14 19:00:00+00:00,14.622,67.0,4.6102495,Ghaziabad
2025-02-14 20:00:00+00:00,14.122,69.0,4.39436,Ghaziabad
2025-02-14 21:00:00+00:00,13.472,70.0,4.510787,Ghaziabad
2025-02-14 22:00:00+00:00,12.922,71.0,4.39436,Ghaziabad
2025-02-14 23:00:00+00:00,12.572,71.0,4.39436,Ghaziabad
2025-02-15 00:00:00+00:00,12.372,78.0,3.671294,Ghaziabad
2025-02-15 01:00:00+00:00,12.572,75.0,3.2599385,Ghaziabad
2025-02-15 02:00:00+00:00,12.922,74.0,3.319036,Ghaziabad
2025-02-15 03:00:00+00:00,14.472,73.0,2.1897945,Ghaziabad
2025-02-15 04:00:00+00:00,17.022001,66.0,2.3051248,Ghaziabad
2025-02-15 05:00:00+00:00,19.622002,57.0,5.815978,Ghaziabad
2025-02-15 06:00:00+00:00,21.172,49.0,6.5693827,Ghaziabad
2025-02-15 07:00:00+00:00,22.922,45.0,6.489992,Ghaziabad
2025-02-15 08:00:00+00:00,24.072,39.0,9.255571,Ghaziabad
2025-02-15 09:00:00+00:00,24.272001,36.0,10.464797,Ghaziabad
2025-02-15 10:00:00+00:00,24.072,37.0,10.514218,Ghaziabad
2025-02-15 11:00:00+00:00,23.372002,39.0,9.422101,Ghaziabad
2025-02-15 12:00:00+00:00,23.572,46.0,3.319036,Ghaziabad
2025-02-15 13:00:00+00:00,21.222,54.0,3.7064266,Ghaziabad
2025-02-15 14:00:00+00:00,19.772001,57.0,3.5455887,Ghaziabad
2025-02-15 15:00:00+00:00,18.572,58.0,3.5455887,Ghaziabad
2025-02-15 16:00:00+00:00,17.672,59.0,2.968636,Ghaziabad
2025-02-15 17:00:00+00:00,16.722,61.0,2.5455842,Ghaziabad
2025-02-15 18:00:00+00:00,15.322,69.0,1.8,Ghaziabad
2025-02-15 19:00:00+00:00,14.272,73.0,3.6,Ghaziabad
2025-02-15 20:00:00+00:00,13.472,76.0,4.0249224,Ghaziabad
2025-02-15 21:00:00+00:00,13.322,76.0,5.0911684,Ghaziabad
2025-02-15 22:00:00+00:00,13.172,75.0,6.2145634,Ghaziabad
2025-02-15 23:00:00+00:00,11.372,84.0,4.2136917,Ghaziabad
2025-02-16 00:00:00+00:00,10.772,93.0,2.5455842,Ghaziabad
2025-02-16 01:00:00+00:00,10.522,94.0,1.9386592,Ghaziabad
2025-02-16 02:00:00+00:00,10.522,95.0,1.2979984,Ghaziabad
2025-02-16 03:00:00+00:00,12.722,91.0,1.1384199,Ghaziabad
2025-02-16 04:00:00+00:00,17.122002,79.0,0.71999997,Ghaziabad
2025-02-16 05:00:00+00:00,20.522001,65.0,0.8049845,Ghaziabad
2025-02-16 06:00:00+00:00,23.522001,53.0,1.0182338,Ghaziabad
2025-02-16 07:00:00+00:00,24.822,49.0,2.0364676,Ghaziabad
2025-02-16 08:00:00+00:00,25.722,43.0,4.510787,Ghaziabad
2025-02-16 09:00:00+00:00,25.172,42.0,7.2,Ghaziabad
2025-02-16 10:00:00+00:00,24.472,45.0,7.9932966,Ghaziabad
2025-02-16 11:00:00+00:00,23.422,51.0,6.830519,Ghaziabad
2025-02-16 12:00:00+00:00,22.572,58.0,5.3999996,Ghaziabad
2025-02-16 13:00:00+00:00,20.572,66.0,5.315336,Ghaziabad
2025-02-16 14:00:00+00:00,19.222,72.0,4.802999,Ghaziabad
2025-02-16 15:00:00+00:00,18.272001,75.0,4.6938252,Ghaziabad
2025-02-16 16:00:00+00:00,17.472,76.0,3.9763298,Ghaziabad
2025-02-16 17:00:00+00:00,17.022001,75.0,3.2599385,Ghaziabad
2025-02-16 18:00:00+00:00,16.222,80.0,4.1046314,Ghaziabad
2025-02-16 19:00:00+00:00,15.272,82.0,4.3349743,Ghaziabad
2025-02-16 20:00:00+00:00,14.672,83.0,3.6179552,Ghaziabad
2025-02-16 21:00:00+00:00,13.922,85.0,4.2136917,Ghaziabad
2025-02-16 22:00:00+00:00,13.172,87.0,4.5536795,Ghaziabad
2025-02-16 23:00:00+00:00,12.472,88.0,4.3498964,Ghaziabad
2025-02-17 00:00:00+00:00,12.122,91.0,1.835647,Ghaziabad
2025-02-17 01:00:00+00:00,11.922,91.0,2.5455842,Ghaziabad
2025-02-17 02:00:00+00:00,11.622,93.0,2.0991426,Ghaziabad
2025-02-17 03:00:00+00:00,13.822,89.0,0.5091169,Ghaziabad
2025-02-17 04:00:00+00:00,17.922,75.0,0.35999998,Ghaziabad
2025-02-17 05:00:00+00:00,20.822,64.0,1.9386592,Ghaziabad
2025-02-17 06:00:00+00:00,23.022001,50.0,0.5091169,Ghaziabad
2025-02-17 07:00:00+00:00,24.372002,46.0,1.8,Ghaziabad
2025-02-17 08:00:00+00:00,25.322,43.0,2.3051248,Ghaziabad
2025-02-17 09:00:00+00:00,25.722,41.0,3.6,Ghaziabad
2025-02-17 10:00:00+00:00,25.772001,41.0,4.8433046,Ghaziabad
2025-02-17 11:00:00+00:00,25.322,43.0,3.6,Ghaziabad
2025-02-17 12:00:00+00:00,24.372002,53.0,2.6208394,Ghaziabad
2025-02-17 13:00:00+00:00,22.072,61.0,2.968636,Ghaziabad
2025-02-17 14:00:00+00:00,20.372002,63.0,3.5455887,Ghaziabad
2025-02-17 15:00:00+00:00,18.922,66.0,2.3051248,Ghaziabad
2025-02-17 16:00:00+00:00,17.972,68.0,1.8,Ghaziabad
2025-02-17 17:00:00+00:00,17.222,69.0,3.7064266,Ghaziabad
2025-02-17 18:00:00+00:00,16.122002,79.0,4.39436,Ghaziabad
2025-02-17 19:00:00+00:00,15.772,78.0,4.6800003,Ghaziabad
2025-02-17 20:00:00+00:00,14.922,82.0,4.6938252,Ghaziabad
2025-02-17 21:00:00+00:00,14.572,84.0,4.379589,Ghaziabad
2025-02-17 22:00:00+00:00,14.272,85.0,3.9763298,Ghaziabad
2025-02-17 23:00:00+00:00,13.672,87.0,4.1046314,Ghaziabad
2025-02-18 00:00:00+00:00,13.172,88.0,3.396233,Ghaziabad
2025-02-18 01:00:00+00:00,13.072,86.0,2.2768397,Ghaziabad
2025-02-18 02:00:00+00:00,13.072,86.0,3.0758414,Ghaziabad
2025-02-18 03:00:00+00:00,14.622,83.0,3.671294,Ghaziabad
2025-02-18 04:00:00+00:00,18.172,71.0,4.32,Ghaziabad
2025-02-18 05:00:00+00:00,21.122002,60.0,7.8625183,Ghaziabad
2025-02-18 06:00:00+00:00,22.872002,55.0,6.830519,Ghaziabad
2025-02-18 07:00:00+00:00,24.772001,49.0,7.072878,Ghaziabad
2025-02-18 08:00:00+00:00,25.672,42.0,7.5942073,Ghaziabad
2025-02-18 09:00:00+00:00,26.172,38.0,7.92,Ghaziabad
2025-02-18 10:00:00+00:00,26.422,36.0,7.5599995,Ghaziabad
2025-02-18 11:00:00+00:00,25.822,36.0,7.6367526,Ghaziabad
2025-02-18 12:00:00+00:00,25.022001,36.0,5.4119864,Ghaziabad
2025-02-18 13:00:00+00:00,22.372002,46.0,4.379589,Ghaziabad
2025-02-18 14:00:00+00:00,20.822,51.0,4.3498964,Ghaziabad
2025-02-18 15:00:00+00:00,19.422,56.0,4.3498964,Ghaziabad
2025-02-18 16:00:00+00:00,18.322,61.0,4.6938252,Ghaziabad
2025-02-18 17:00:00+00:00,17.322,65.0,4.829907,Ghaziabad
2025-02-18 18:00:00+00:00,15.971999,76.0,4.8433046,Ghaziabad
2025-02-18 19:00:00+00:00,15.272,77.0,4.5820518,Ghaziabad
2025-02-18 20:00:00+00:00,14.672,78.0,4.1046314,Ghaziabad
2025-02-18 21:00:00+00:00,14.022,78.0,4.1046314,Ghaziabad
2025-02-18 22:00:00+00:00,13.422,79.0,4.3349743,Ghaziabad
2025-02-18 23:00:00+00:00,12.872,80.0,4.3349743,Ghaziabad
2025-02-19 00:00:00+00:00,12.522,84.0,3.7585104,Ghaziabad
2025-02-19 01:00:00+00:00,12.172,85.0,4.1046314,Ghaziabad
2025-02-19 02:00:00+00:00,12.272,84.0,3.7585104,Ghaziabad
2025-02-19 03:00:00+00:00,14.422,80.0,3.6179552,Ghaziabad
2025-02-19 04:00:00+00:00,17.672,69.0,4.32,Ghaziabad
2025-02-19 05:00:00+00:00,20.672,57.0,5.4119864,Ghaziabad
2025-02-19 06:00:00+00:00,22.872002,49.0,5.2416787,Ghaziabad
2025-02-19 07:00:00+00:00,24.822,43.0,5.5887027,Ghaziabad
2025-02-19 08:00:00+00:00,25.922,39.0,6.489992,Ghaziabad
2025-02-19 09:00:00+00:00,26.522001,35.0,6.9899354,Ghaziabad
2025-02-19 10:00:00+00:00,26.372002,33.0,6.763786,Ghaziabad
2025-02-19 11:00:00+00:00,25.822,34.0,6.12,Ghaziabad
2025-02-19 12:00:00+00:00,24.772001,41.0,2.5959969,Ghaziabad
2025-02-19 13:00:00+00:00,23.372002,48.0,1.9386592,Ghaziabad
2025-02-19 14:00:00+00:00,22.272001,49.0,2.2768397,Ghaziabad
2025-02-19 15:00:00+00:00,21.272001,51.0,1.8,Ghaziabad
2025-02-19 16:00:00+00:00,20.472,53.0,2.3051248,Ghaziabad
2025-02-19 17:00:00+00:00,19.772001,55.0,3.319036,Ghaziabad
2025-02-19 18:00:00+00:00,17.122002,71.0,0.0,Ghaziabad
2025-02-19 19:00:00+00:00,16.272001,84.0,12.758432,Ghaziabad
2025-02-19 20:00:00+00:00,16.422,85.0,1.1384199,Ghaziabad
2025-02-19 21:00:00+00:00,15.971999,86.0,3.2599385,Ghaziabad
2025-02-19 22:00:00+00:00,15.422,91.0,5.8048253,Ghaziabad
2025-02-19 23:00:00+00:00,15.172,91.0,5.04,Ghaziabad
2025-02-20 00:00:00+00:00,15.322,92.0,6.28713,Ghaziabad
2025-02-20 01:00:00+00:00,15.322,93.0,7.0911775,Ghaziabad
2025-02-20 02:00:00+00:00,15.422,92.0,7.9526596,Ghaziabad
2025-02-20 03:00:00+00:00,15.822,92.0,8.225035,Ghaziabad
2025-02-20 04:00:00+00:00,16.872002,88.0,9.085988,Ghaziabad
2025-02-20 05:00:00+00:00,17.522001,85.0,10.483357,Ghaziabad
2025-02-20 06:00:00+00:00,19.272001,77.0,8.0899935,Ghaziabad
2025-02-20 07:00:00+00:00,20.672,72.0,12.24,Ghaziabad
2025-02-20 08:00:00+00:00,22.022001,66.0,11.874544,Ghaziabad
2025-02-20 09:00:00+00:00,23.022001,61.0,14.241629,Ghaziabad
2025-02-20 10:00:00+00:00,23.472,57.0,14.799459,Ghaziabad
2025-02-20 11:00:00+00:00,22.972,59.0,10.630672,Ghaziabad
2025-02-20 12:00:00+00:00,23.322,53.0,9.885262,Ghaziabad
2025-02-20 13:00:00+00:00,21.022001,65.0,7.8625183,Ghaziabad
2025-02-20 14:00:00+00:00,19.672,69.0,8.825508,Ghaziabad
2025-02-20 15:00:00+00:00,18.972,73.0,11.013882,Ghaziabad
2025-02-20 16:00:00+00:00,17.822,79.0,7.491114,Ghaziabad
2025-02-20 17:00:00+00:00,17.122002,84.0,12.538134,Ghaziabad
2025-02-20 18:00:00+00:00,16.922,84.0,9.885262,Ghaziabad
2025-02-20 19:00:00+00:00,16.472,86.0,10.1887,Ghaziabad
2025-02-20 20:00:00+00:00,16.072,87.0,7.8954163,Ghaziabad
2025-02-20 21:00:00+00:00,15.822,88.0,7.2,Ghaziabad
2025-02-20 22:00:00+00:00,15.522,88.0,7.10031,Ghaziabad
2025-02-20 23:00:00+00:00,15.222,85.0,7.072878,Ghaziabad
2025-02-21 00:00:00+00:00,15.022,87.0,4.896529,Ghaziabad
2025-02-21 01:00:00+00:00,14.672,86.0,2.5455842,Ghaziabad
2025-02-21 02:00:00+00:00,14.322,88.0,3.0547013,Ghaziabad
2025-02-21 03:00:00+00:00,15.772,83.0,3.096837,Ghaziabad
2025-02-21 04:00:00+00:00,17.972,74.0,3.219938,Ghaziabad
2025-02-21 05:00:00+00:00,20.322,66.0,4.3498964,Ghaziabad
2025-02-21 06:00:00+00:00,23.122002,54.0,4.39436,Ghaziabad
2025-02-21 07:00:00+00:00,24.572,48.0,4.3498964,Ghaziabad
2025-02-21 08:00:00+00:00,25.422,44.0,3.9763298,Ghaziabad
2025-02-21 09:00:00+00:00,25.872002,42.0,5.6920996,Ghaziabad
2025-02-21 10:00:00+00:00,25.972,41.0,6.489992,Ghaziabad
2025-02-21 11:00:00+00:00,25.472,40.0,7.9932966,Ghaziabad
2025-02-21 12:00:00+00:00,23.472,53.0,6.3690495,Ghaziabad
2025-02-21 13:00:00+00:00,21.772001,64.0,5.3999996,Ghaziabad
2025-02-21 14:00:00+00:00,20.622002,71.0,5.8048253,Ghaziabad
2025-02-21 15:00:00+00:00,19.822,75.0,6.6185193,Ghaziabad
2025-02-21 16:00:00+00:00,18.922,77.0,6.379216,Ghaziabad
2025-02-21 17:00:00+00:00,17.972,79.0,6.489992,Ghaziabad
2025-02-21 18:00:00+00:00,17.472,84.0,6.12,Ghaziabad
2025-02-21 19:00:00+00:00,16.672,85.0,6.297428,Ghaziabad
2025-02-21 20:00:00+00:00,16.122002,86.0,5.991594,Ghaziabad
2025-02-21 21:00:00+00:00,15.472,87.0,5.495161,Ghaziabad
2025-02-21 22:00:00+00:00,15.022,88.0,6.28713,Ghaziabad
2025-02-21 23:00:00+00:00,14.672,89.0,6.6185193,Ghaziabad
2025-02-22 00:00:00+00:00,13.672,94.0,6.151683,Ghaziabad
2025-02-22 01:00:00+00:00,13.322,95.0,5.815978,Ghaziabad
2025-02-22 02:00:00+00:00,13.122,95.0,5.3517847,Ghaziabad
2025-02-22 03:00:00+00:00,14.622,87.0,6.151683,Ghaziabad
2025-02-22 04:00:00+00:00,16.772001,78.0,7.42159,Ghaziabad
2025-02-22 05:00:00+00:00,18.972,70.0,6.9527545,Ghaziabad
2025-02-22 06:00:00+00:00,20.122002,63.0,7.729527,Ghaziabad
2025-02-22 07:00:00+00:00,21.572,56.0,8.225035,Ghaziabad
2025-02-22 08:00:00+00:00,22.522001,50.0,9.227524,Ghaziabad
2025-02-22 09:00:00+00:00,23.122002,45.0,9.693296,Ghaziabad
2025-02-22 10:00:00+00:00,23.222,43.0,9.83268,Ghaziabad
2025-02-22 11:00:00+00:00,22.672,46.0,9.360001,Ghaziabad
2025-02-22 12:00:00+00:00,21.772001,51.0,7.289444,Ghaziabad
2025-02-22 13:00:00+00:00,19.622002,64.0,5.506941,Ghaziabad
2025-02-22 14:00:00+00:00,18.322,71.0,5.0911684,Ghaziabad
2025-02-22 15:00:00+00:00,17.422,76.0,4.896529,Ghaziabad
2025-02-22 16:00:00+00:00,16.672,79.0,4.198285,Ghaziabad
2025-02-22 17:00:00+00:00,16.022001,81.0,4.072935,Ghaziabad
2025-02-22 18:00:00+00:00,15.222,85.0,4.198285,Ghaziabad
2025-02-22 19:00:00+00:00,14.722,85.0,4.1046314,Ghaziabad
2025-02-22 20:00:00+00:00,14.372,86.0,4.072935,Ghaziabad
2025-02-22 21:00:00+00:00,14.072,86.0,4.39436,Ghaziabad
2025-02-22 22:00:00+00:00,13.772,86.0,4.3349743,Ghaziabad
2025-02-22 23:00:00+00:00,13.372,87.0,4.1046314,Ghaziabad
2025-02-23 00:00:00+00:00,12.972,91.0,3.6,Ghaziabad
2025-02-23 01:00:00+00:00,12.722,91.0,3.6,Ghaziabad
2025-02-23 02:00:00+00:00,12.722,91.0,3.6,Ghaziabad
2025-02-23 03:00:00+00:00,14.822,86.0,3.8268526,Ghaziabad
2025-02-23 04:00:00+00:00,17.672,75.0,5.3999996,Ghaziabad
2025-02-23 05:00:00+00:00,20.172,67.0,4.8965297,Ghaziabad
2025-02-23 06:00:00+00:00,22.172,57.0,5.3999996,Ghaziabad
2025-02-23 07:00:00+00:00,23.522001,48.0,6.618519,Ghaziabad
2025-02-23 08:00:00+00:00,24.322,44.0,6.989936,Ghaziabad
2025-02-23 09:00:00+00:00,24.722,42.0,6.792466,Ghaziabad
2025-02-23 10:00:00+00:00,24.672,42.0,6.6087217,Ghaziabad
2025-02-23 11:00:00+00:00,24.072,44.0,6.297428,Ghaziabad
2025-02-23 12:00:00+00:00,23.522001,48.0,4.829907,Ghaziabad
2025-02-23 13:00:00+00:00,21.322,60.0,3.7064266,Ghaziabad
2025-02-23 14:00:00+00:00,20.122002,64.0,3.5455887,Ghaziabad
2025-02-23 15:00:00+00:00,19.322,66.0,3.319036,Ghaziabad
2025-02-23 16:00:00+00:00,18.622002,67.0,3.2599385,Ghaziabad
2025-02-23 17:00:00+00:00,17.622002,70.0,3.319036,Ghaziabad
2025-02-23 18:00:00+00:00,15.422,84.0,3.8268526,Ghaziabad
2025-02-23 19:00:00+00:00,14.722,86.0,4.0249224,Ghaziabad
2025-02-23 20:00:00+00:00,14.222,87.0,3.8773184,Ghaziabad
2025-02-23 21:00:00+00:00,13.972,86.0,3.5455887,Ghaziabad
2025-02-23 22:00:00+00:00,13.672,86.0,3.096837,Ghaziabad
2025-02-23 23:00:00+00:00,13.272,86.0,3.319036,Ghaziabad
2025-02-24 00:00:00+00:00,12.022,95.0,3.8939953,Ghaziabad
2025-02-24 01:00:00+00:00,11.772,95.0,3.396233,Ghaziabad
2025-02-24 02:00:00+00:00,11.822,95.0,2.9024127,Ghaziabad
2025-02-24 03:00:00+00:00,14.322,90.0,1.484318,Ghaziabad
2025-02-24 04:00:00+00:00,18.172,76.0,2.7416782,Ghaziabad
2025-02-24 05:00:00+00:00,20.972,68.0,2.7416782,Ghaziabad
2025-02-24 06:00:00+00:00,23.122002,55.0,4.6102495,Ghaziabad
2025-02-24 07:00:00+00:00,24.322,47.0,5.692099,Ghaziabad
2025-02-24 08:00:00+00:00,25.072,43.0,5.991594,Ghaziabad
2025-02-24 09:00:00+00:00,25.422,40.0,6.6087217,Ghaziabad
2025-02-24 10:00:00+00:00,25.372002,38.0,7.2,Ghaziabad
2025-02-24 11:00:00+00:00,24.772001,41.0,6.9153743,Ghaziabad
2025-02-24 12:00:00+00:00,23.822,47.0,5.3517847,Ghaziabad
2025-02-24 13:00:00+00:00,21.172,62.0,3.8268526,Ghaziabad
2025-02-24 14:00:00+00:00,19.622002,67.0,4.1046314,Ghaziabad
2025-02-24 15:00:00+00:00,18.522001,70.0,4.1046314,Ghaziabad
2025-02-24 16:00:00+00:00,17.472,74.0,4.6102495,Ghaziabad
2025-02-24 17:00:00+00:00,16.622002,77.0,4.2136917,Ghaziabad
2025-02-24 18:00:00+00:00,15.722,83.0,3.7585104,Ghaziabad
2025-02-24 19:00:00+00:00,15.272,82.0,2.968636,Ghaziabad
2025-02-24 20:00:00+00:00,15.022,81.0,2.9024127,Ghaziabad
2025-02-24 21:00:00+00:00,14.422,83.0,2.3051248,Ghaziabad
2025-02-24 22:00:00+00:00,13.872,84.0,2.6208394,Ghaziabad
2025-02-24 23:00:00+00:00,13.222,87.0,1.9386592,Ghaziabad
2025-02-25 00:00:00+00:00,12.472,94.0,3.396233,Ghaziabad
2025-02-25 01:00:00+00:00,11.922,96.0,3.4152596,Ghaziabad
2025-02-25 02:00:00+00:00,11.822,98.0,2.968636,Ghaziabad
2025-02-25 03:00:00+00:00,14.322,93.0,2.2768397,Ghaziabad
2025-02-25 04:00:00+00:00,18.572,79.0,2.4149535,Ghaziabad
2025-02-25 05:00:00+00:00,21.722,66.0,3.319036,Ghaziabad
2025-02-25 06:00:00+00:00,23.972,53.0,2.4149535,Ghaziabad
2025-02-25 07:00:00+00:00,25.222,45.0,3.8268526,Ghaziabad
2025-02-25 08:00:00+00:00,26.022001,43.0,5.00128,Ghaziabad
2025-02-25 09:00:00+00:00,26.322,43.0,6.489992,Ghaziabad
2025-02-25 10:00:00+00:00,26.322,42.0,6.924738,Ghaziabad
2025-02-25 11:00:00+00:00,25.722,46.0,5.5887027,Ghaziabad
2025-02-25 12:00:00+00:00,24.722,53.0,3.6,Ghaziabad
2025-02-25 13:00:00+00:00,22.672,63.0,3.096837,Ghaziabad
2025-02-25 14:00:00+00:00,21.372002,66.0,2.3051248,Ghaziabad
2025-02-25 15:00:00+00:00,20.372002,68.0,2.4149535,Ghaziabad
2025-02-25 16:00:00+00:00,19.272001,71.0,2.16,Ghaziabad
2025-02-25 17:00:00+00:00,18.272001,75.0,2.6208394,Ghaziabad
2025-02-25 18:00:00+00:00,17.422,83.0,3.2599385,Ghaziabad
2025-02-25 19:00:00+00:00,16.922,83.0,3.396233,Ghaziabad
2025-02-25 20:00:00+00:00,16.672,83.0,1.4399999,Ghaziabad
2025-02-25 21:00:00+00:00,16.322,84.0,4.1046314,Ghaziabad
2025-02-25 22:00:00+00:00,15.222,89.0,5.3517847,Ghaziabad
2025-02-25 23:00:00+00:00,15.022,91.0,4.39436,Ghaziabad
2025-02-26 00:00:00+00:00,15.672,94.0,4.2136917,Ghaziabad
2025-02-26 01:00:00+00:00,15.522,94.0,4.510787,Ghaziabad
2025-02-26 02:00:00+00:00,15.672,93.0,3.8773184,Ghaziabad
2025-02-26 03:00:00+00:00,17.172,90.0,1.9386592,Ghaziabad
2025-02-26 04:00:00+00:00,19.722,81.0,4.510787,Ghaziabad
2025-02-26 05:00:00+00:00,21.922,74.0,4.510787,Ghaziabad
2025-02-26 06:00:00+00:00,25.372002,56.0,5.6233797,Ghaziabad
2025-02-26 07:00:00+00:00,27.022001,47.0,2.8799999,Ghaziabad
2025-02-26 08:00:00+00:00,28.222,43.0,2.968636,Ghaziabad
2025-02-26 09:00:00+00:00,28.872002,39.0,0.71999997,Ghaziabad
2025-02-26 10:00:00+00:00,28.822,39.0,1.0182338,Ghaziabad
2025-02-26 11:00:00+00:00,28.172,42.0,6.151683,Ghaziabad
2025-02-26 12:00:00+00:00,27.872002,50.0,1.2979984,Ghaziabad
2025-02-26 13:00:00+00:00,26.022001,57.0,1.5273507,Ghaziabad
2025-02-26 14:00:00+00:00,24.522001,60.0,5.3517847,Ghaziabad
2025-02-26 15:00:00+00:00,22.872002,66.0,6.4096174,Ghaziabad
2025-02-26 16:00:00+00:00,22.772001,60.0,7.24486,Ghaziabad
2025-02-26 17:00:00+00:00,22.322,59.0,4.39436,Ghaziabad
2025-02-26 18:00:00+00:00,20.822,79.0,1.835647,Ghaziabad
2025-02-26 19:00:00+00:00,20.172,82.0,2.7416782,Ghaziabad
2025-02-26 20:00:00+00:00,19.722,84.0,2.1897945,Ghaziabad
2025-02-26 21:00:00+00:00,19.072,87.0,3.5455887,Ghaziabad
2025-02-26 22:00:00+00:00,18.272001,89.0,4.6938252,Ghaziabad
2025-02-26 23:00:00+00:00,17.722,89.0,4.32,Ghaziabad
2025-02-27 00:00:00+00:00,18.222,87.0,5.495161,Ghaziabad
2025-02-27 01:00:00+00:00,17.522001,90.0,8.350138,Ghaziabad
2025-02-27 02:00:00+00:00,18.272001,84.0,8.209263,Ghaziabad
2025-02-27 03:00:00+00:00,18.672,84.0,8.669949,Ghaziabad
2025-02-27 04:00:00+00:00,19.572,81.0,9.726665,Ghaziabad
2025-02-27 05:00:00+00:00,20.122002,81.0,5.8603754,Ghaziabad
2025-02-27 06:00:00+00:00,20.922,77.0,9.504273,Ghaziabad
2025-02-27 07:00:00+00:00,21.072,79.0,11.165805,Ghaziabad
2025-02-27 08:00:00+00:00,21.872002,76.0,11.525623,Ghaziabad
2025-02-27 09:00:00+00:00,21.772001,76.0,12.7279215,Ghaziabad
2025-02-27 10:00:00+00:00,21.922,76.0,12.879752,Ghaziabad
2025-02-27 11:00:00+00:00,21.822,77.0,10.105681,Ghaziabad
2025-02-27 12:00:00+00:00,21.372002,76.0,12.72283,Ghaziabad
2025-02-27 13:00:00+00:00,20.272001,78.0,8.759178,Ghaziabad
2025-02-27 14:00:00+00:00,19.372002,80.0,6.519877,Ghaziabad
2025-02-27 15:00:00+00:00,18.872002,78.0,7.9932976,Ghaziabad
2025-02-27 16:00:00+00:00,18.622002,76.0,6.12,Ghaziabad
2025-02-27 17:00:00+00:00,18.272001,77.0,5.4477882,Ghaziabad
2025-02-27 18:00:00+00:00,18.272001,81.0,5.495161,Ghaziabad
2025-02-27 19:00:00+00:00,18.072,79.0,6.28713,Ghaziabad
2025-02-27 20:00:00+00:00,17.872002,79.0,7.2359104,Ghaziabad
2025-02-27 21:00:00+00:00,17.672,79.0,8.4042845,Ghaziabad
2025-02-27 22:00:00+00:00,17.272001,83.0,7.42159,Ghaziabad
2025-02-27 23:00:00+00:00,17.122002,84.0,9.9571085,Ghaziabad
2025-02-28 00:00:00+00:00,17.472,82.0,9.3876505,Ghaziabad
2025-02-28 01:00:00+00:00,17.022001,84.0,8.647496,Ghaziabad
2025-02-28 02:00:00+00:00,16.972,85.0,8.64,Ghaziabad
2025-02-28 03:00:00+00:00,17.572,83.0,8.557102,Ghaziabad
2025-02-28 04:00:00+00:00,18.822,78.0,9.565437,Ghaziabad
2025-02-28 05:00:00+00:00,20.222,73.0,10.966713,Ghaziabad
2025-02-28 06:00:00+00:00,22.172,69.0,12.224107,Ghaziabad
2025-02-28 07:00:00+00:00,23.472,64.0,12.074766,Ghaziabad
2025-02-28 08:00:00+00:00,24.222,62.0,10.829958,Ghaziabad
2025-02-28 09:00:00+00:00,24.872002,60.0,7.2,Ghaziabad
2025-02-28 10:00:00+00:00,24.922,60.0,7.8954163,Ghaziabad
2025-02-28 11:00:00+00:00,24.972,60.0,10.483357,Ghaziabad
2025-02-28 12:00:00+00:00,23.872002,69.0,5.495161,Ghaziabad
2025-02-28 13:00:00+00:00,22.422,77.0,5.95906,Ghaziabad
2025-02-28 14:00:00+00:00,20.972,84.0,7.5685663,Ghaziabad
2025-02-28 15:00:00+00:00,19.872002,88.0,7.491114,Ghaziabad
2025-02-28 16:00:00+00:00,19.122002,90.0,7.42159,Ghaziabad
2025-02-28 17:00:00+00:00,17.922,92.0,13.039754,Ghaziabad
2025-02-28 18:00:00+00:00,18.222,90.0,6.28713,Ghaziabad
2025-02-28 19:00:00+00:00,17.772001,91.0,6.193674,Ghaziabad
2025-02-28 20:00:00+00:00,17.522001,93.0,1.0182338,Ghaziabad
2025-02-28 21:00:00+00:00,17.322,95.0,7.289445,Ghaziabad
2025-02-28 22:00:00+00:00,16.972,96.0,6.297428,Ghaziabad
2025-02-28 23:00:00+00:00,16.872002,96.0,7.6367526,Ghaziabad
2025-03-01 00:00:00+00:00,17.022001,95.0,3.0758414,Ghaziabad
2025-03-01 01:00:00+00:00,16.922,95.0,3.319036,Ghaziabad
2025-03-01 02:00:00+00:00,17.022001,94.0,3.319036,Ghaziabad
2025-03-01 03:00:00+00:00,17.922,91.0,5.8048253,Ghaziabad
2025-03-01 04:00:00+00:00,19.122002,88.0,5.634891,Ghaziabad
2025-03-01 05:00:00+00:00,20.672,83.0,3.7585104,Ghaziabad
2025-03-01 06:00:00+00:00,22.622002,75.0,0.35999998,Ghaziabad
2025-03-01 07:00:00+00:00,23.772001,68.0,4.198285,Ghaziabad
2025-03-01 08:00:00+00:00,24.322,65.0,5.2416787,Ghaziabad
2025-03-01 09:00:00+00:00,24.622002,62.0,6.87779,Ghaziabad
2025-03-01 10:00:00+00:00,24.422,62.0,7.9932976,Ghaziabad
2025-03-01 11:00:00+00:00,24.172,62.0,7.2359104,Ghaziabad
2025-03-01 12:00:00+00:00,25.022001,57.0,2.8799999,Ghaziabad
2025-03-01 13:00:00+00:00,23.972,64.0,2.5455842,Ghaziabad
2025-03-01 14:00:00+00:00,22.772001,69.0,3.319036,Ghaziabad
2025-03-01 15:00:00+00:00,21.372002,76.0,4.5536795,Ghaziabad
2025-03-01 16:00:00+00:00,20.172,82.0,6.130579,Ghaziabad
2025-03-01 17:00:00+00:00,19.372002,86.0,7.2359104,Ghaziabad
2025-03-01 18:00:00+00:00,18.822,90.0,7.072878,Ghaziabad
2025-03-01 19:00:00+00:00,18.472,89.0,7.42159,Ghaziabad
2025-03-01 20:00:00+00:00,18.072,90.0,7.6367526,Ghaziabad
2025-03-01 21:00:00+00:00,17.772001,91.0,6.87779,Ghaziabad
2025-03-01 22:00:00+00:00,17.472,91.0,6.924738,Ghaziabad
2025-03-01 23:00:00+00:00,17.072,91.0,7.42159,Ghaziabad
2025-03-02 00:00:00+00:00,16.322,92.0,7.2,Ghaziabad
2025-03-02 01:00:00+00:00,15.971999,92.0,6.9153743,Ghaziabad
2025-03-02 02:00:00+00:00,15.922,91.0,6.638072,Ghaziabad
2025-03-02 03:00:00+00:00,17.272001,81.0,7.42159,Ghaziabad
2025-03-02 04:00:00+00:00,19.622002,65.0,8.669949,Ghaziabad
2025-03-02 05:00:00+00:00,22.272001,52.0,8.435069,Ghaziabad
2025-03-02 06:00:00+00:00,24.872002,36.0,9.686609,Ghaziabad
2025-03-02 07:00:00+00:00,26.372002,27.0,13.392774,Ghaziabad
2025-03-02 08:00:00+00:00,27.022001,23.0,14.05845,Ghaziabad
2025-03-02 09:00:00+00:00,27.122002,23.0,14.255272,Ghaziabad
2025-03-02 10:00:00+00:00,26.772001,24.0,14.021525,Ghaziabad
2025-03-02 11:00:00+00:00,25.972,24.0,12.768586,Ghaziabad
2025-03-02 12:00:00+00:00,24.122002,29.0,10.00256,Ghaziabad
2025-03-02 13:00:00+00:00,21.772001,39.0,6.12,Ghaziabad
2025-03-02 14:00:00+00:00,19.872002,47.0,5.95906,Ghaziabad
2025-03-02 15:00:00+00:00,18.522001,53.0,5.634891,Ghaziabad
2025-03-02 16:00:00+00:00,17.472,57.0,5.1919937,Ghaziabad
2025-03-02 17:00:00+00:00,16.522001,58.0,5.0911684,Ghaziabad
2025-03-02 18:00:00+00:00,14.722,71.0,4.8965297,Ghaziabad
2025-03-02 19:00:00+00:00,14.072,71.0,5.154415,Ghaziabad
2025-03-02 20:00:00+00:00,13.472,72.0,5.2416787,Ghaziabad
2025-03-02 21:00:00+00:00,13.022,74.0,5.506941,Ghaziabad
2025-03-02 22:00:00+00:00,12.622,75.0,5.506941,Ghaziabad
2025-03-02 23:00:00+00:00,12.372,76.0,4.802999,Ghaziabad
2025-03-03 00:00:00+00:00,11.922,81.0,4.0249224,Ghaziabad
2025-03-03 01:00:00+00:00,11.772,81.0,3.671294,Ghaziabad
2025-03-03 02:00:00+00:00,12.172,80.0,2.4149535,Ghaziabad
2025-03-03 03:00:00+00:00,14.772,77.0,1.08,Ghaziabad
2025-03-03 04:00:00+00:00,17.972,65.0,1.8,Ghaziabad
2025-03-03 05:00:00+00:00,20.722,60.0,3.8268526,Ghaziabad
2025-03-03 06:00:00+00:00,23.972,47.0,3.8268526,Ghaziabad
2025-03-03 07:00:00+00:00,25.772001,37.0,5.1165614,Ghaziabad
2025-03-03 08:00:00+00:00,26.922,33.0,4.829907,Ghaziabad
2025-03-03 09:00:00+00:00,27.272001,33.0,5.0911684,Ghaziabad
2025-03-03 10:00:00+00:00,27.172,33.0,5.0142193,Ghaziabad
2025-03-03 11:00:00+00:00,26.872002,35.0,4.3349743,Ghaziabad
2025-03-03 12:00:00+00:00,27.322,39.0,1.8,Ghaziabad
2025-03-03 13:00:00+00:00,25.772001,45.0,3.4152596,Ghaziabad
2025-03-03 14:00:00+00:00,23.872002,51.0,2.5455842,Ghaziabad
2025-03-03 15:00:00+00:00,23.222,52.0,4.452954,Ghaziabad
2025-03-03 16:00:00+00:00,21.572,58.0,4.198285,Ghaziabad
2025-03-03 17:00:00+00:00,20.522001,61.0,4.802999,Ghaziabad
2025-03-03 18:00:00+00:00,20.222,65.0,4.5536795,Ghaziabad
2025-03-03 19:00:00+00:00,19.672,68.0,4.1046314,Ghaziabad
2025-03-03 20:00:00+00:00,19.272001,70.0,4.0249224,Ghaziabad
2025-03-03 21:00:00+00:00,19.222,70.0,1.484318,Ghaziabad
2025-03-03 22:00:00+00:00,17.172,78.0,9.693296,Ghaziabad
2025-03-03 23:00:00+00:00,16.672,75.0,8.049845,Ghaziabad
2025-03-04 00:00:00+00:00,15.472,83.0,3.8268526,Ghaziabad
2025-03-04 01:00:00+00:00,15.222,85.0,3.6,Ghaziabad
2025-03-04 02:00:00+00:00,14.872,86.0,2.8799999,Ghaziabad
2025-03-04 03:00:00+00:00,16.822,79.0,1.2979984,Ghaziabad
2025-03-04 04:00:00+00:00,19.422,70.0,1.609969,Ghaziabad
2025-03-04 05:00:00+00:00,21.972,62.0,5.0528407,Ghaziabad
2025-03-04 06:00:00+00:00,23.622002,52.0,10.144082,Ghaziabad
2025-03-04 07:00:00+00:00,25.022001,49.0,11.435313,Ghaziabad
2025-03-04 08:00:00+00:00,25.972,39.0,13.849477,Ghaziabad
2025-03-04 09:00:00+00:00,26.122002,34.0,14.8257065,Ghaziabad
2025-03-04 10:00:00+00:00,25.872002,30.0,15.0038395,Ghaziabad
2025-03-04 11:00:00+00:00,25.072,29.0,14.693999,Ghaziabad
2025-03-04 12:00:00+00:00,23.272001,41.0,11.119281,Ghaziabad
2025-03-04 13:00:00+00:00,21.272001,50.0,9.360001,Ghaziabad
2025-03-04 14:00:00+00:00,19.822,57.0,10.028439,Ghaziabad
2025-03-04 15:00:00+00:00,18.422,61.0,9.659814,Ghaziabad
2025-03-04 16:00:00+00:00,17.172,66.0,8.854829,Ghaziabad
2025-03-04 17:00:00+00:00,16.222,69.0,8.707237,Ghaziabad
2025-03-04 18:00:00+00:00,15.772,72.0,9.826088,Ghaziabad
2025-03-04 19:00:00+00:00,15.022,73.0,10.00256,Ghaziabad
2025-03-04 20:00:00+00:00,14.422,74.0,10.00256,Ghaziabad
2025-03-04 21:00:00+00:00,13.772,74.0,10.144082,Ghaziabad
2025-03-04 22:00:00+00:00,13.272,75.0,11.592895,Ghaziabad
2025-03-04 23:00:00+00:00,12.822,75.0,12.245293,Ghaziabad
2025-03-05 00:00:00+00:00,12.472,72.0,13.441071,Ghaziabad
2025-03-05 01:00:00+00:00,12.022,70.0,13.5515,Ghaziabad
2025-03-05 02:00:00+00:00,11.922,67.0,13.896187,Ghaziabad
2025-03-05 03:00:00+00:00,13.222,60.0,15.379206,Ghaziabad
2025-03-05 04:00:00+00:00,15.472,53.0,17.782688,Ghaziabad
2025-03-05 05:00:00+00:00,17.922,46.0,18.681883,Ghaziabad
2025-03-05 06:00:00+00:00,20.222,38.0,17.068707,Ghaziabad
2025-03-05 07:00:00+00:00,21.922,33.0,17.873556,Ghaziabad
2025-03-05 08:00:00+00:00,23.172,30.0,18.678415,Ghaziabad
2025-03-05 09:00:00+00:00,23.822,28.0,19.33639,Ghaziabad
2025-03-05 10:00:00+00:00,23.822,27.0,18.514643,Ghaziabad
2025-03-05 11:00:00+00:00,23.372002,27.0,17.555307,Ghaziabad
2025-03-05 12:00:00+00:00,22.522001,30.0,15.646544,Ghaziabad
2025-03-05 13:00:00+00:00,20.622002,36.0,11.726277,Ghaziabad
2025-03-05 14:00:00+00:00,18.922,43.0,9.605998,Ghaziabad
2025-03-05 15:00:00+00:00,17.572,49.0,9.255571,Ghaziabad
2025-03-05 16:00:00+00:00,16.522001,53.0,9.227524,Ghaziabad
2025-03-05 17:00:00+00:00,15.672,55.0,8.854829,Ghaziabad
2025-03-05 18:00:00+00:00,15.522,56.0,9.360001,Ghaziabad
2025-03-05 19:00:00+00:00,14.772,58.0,9.028754,Ghaziabad
2025-03-05 20:00:00+00:00,14.072,61.0,8.891344,Ghaziabad
2025-03-05 21:00:00+00:00,13.522,62.0,9.0,Ghaziabad
2025-03-05 22:00:00+00:00,13.072,63.0,9.178235,Ghaziabad
2025-03-05 23:00:00+00:00,12.722,62.0,9.9571085,Ghaziabad
2025-03-06 00:00:00+00:00,12.472,63.0,11.013882,Ghaziabad
2025-03-06 01:00:00+00:00,12.272,62.0,10.739833,Ghaziabad
2025-03-06 02:00:00+00:00,12.472,62.0,10.931203,Ghaziabad
2025-03-06 03:00:00+00:00,14.222,58.0,11.165805,Ghaziabad
2025-03-06 04:00:00+00:00,16.872002,51.0,12.57426,Ghaziabad
2025-03-06 05:00:00+00:00,19.672,45.0,12.879752,Ghaziabad
2025-03-06 06:00:00+00:00,23.372002,32.0,13.089354,Ghaziabad
2025-03-06 07:00:00+00:00,25.372002,25.0,14.336861,Ghaziabad
2025-03-06 08:00:00+00:00,26.772001,22.0,14.039999,Ghaziabad
2025-03-06 09:00:00+00:00,27.572,21.0,13.708391,Ghaziabad
2025-03-06 10:00:00+00:00,27.822,20.0,12.979984,Ghaziabad
2025-03-06 11:00:00+00:00,27.422,20.0,12.43434,Ghaziabad
2025-03-06 12:00:00+00:00,25.972,26.0,8.825508,Ghaziabad
2025-03-06 13:00:00+00:00,23.272001,35.0,6.130579,Ghaziabad
2025-03-06 14:00:00+00:00,21.522001,41.0,5.771239,Ghaziabad
2025-03-06 15:00:00+00:00,20.272001,45.0,5.4119864,Ghaziabad
2025-03-06 16:00:00+00:00,19.422,47.0,4.379589,Ghaziabad
2025-03-06 17:00:00+00:00,18.722,48.0,4.39436,Ghaziabad
2025-03-06 18:00:00+00:00,14.472,71.0,4.6938252,Ghaziabad
2025-03-06 19:00:00+00:00,13.672,72.0,4.73506,Ghaziabad
2025-03-06 20:00:00+00:00,13.172,74.0,4.73506,Ghaziabad
2025-03-06 21:00:00+00:00,12.672,74.0,4.0249224,Ghaziabad
2025-03-06 22:00:00+00:00,12.372,75.0,2.8799999,Ghaziabad
2025-03-06 23:00:00+00:00,11.972,76.0,2.8116899,Ghaziabad
2025-03-07 00:00:00+00:00,11.172,83.0,2.968636,Ghaziabad
2025-03-07 01:00:00+00:00,10.772,85.0,3.6179552,Ghaziabad
2025-03-07 02:00:00+00:00,11.222,85.0,4.0249224,Ghaziabad
2025-03-07 03:00:00+00:00,14.572,79.0,3.2599385,Ghaziabad
2025-03-07 04:00:00+00:00,18.672,64.0,5.4119864,Ghaziabad
2025-03-07 05:00:00+00:00,21.822,55.0,5.4119864,Ghaziabad
2025-03-07 06:00:00+00:00,24.672,41.0,6.151683,Ghaziabad
2025-03-07 07:00:00+00:00,26.272001,36.0,7.289444,Ghaziabad
2025-03-07 08:00:00+00:00,27.372002,32.0,8.427383,Ghaziabad
2025-03-07 09:00:00+00:00,27.872002,32.0,8.557102,Ghaziabad
2025-03-07 10:00:00+00:00,27.872002,30.0,10.163227,Ghaziabad
2025-03-07 11:00:00+00:00,27.222,32.0,9.360001,Ghaziabad
2025-03-07 12:00:00+00:00,25.522001,40.0,6.0347,Ghaziabad
2025-03-07 13:00:00+00:00,22.522001,52.0,4.802999,Ghaziabad
2025-03-07 14:00:00+00:00,20.372002,58.0,5.0911684,Ghaziabad
2025-03-07 15:00:00+00:00,18.922,62.0,4.802999,Ghaziabad
2025-03-07 16:00:00+00:00,17.672,65.0,4.6938257,Ghaziabad
2025-03-07 17:00:00+00:00,16.672,68.0,4.5820518,Ghaziabad
2025-03-07 18:00:00+00:00,15.922,69.0,5.1165614,Ghaziabad
2025-03-07 19:00:00+00:00,15.022,71.0,5.634891,Ghaziabad
2025-03-07 20:00:00+00:00,14.522,72.0,5.815978,Ghaziabad
2025-03-07 21:00:00+00:00,13.972,74.0,4.39436,Ghaziabad
2025-03-07 22:00:00+00:00,13.372,76.0,3.96,Ghaziabad
2025-03-07 23:00:00+00:00,12.672,78.0,4.3349743,Ghaziabad
2025-02-04 00:00:00+00:00,13.852,83.0,4.3349743,Noida
2025-02-04 01:00:00+00:00,14.202,81.0,2.1897945,Noida
2025-02-04 02:00:00+00:00,14.302,80.0,1.484318,Noida
2025-02-04 03:00:00+00:00,14.902,78.0,0.8049845,Noida
2025-02-04 04:00:00+00:00,16.102,71.0,2.0991426,Noida
2025-02-04 05:00:00+00:00,17.802,67.0,1.609969,Noida
2025-02-04 06:00:00+00:00,20.602,52.0,1.835647,Noida
2025-02-04 07:00:00+00:00,22.252,49.0,3.6,Noida
2025-02-04 08:00:00+00:00,22.352,53.0,2.8116899,Noida
2025-02-04 09:00:00+00:00,22.352,55.0,2.5455842,Noida
2025-02-04 10:00:00+00:00,22.352,57.0,2.6208394,Noida
2025-02-04 11:00:00+00:00,22.102,59.0,2.968636,Noida
2025-02-04 12:00:00+00:00,22.102,59.0,4.452954,Noida
2025-02-04 13:00:00+00:00,20.552,68.0,3.671294,Noida
2025-02-04 14:00:00+00:00,19.302,73.0,3.6179552,Noida
2025-02-04 15:00:00+00:00,18.352,75.0,4.0249224,Noida
2025-02-04 16:00:00+00:00,17.702,78.0,3.219938,Noida
2025-02-04 17:00:00+00:00,17.202,80.0,3.319036,Noida
2025-02-04 18:00:00+00:00,16.152,83.0,3.7064266,Noida
2025-02-04 19:00:00+00:00,15.752,84.0,4.6102495,Noida
2025-02-04 20:00:00+00:00,15.402,86.0,6.8777895,Noida
2025-02-04 21:00:00+00:00,14.952,91.0,8.435069,Noida
2025-02-04 22:00:00+00:00,14.652,90.0,8.0899935,Noida
2025-02-04 23:00:00+00:00,14.452,87.0,7.10031,Noida
2025-02-05 00:00:00+00:00,14.002,87.0,6.489992,Noida
2025-02-05 01:00:00+00:00,13.402,88.0,5.692099,Noida
2025-02-05 02:00:00+00:00,12.702,88.0,5.3999996,Noida
2025-02-05 03:00:00+00:00,13.852,82.0,6.28713,Noida
2025-02-05 04:00:00+00:00,16.102,72.0,7.8954163,Noida
2025-02-05 05:00:00+00:00,18.452,60.0,9.511088,Noida
2025-02-05 06:00:00+00:00,19.952,47.0,9.227524,Noida
2025-02-05 07:00:00+00:00,21.352,39.0,11.592895,Noida
2025-02-05 08:00:00+00:00,22.152,35.0,12.413477,Noida
2025-02-05 09:00:00+00:00,22.452,32.0,12.10157,Noida
2025-02-05 10:00:00+00:00,22.302,30.0,12.594856,Noida
2025-02-05 11:00:00+00:00,21.602,32.0,12.287555,Noida
2025-02-05 12:00:00+00:00,20.702,37.0,8.089993,Noida
2025-02-05 13:00:00+00:00,18.452,47.0,4.802999,Noida
2025-02-05 14:00:00+00:00,16.802,56.0,4.379589,Noida
2025-02-05 15:00:00+00:00,15.502,63.0,4.452954,Noida
2025-02-05 16:00:00+00:00,14.452,68.0,4.6800003,Noida
2025-02-05 17:00:00+00:00,13.652,70.0,4.510787,Noida
2025-02-05 18:00:00+00:00,12.702,76.0,5.904439,Noida
2025-02-05 19:00:00+00:00,12.402,76.0,6.1094027,Noida
2025-02-05 20:00:00+00:00,12.202,75.0,6.9153743,Noida
2025-02-05 21:00:00+00:00,12.152,73.0,7.5942082,Noida
2025-02-05 22:00:00+00:00,12.052,72.0,8.217153,Noida
2025-02-05 23:00:00+00:00,11.752,73.0,7.9036193,Noida
2025-02-06 00:00:00+00:00,11.102,84.0,6.6087217,Noida
2025-02-06 01:00:00+00:00,10.752,83.0,6.297428,Noida
2025-02-06 02:00:00+00:00,10.652,83.0,6.193674,Noida
2025-02-06 03:00:00+00:00,12.552,74.0,6.989936,Noida
2025-02-06 04:00:00+00:00,15.702,62.0,9.085988,Noida
2025-02-06 05:00:00+00:00,18.552,52.0,9.726664,Noida
2025-02-06 06:00:00+00:00,20.852,36.0,14.05845,Noida
2025-02-06 07:00:00+00:00,21.702,31.0,15.273505,Noida
2025-02-06 08:00:00+00:00,22.102,32.0,15.30741,Noida
2025-02-06 09:00:00+00:00,22.152,31.0,15.580141,Noida
2025-02-06 10:00:00+00:00,21.802,31.0,14.565548,Noida
2025-02-06 11:00:00+00:00,20.902,33.0,13.276144,Noida
2025-02-06 12:00:00+00:00,20.802,31.0,10.97262,Noida
2025-02-06 13:00:00+00:00,18.452,40.0,6.489992,Noida
2025-02-06 14:00:00+00:00,16.602,49.0,6.12,Noida
2025-02-06 15:00:00+00:00,15.252,54.0,6.489992,Noida
2025-02-06 16:00:00+00:00,14.452,55.0,6.9527545,Noida
2025-02-06 17:00:00+00:00,13.902,57.0,7.5685663,Noida
2025-02-06 18:00:00+00:00,13.502,64.0,6.9247384,Noida
2025-02-06 19:00:00+00:00,12.902,65.0,6.9247384,Noida
2025-02-06 20:00:00+00:00,12.402,67.0,6.9247384,Noida
2025-02-06 21:00:00+00:00,12.152,66.0,7.9036193,Noida
2025-02-06 22:00:00+00:00,11.802,67.0,7.729527,Noida
2025-02-06 23:00:00+00:00,11.402,69.0,7.8954163,Noida
2025-02-07 00:00:00+00:00,11.452,73.0,8.534353,Noida
2025-02-07 01:00:00+00:00,11.152,74.0,8.373386,Noida
2025-02-07 02:00:00+00:00,10.952,74.0,8.427383,Noida
2025-02-07 03:00:00+00:00,12.202,69.0,8.891344,Noida
2025-02-07 04:00:00+00:00,14.552,61.0,9.028754,Noida
2025-02-07 05:00:00+00:00,17.102,53.0,9.693296,Noida
2025-02-07 06:00:00+00:00,19.202,40.0,11.298495,Noida
2025-02-07 07:00:00+00:00,20.852,32.0,15.077082,Noida
2025-02-07 08:00:00+00:00,21.552,31.0,15.277749,Noida
2025-02-07 09:00:00+00:00,21.902,31.0,13.779114,Noida
2025-02-07 10:00:00+00:00,21.852,32.0,13.089354,Noida
2025-02-07 11:00:00+00:00,21.302,34.0,11.792404,Noida
2025-02-07 12:00:00+00:00,21.102,34.0,9.178235,Noida
2025-02-07 13:00:00+00:00,19.052,43.0,6.0347,Noida
2025-02-07 14:00:00+00:00,17.502,51.0,5.8603754,Noida
2025-02-07 15:00:00+00:00,16.302,56.0,5.6920996,Noida
2025-02-07 16:00:00+00:00,15.302,59.0,6.151683,Noida
2025-02-07 17:00:00+00:00,14.502,60.0,6.151683,Noida
2025-02-07 18:00:00+00:00,13.652,65.0,5.634891,Noida
2025-02-07 19:00:00+00:00,13.102,66.0,5.634891,Noida
2025-02-07 20:00:00+00:00,12.652,67.0,5.815978,Noida
2025-02-07 21:00:00+00:00,12.252,68.0,5.815978,Noida
2025-02-07 22:00:00+00:00,11.902,69.0,6.0347,Noida
2025-02-07 23:00:00+00:00,11.702,69.0,6.638072,Noida
2025-02-08 00:00:00+00:00,11.802,72.0,6.830519,Noida
2025-02-08 01:00:00+00:00,11.552,72.0,7.072878,Noida
2025-02-08 02:00:00+00:00,11.602,72.0,7.172949,Noida
2025-02-08 03:00:00+00:00,12.752,68.0,8.311245,Noida
2025-02-08 04:00:00+00:00,15.002,60.0,9.107359,Noida
2025-02-08 05:00:00+00:00,17.702,52.0,10.464797,Noida
2025-02-08 06:00:00+00:00,21.152,37.0,9.19939,Noida
2025-02-08 07:00:00+00:00,23.252,30.0,10.195057,Noida
2025-02-08 08:00:00+00:00,24.752,25.0,9.957108,Noida
2025-02-08 09:00:00+00:00,25.402,25.0,9.220499,Noida
2025-02-08 10:00:00+00:00,25.602,25.0,8.714677,Noida
2025-02-08 11:00:00+00:00,25.102,27.0,7.7043357,Noida
2025-02-08 12:00:00+00:00,23.602,33.0,5.904439,Noida
2025-02-08 13:00:00+00:00,21.552,43.0,3.7585104,Noida
2025-02-08 14:00:00+00:00,19.952,49.0,3.9763298,Noida
2025-02-08 15:00:00+00:00,19.002,53.0,3.9763298,Noida
2025-02-08 16:00:00+00:00,17.902,57.0,4.3349743,Noida
2025-02-08 17:00:00+00:00,17.002,60.0,4.0249224,Noida
2025-02-08 18:00:00+00:00,14.202,77.0,4.198285,Noida
2025-02-08 19:00:00+00:00,13.502,79.0,3.8939953,Noida
2025-02-08 20:00:00+00:00,12.952,80.0,3.8939953,Noida
2025-02-08 21:00:00+00:00,12.552,80.0,3.8268526,Noida
2025-02-08 22:00:00+00:00,12.152,81.0,3.8939953,Noida
2025-02-08 23:00:00+00:00,11.752,82.0,3.7064266,Noida
2025-02-09 00:00:00+00:00,11.152,88.0,3.7064266,Noida
2025-02-09 01:00:00+00:00,10.902,88.0,3.8773184,Noida
2025-02-09 02:00:00+00:00,10.702,89.0,3.7585104,Noida
2025-02-09 03:00:00+00:00,12.102,85.0,2.968636,Noida
2025-02-09 04:00:00+00:00,15.452,72.0,3.7585104,Noida
2025-02-09 05:00:00+00:00,18.352,58.0,5.8048253,Noida
2025-02-09 06:00:00+00:00,21.252,47.0,4.3498964,Noida
2025-02-09 07:00:00+00:00,22.952,40.0,4.6800003,Noida
2025-02-09 08:00:00+00:00,24.402,34.0,4.802999,Noida
2025-02-09 09:00:00+00:00,25.202,30.0,5.0911684,Noida
2025-02-09 10:00:00+00:00,25.302,29.0,5.4477882,Noida
2025-02-09 11:00:00+00:00,24.902,30.0,4.802999,Noida
2025-02-09 12:00:00+00:00,24.402,35.0,3.0758414,Noida
2025-02-09 13:00:00+00:00,22.102,42.0,3.5455887,Noida
2025-02-09 14:00:00+00:00,20.302,48.0,3.396233,Noida
2025-02-09 15:00:00+00:00,19.002,53.0,3.319036,Noida
2025-02-09 16:00:00+00:00,18.252,55.0,2.9024127,Noida
2025-02-09 17:00:00+00:00,17.252,59.0,2.6208394,Noida
2025-02-09 18:00:00+00:00,14.102,79.0,2.4149535,Noida
2025-02-09 19:00:00+00:00,13.552,80.0,2.5455842,Noida
2025-02-09 20:00:00+00:00,13.052,83.0,3.096837,Noida
2025-02-09 21:00:00+00:00,12.802,83.0,3.8268526,Noida
2025-02-09 22:00:00+00:00,12.552,83.0,3.8268526,Noida
2025-02-09 23:00:00+00:00,12.202,84.0,4.072935,Noida
2025-02-10 00:00:00+00:00,12.552,86.0,3.319036,Noida
2025-02-10 01:00:00+00:00,12.452,87.0,3.0758414,Noida
2025-02-10 02:00:00+00:00,12.352,87.0,3.2599385,Noida
2025-02-10 03:00:00+00:00,13.902,85.0,3.6,Noida
2025-02-10 04:00:00+00:00,16.802,74.0,2.9024127,Noida
2025-02-10 05:00:00+00:00,20.302,63.0,2.8799999,Noida
2025-02-10 06:00:00+00:00,23.552,47.0,2.0991426,Noida
2025-02-10 07:00:00+00:00,25.502,39.0,4.829907,Noida
2025-02-10 08:00:00+00:00,26.652,35.0,6.151683,Noida
2025-02-10 09:00:00+00:00,27.102,33.0,6.87779,Noida
2025-02-10 10:00:00+00:00,26.902,33.0,7.2359104,Noida
2025-02-10 11:00:00+00:00,26.252,33.0,6.489992,Noida
2025-02-10 12:00:00+00:00,25.152,36.0,3.7064266,Noida
2025-02-10 13:00:00+00:00,22.702,45.0,3.8939953,Noida
2025-02-10 14:00:00+00:00,20.952,50.0,3.8268526,Noida
2025-02-10 15:00:00+00:00,20.102,52.0,3.396233,Noida
2025-02-10 16:00:00+00:00,19.502,53.0,2.8799999,Noida
2025-02-10 17:00:00+00:00,18.952,53.0,2.16,Noida
2025-02-10 18:00:00+00:00,15.502,76.0,1.8,Noida
2025-02-10 19:00:00+00:00,14.902,78.0,2.5455842,Noida
2025-02-10 20:00:00+00:00,14.252,81.0,3.0758414,Noida
2025-02-10 21:00:00+00:00,13.652,84.0,1.8,Noida
2025-02-10 22:00:00+00:00,12.952,87.0,2.2768397,Noida
2025-02-10 23:00:00+00:00,12.602,88.0,3.0547013,Noida
2025-02-11 00:00:00+00:00,11.452,93.0,2.5959969,Noida
2025-02-11 01:00:00+00:00,11.252,93.0,2.4149535,Noida
2025-02-11 02:00:00+00:00,11.202,92.0,2.7416782,Noida
2025-02-11 03:00:00+00:00,13.252,88.0,2.6208394,Noida
2025-02-11 04:00:00+00:00,17.652,71.0,1.0182338,Noida
2025-02-11 05:00:00+00:00,21.302,58.0,1.1384199,Noida
2025-02-11 06:00:00+00:00,25.152,41.0,1.609969,Noida
2025-02-11 07:00:00+00:00,26.852,36.0,2.8116899,Noida
2025-02-11 08:00:00+00:00,27.952,34.0,4.8965297,Noida
2025-02-11 09:00:00+00:00,28.202,32.0,7.127636,Noida
2025-02-11 10:00:00+00:00,27.852,31.0,8.404285,Noida
2025-02-11 11:00:00+00:00,26.852,33.0,7.7043357,Noida
2025-02-11 12:00:00+00:00,25.302,44.0,3.7585104,Noida
2025-02-11 13:00:00+00:00,22.052,54.0,4.3349743,Noida
2025-02-11 14:00:00+00:00,20.452,57.0,4.73506,Noida
2025-02-11 15:00:00+00:00,19.552,59.0,3.9763298,Noida
2025-02-11 16:00:00+00:00,18.602,60.0,3.4152596,Noida
2025-02-11 17:00:00+00:00,17.852,61.0,3.6179552,Noida
2025-02-11 18:00:00+00:00,16.202,75.0,2.1897945,Noida
2025-02-11 19:00:00+00:00,15.602,74.0,2.0991426,Noida
2025-02-11 20:00:00+00:00,14.952,76.0,3.096837,Noida
2025-02-11 21:00:00+00:00,14.602,77.0,4.3349743,Noida
2025-02-11 22:00:00+00:00,14.602,76.0,5.6233797,Noida
2025-02-11 23:00:00+00:00,14.502,77.0,7.386582,Noida
2025-02-12 00:00:00+00:00,12.902,90.0,5.6233797,Noida
2025-02-12 01:00:00+00:00,12.652,91.0,5.00128,Noida
2025-02-12 02:00:00+00:00,12.452,91.0,5.00128,Noida
2025-02-12 03:00:00+00:00,14.752,81.0,6.297428,Noida
2025-02-12 04:00:00+00:00,17.902,69.0,7.491114,Noida
2025-02-12 05:00:00+00:00,21.002,58.0,7.7043357,Noida
2025-02-12 06:00:00+00:00,23.802,43.0,9.178235,Noida
2025-02-12 07:00:00+00:00,25.102,31.0,13.392774,Noida
2025-02-12 08:00:00+00:00,25.452,25.0,14.386494,Noida
2025-02-12 09:00:00+00:00,25.402,23.0,14.57889,Noida
2025-02-12 10:00:00+00:00,25.052,23.0,13.779114,Noida
2025-02-12 11:00:00+00:00,24.152,23.0,12.4811535,Noida
2025-02-12 12:00:00+00:00,22.452,32.0,9.826088,Noida
2025-02-12 13:00:00+00:00,19.252,46.0,6.28713,Noida
2025-02-12 14:00:00+00:00,17.402,56.0,6.379216,Noida
2025-02-12 15:00:00+00:00,16.102,60.0,6.151683,Noida
2025-02-12 16:00:00+00:00,15.052,62.0,6.28713,Noida
2025-02-12 17:00:00+00:00,14.102,65.0,5.8048253,Noida
2025-02-12 18:00:00+00:00,13.452,71.0,5.991594,Noida
2025-02-12 19:00:00+00:00,12.952,72.0,5.692099,Noida
2025-02-12 20:00:00+00:00,12.552,73.0,5.692099,Noida
2025-02-12 21:00:00+00:00,12.202,72.0,5.904439,Noida
2025-02-12 22:00:00+00:00,11.952,70.0,6.193674,Noida
2025-02-12 23:00:00+00:00,11.702,69.0,6.297428,Noida
2025-02-13 00:00:00+00:00,11.802,75.0,6.6087217,Noida
2025-02-13 01:00:00+00:00,11.302,76.0,6.725354,Noida
2025-02-13 02:00:00+00:00,11.302,76.0,7.5942073,Noida
2025-02-13 03:00:00+00:00,13.402,68.0,9.779817,Noida
2025-02-13 04:00:00+00:00,16.252,59.0,10.823973,Noida
2025-02-13 05:00:00+00:00,19.202,50.0,11.570515,Noida
2025-02-13 06:00:00+00:00,22.152,38.0,14.24163,Noida
2025-02-13 07:00:00+00:00,23.402,31.0,15.496736,Noida
2025-02-13 08:00:00+00:00,24.152,29.0,14.654254,Noida
2025-02-13 09:00:00+00:00,24.502,29.0,14.654254,Noida
2025-02-13 10:00:00+00:00,24.302,29.0,13.854155,Noida
2025-02-13 11:00:00+00:00,23.602,31.0,12.879752,Noida
2025-02-13 12:00:00+00:00,22.302,34.0,10.630672,Noida
2025-02-13 13:00:00+00:00,19.552,45.0,6.830519,Noida
2025-02-13 14:00:00+00:00,17.702,54.0,6.379216,Noida
2025-02-13 15:00:00+00:00,16.402,58.0,6.379216,Noida
2025-02-13 16:00:00+00:00,15.352,59.0,6.379216,Noida
2025-02-13 17:00:00+00:00,14.502,61.0,6.28713,Noida
2025-02-13 18:00:00+00:00,14.752,60.0,7.172949,Noida
2025-02-13 19:00:00+00:00,14.102,61.0,6.830519,Noida
2025-02-13 20:00:00+00:00,13.652,62.0,6.763786,Noida
2025-02-13 21:00:00+00:00,13.202,62.0,6.28713,Noida
2025-02-13 22:00:00+00:00,12.702,64.0,6.28713,Noida
2025-02-13 23:00:00+00:00,12.152,67.0,6.0347,Noida
2025-02-14 00:00:00+00:00,11.602,73.0,6.379216,Noida
2025-02-14 01:00:00+00:00,11.302,75.0,6.28713,Noida
2025-02-14 02:00:00+00:00,11.252,75.0,6.5693827,Noida
2025-02-14 03:00:00+00:00,13.352,67.0,8.049845,Noida
2025-02-14 04:00:00+00:00,16.352,57.0,9.605998,Noida
2025-02-14 05:00:00+00:00,19.402,47.0,10.739833,Noida
2025-02-14 06:00:00+00:00,22.202,36.0,11.620809,Noida
2025-02-14 07:00:00+00:00,24.052,31.0,13.237039,Noida
2025-02-14 08:00:00+00:00,25.202,28.0,13.37825,Noida
2025-02-14 09:00:00+00:00,25.752,26.0,13.527572,Noida
2025-02-14 10:00:00+00:00,25.752,28.0,12.43434,Noida
2025-02-14 11:00:00+00:00,25.202,28.0,11.592895,Noida
2025-02-14 12:00:00+00:00,24.152,33.0,8.766573,Noida
2025-02-14 13:00:00+00:00,21.602,43.0,5.4477882,Noida
2025-02-14 14:00:00+00:00,19.802,51.0,5.4477882,Noida
2025-02-14 15:00:00+00:00,18.602,56.0,5.1544156,Noida
2025-02-14 16:00:00+00:00,17.802,58.0,4.829907,Noida
2025-02-14 17:00:00+00:00,17.202,58.0,4.8965297,Noida
2025-02-14 18:00:00+00:00,15.652,71.0,4.198285,Noida
2025-02-14 19:00:00+00:00,15.202,70.0,4.2136917,Noida
2025-02-14 20:00:00+00:00,14.702,71.0,3.8773184,Noida
2025-02-14 21:00:00+00:00,14.002,71.0,3.8939953,Noida
2025-02-14 22:00:00+00:00,13.452,71.0,4.1046314,Noida
2025-02-14 23:00:00+00:00,13.152,71.0,3.7064266,Noida
2025-02-15 00:00:00+00:00,12.752,78.0,3.671294,Noida
2025-02-15 01:00:00+00:00,12.752,76.0,3.4152596,Noida
2025-02-15 02:00:00+00:00,13.052,75.0,3.0758414,Noida
2025-02-15 03:00:00+00:00,14.602,72.0,1.609969,Noida
2025-02-15 04:00:00+00:00,17.952,63.0,1.609969,Noida
2025-02-15 05:00:00+00:00,20.852,51.0,4.3498964,Noida
2025-02-15 06:00:00+00:00,22.302,44.0,6.849467,Noida
2025-02-15 07:00:00+00:00,23.602,40.0,7.8625183,Noida
2025-02-15 08:00:00+00:00,24.602,36.0,9.028754,Noida
2025-02-15 09:00:00+00:00,24.902,35.0,9.885262,Noida
2025-02-15 10:00:00+00:00,24.702,35.0,9.686609,Noida
2025-02-15 11:00:00+00:00,23.952,38.0,8.913181,Noida
2025-02-15 12:00:00+00:00,24.252,42.0,3.6,Noida
2025-02-15 13:00:00+00:00,21.852,52.0,3.6,Noida
2025-02-15 14:00:00+00:00,20.552,54.0,3.319036,Noida
2025-02-15 15:00:00+00:00,19.552,55.0,3.6,Noida
2025-02-15 16:00:00+00:00,18.602,57.0,3.0758414,Noida
2025-02-15 17:00:00+00:00,17.352,60.0,2.5455842,Noida
2025-02-15 18:00:00+00:00,15.602,69.0,1.2979984,Noida
2025-02-15 19:00:00+00:00,14.852,71.0,3.2599385,Noida
2025-02-15 20:00:00+00:00,14.302,73.0,3.2399998,Noida
2025-02-15 21:00:00+00:00,13.852,74.0,3.4152596,Noida
2025-02-15 22:00:00+00:00,13.452,75.0,4.0249224,Noida
2025-02-15 23:00:00+00:00,13.202,75.0,4.0249224,Noida
2025-02-16 00:00:00+00:00,12.052,86.0,2.9024127,Noida
2025-02-16 01:00:00+00:00,11.502,88.0,2.1897945,Noida
2025-02-16 02:00:00+00:00,11.202,91.0,1.484318,Noida
2025-02-16 03:00:00+00:00,13.102,89.0,0.71999997,Noida
2025-02-16 04:00:00+00:00,17.802,74.0,0.35999998,Noida
2025-02-16 05:00:00+00:00,21.252,61.0,0.35999998,Noida
2025-02-16 06:00:00+00:00,24.352,49.0,1.8,Noida
2025-02-16 07:00:00+00:00,25.452,42.0,0.0,Noida
2025-02-16 08:00:00+00:00,26.552,36.0,2.16,Noida
2025-02-16 09:00:00+00:00,26.402,36.0,5.495161,Noida
2025-02-16 10:00:00+00:00,25.802,37.0,6.8777895,Noida
2025-02-16 11:00:00+00:00,24.552,43.0,6.6087217,Noida
2025-02-16 12:00:00+00:00,23.452,52.0,4.8965297,Noida
2025-02-16 13:00:00+00:00,21.252,60.0,5.00128,Noida
2025-02-16 14:00:00+00:00,19.902,66.0,4.5536795,Noida
2025-02-16 15:00:00+00:00,19.002,69.0,4.3349743,Noida
2025-02-16 16:00:00+00:00,18.302,72.0,3.9763298,Noida
2025-02-16 17:00:00+00:00,18.152,71.0,2.6208394,Noida
2025-02-16 18:00:00+00:00,17.052,77.0,3.2599385,Noida
2025-02-16 19:00:00+00:00,16.802,77.0,5.0528407,Noida
2025-02-16 20:00:00+00:00,16.202,78.0,3.7585104,Noida
2025-02-16 21:00:00+00:00,16.102,77.0,3.2399998,Noida
2025-02-16 22:00:00+00:00,15.502,78.0,5.5887027,Noida
2025-02-16 23:00:00+00:00,14.452,82.0,4.3498964,Noida
2025-02-17 00:00:00+00:00,13.502,86.0,1.1384199,Noida
2025-02-17 01:00:00+00:00,13.052,87.0,2.52,Noida
2025-02-17 02:00:00+00:00,12.852,89.0,1.1384199,Noida
2025-02-17 03:00:00+00:00,14.802,85.0,1.08,Noida
2025-02-17 04:00:00+00:00,18.802,69.0,0.8049845,Noida
2025-02-17 05:00:00+00:00,21.602,61.0,1.835647,Noida
2025-02-17 06:00:00+00:00,22.802,51.0,1.08,Noida
2025-02-17 07:00:00+00:00,24.602,44.0,0.71999997,Noida
2025-02-17 08:00:00+00:00,25.752,40.0,1.2979984,Noida
2025-02-17 09:00:00+00:00,26.402,39.0,2.1897945,Noida
2025-02-17 10:00:00+00:00,26.602,38.0,3.671294,Noida
2025-02-17 11:00:00+00:00,26.152,40.0,4.3349743,Noida
2025-02-17 12:00:00+00:00,25.152,47.0,3.4152596,Noida
2025-02-17 13:00:00+00:00,22.402,59.0,3.4152596,Noida
2025-02-17 14:00:00+00:00,20.552,64.0,3.9763298,Noida
2025-02-17 15:00:00+00:00,19.502,65.0,2.5455842,Noida
2025-02-17 16:00:00+00:00,18.652,66.0,2.52,Noida
2025-02-17 17:00:00+00:00,18.152,66.0,3.6,Noida
2025-02-17 18:00:00+00:00,17.002,76.0,3.5455887,Noida
2025-02-17 19:00:00+00:00,16.752,75.0,4.6938257,Noida
2025-02-17 20:00:00+00:00,16.302,78.0,4.896529,Noida
2025-02-17 21:00:00+00:00,16.302,77.0,3.671294,Noida
2025-02-17 22:00:00+00:00,16.001999,77.0,4.32,Noida
2025-02-17 23:00:00+00:00,15.302,79.0,4.452954,Noida
2025-02-18 00:00:00+00:00,14.502,84.0,3.396233,Noida
2025-02-18 01:00:00+00:00,14.302,84.0,2.6208394,Noida
2025-02-18 02:00:00+00:00,14.402,83.0,3.219938,Noida
2025-02-18 03:00:00+00:00,15.852,79.0,5.2416787,Noida
2025-02-18 04:00:00+00:00,18.352,71.0,3.9763298,Noida
2025-02-18 05:00:00+00:00,21.052,60.0,6.519877,Noida
2025-02-18 06:00:00+00:00,23.002,54.0,5.506941,Noida
2025-02-18 07:00:00+00:00,24.852,46.0,5.8048253,Noida
2025-02-18 08:00:00+00:00,25.902,42.0,6.162207,Noida
2025-02-18 09:00:00+00:00,26.452,40.0,6.130579,Noida
2025-02-18 10:00:00+00:00,26.652,36.0,6.519877,Noida
2025-02-18 11:00:00+00:00,26.202,34.0,6.8399997,Noida
2025-02-18 12:00:00+00:00,25.252,35.0,4.68,Noida
2025-02-18 13:00:00+00:00,22.452,47.0,3.96,Noida
2025-02-18 14:00:00+00:00,20.752,52.0,4.0249224,Noida
2025-02-18 15:00:00+00:00,19.702,54.0,4.0249224,Noida
2025-02-18 16:00:00+00:00,18.652,57.0,4.452954,Noida
2025-02-18 17:00:00+00:00,17.452,61.0,4.6938252,Noida
2025-02-18 18:00:00+00:00,16.402,71.0,4.6102495,Noida
2025-02-18 19:00:00+00:00,15.602,75.0,4.3349743,Noida
2025-02-18 20:00:00+00:00,15.152,77.0,3.8268526,Noida
2025-02-18 21:00:00+00:00,14.752,78.0,3.8939953,Noida
2025-02-18 22:00:00+00:00,14.252,79.0,4.3498964,Noida
2025-02-18 23:00:00+00:00,13.552,81.0,4.0249224,Noida
2025-02-19 00:00:00+00:00,12.852,87.0,4.0249224,Noida
2025-02-19 01:00:00+00:00,12.452,88.0,4.0249224,Noida
2025-02-19 02:00:00+00:00,12.402,88.0,3.671294,Noida
2025-02-19 03:00:00+00:00,14.702,82.0,2.8799999,Noida
2025-02-19 04:00:00+00:00,18.652,66.0,3.2399998,Noida
2025-02-19 05:00:00+00:00,22.002,52.0,5.0528407,Noida
2025-02-19 06:00:00+00:00,23.952,44.0,4.5536795,Noida
2025-02-19 07:00:00+00:00,25.602,38.0,5.0142193,Noida
2025-02-19 08:00:00+00:00,26.352,35.0,5.8048253,Noida
2025-02-19 09:00:00+00:00,26.602,32.0,6.28713,Noida
2025-02-19 10:00:00+00:00,26.552,31.0,5.815978,Noida
2025-02-19 11:00:00+00:00,25.802,33.0,5.3517847,Noida
2025-02-19 12:00:00+00:00,25.002,41.0,2.3051248,Noida
2025-02-19 13:00:00+00:00,23.702,45.0,1.08,Noida
2025-02-19 14:00:00+00:00,22.502,46.0,2.0364676,Noida
2025-02-19 15:00:00+00:00,21.552,48.0,3.8939953,Noida
2025-02-19 16:00:00+00:00,20.802,49.0,1.835647,Noida
2025-02-19 17:00:00+00:00,20.152,51.0,4.39436,Noida
2025-02-19 18:00:00+00:00,17.802,71.0,0.8049845,Noida
2025-02-19 19:00:00+00:00,16.652,85.0,9.114471,Noida
2025-02-19 20:00:00+00:00,16.052,90.0,3.6,Noida
2025-02-19 21:00:00+00:00,15.652,92.0,5.3517847,Noida
2025-02-19 22:00:00+00:00,15.502,93.0,3.0547013,Noida
2025-02-19 23:00:00+00:00,15.302,93.0,5.5887027,Noida
2025-02-20 00:00:00+00:00,15.452,92.0,4.1046314,Noida
2025-02-20 01:00:00+00:00,15.302,93.0,8.089993,Noida
2025-02-20 02:00:00+00:00,15.352,92.0,7.771331,Noida
2025-02-20 03:00:00+00:00,16.352,88.0,8.373386,Noida
2025-02-20 04:00:00+00:00,17.552,84.0,8.287822,Noida
2025-02-20 05:00:00+00:00,18.452,80.0,10.24578,Noida
2025-02-20 06:00:00+00:00,20.652,69.0,9.387651,Noida
2025-02-20 07:00:00+00:00,21.802,66.0,12.605142,Noida
2025-02-20 08:00:00+00:00,23.102,61.0,13.138765,Noida
2025-02-20 09:00:00+00:00,24.052,55.0,14.458382,Noida
2025-02-20 10:00:00+00:00,24.552,52.0,14.658676,Noida
2025-02-20 11:00:00+00:00,23.802,54.0,8.669949,Noida
2025-02-20 12:00:00+00:00,23.552,52.0,9.290511,Noida
2025-02-20 13:00:00+00:00,21.802,59.0,6.763786,Noida
2025-02-20 14:00:00+00:00,20.402,65.0,8.4042845,Noida
2025-02-20 15:00:00+00:00,19.702,67.0,9.346143,Noida
2025-02-20 16:00:00+00:00,18.602,73.0,5.3999996,Noida
2025-02-20 17:00:00+00:00,17.802,77.0,8.287822,Noida
2025-02-20 18:00:00+00:00,17.352,79.0,8.373386,Noida
2025-02-20 19:00:00+00:00,16.752,83.0,6.763786,Noida
2025-02-20 20:00:00+00:00,16.502,86.0,5.3999996,Noida
2025-02-20 21:00:00+00:00,16.202,88.0,5.8603754,Noida
2025-02-20 22:00:00+00:00,15.852,88.0,5.991594,Noida
2025-02-20 23:00:00+00:00,15.552,87.0,5.2416787,Noida
2025-02-21 00:00:00+00:00,15.352,89.0,3.7585104,Noida
2025-02-21 01:00:00+00:00,15.102,88.0,1.484318,Noida
2025-02-21 02:00:00+00:00,14.502,90.0,3.096837,Noida
2025-02-21 03:00:00+00:00,16.052,83.0,2.5455842,Noida
2025-02-21 04:00:00+00:00,18.502,70.0,1.8,Noida
2025-02-21 05:00:00+00:00,21.052,60.0,2.9024127,Noida
2025-02-21 06:00:00+00:00,23.802,48.0,2.3051248,Noida
2025-02-21 07:00:00+00:00,25.152,44.0,2.16,Noida
2025-02-21 08:00:00+00:00,26.152,40.0,2.5455842,Noida
2025-02-21 09:00:00+00:00,26.602,39.0,4.379589,Noida
2025-02-21 10:00:00+00:00,26.452,39.0,6.151683,Noida
2025-02-21 11:00:00+00:00,25.852,40.0,7.8954163,Noida
2025-02-21 12:00:00+00:00,23.952,49.0,6.792466,Noida
2025-02-21 13:00:00+00:00,22.202,58.0,5.95906,Noida
2025-02-21 14:00:00+00:00,21.052,67.0,5.815978,Noida
2025-02-21 15:00:00+00:00,20.252,72.0,6.489992,Noida
2025-02-21 16:00:00+00:00,19.352,73.0,6.379216,Noida
2025-02-21 17:00:00+00:00,18.352,75.0,6.489992,Noida
2025-02-21 18:00:00+00:00,17.802,81.0,5.815978,Noida
2025-02-21 19:00:00+00:00,17.052,81.0,5.95906,Noida
2025-02-21 20:00:00+00:00,16.502,81.0,5.95906,Noida
2025-02-21 21:00:00+00:00,15.902,82.0,5.95906,Noida
2025-02-21 22:00:00+00:00,15.452,82.0,6.28713,Noida
2025-02-21 23:00:00+00:00,15.002,84.0,6.830519,Noida
2025-02-22 00:00:00+00:00,14.052,91.0,6.28713,Noida
2025-02-22 01:00:00+00:00,13.602,93.0,6.0347,Noida
2025-02-22 02:00:00+00:00,13.402,93.0,5.5887027,Noida
2025-02-22 03:00:00+00:00,14.952,84.0,7.42159,Noida
2025-02-22 04:00:00+00:00,17.202,74.0,7.8954163,Noida
2025-02-22 05:00:00+00:00,19.452,66.0,6.9527545,Noida
2025-02-22 06:00:00+00:00,20.752,58.0,7.5942082,Noida
2025-02-22 07:00:00+00:00,22.252,51.0,7.8954163,Noida
2025-02-22 08:00:00+00:00,23.202,44.0,9.178235,Noida
2025-02-22 09:00:00+00:00,23.702,42.0,9.659814,Noida
2025-02-22 10:00:00+00:00,23.702,42.0,9.178235,Noida
2025-02-22 11:00:00+00:00,23.152,45.0,9.028754,Noida
2025-02-22 12:00:00+00:00,22.302,50.0,7.628263,Noida
2025-02-22 13:00:00+00:00,20.252,61.0,5.1544156,Noida
2025-02-22 14:00:00+00:00,18.802,69.0,4.802999,Noida
2025-02-22 15:00:00+00:00,17.802,74.0,4.5536795,Noida
2025-02-22 16:00:00+00:00,17.052,77.0,4.3498964,Noida
2025-02-22 17:00:00+00:00,16.452,80.0,4.198285,Noida
2025-02-22 18:00:00+00:00,15.752,85.0,4.3349743,Noida
2025-02-22 19:00:00+00:00,15.352,85.0,3.8268526,Noida
2025-02-22 20:00:00+00:00,15.002,86.0,3.8939953,Noida
2025-02-22 21:00:00+00:00,14.652,86.0,3.8773184,Noida
2025-02-22 22:00:00+00:00,14.302,87.0,4.0249224,Noida
2025-02-22 23:00:00+00:00,14.002,87.0,3.8939953,Noida
2025-02-23 00:00:00+00:00,13.602,90.0,3.319036,Noida
2025-02-23 01:00:00+00:00,13.352,90.0,3.563818,Noida
2025-02-23 02:00:00+00:00,13.302,90.0,3.6,Noida
2025-02-23 03:00:00+00:00,15.202,85.0,3.096837,Noida
2025-02-23 04:00:00+00:00,18.202,72.0,4.6102495,Noida
2025-02-23 05:00:00+00:00,20.752,61.0,5.315336,Noida
2025-02-23 06:00:00+00:00,22.902,50.0,5.315336,Noida
2025-02-23 07:00:00+00:00,24.152,44.0,5.8603754,Noida
2025-02-23 08:00:00+00:00,25.052,40.0,6.1305785,Noida
2025-02-23 09:00:00+00:00,25.402,38.0,5.991594,Noida
2025-02-23 10:00:00+00:00,25.302,39.0,6.12,Noida
2025-02-23 11:00:00+00:00,24.702,41.0,6.6185193,Noida
2025-02-23 12:00:00+00:00,24.202,43.0,5.2416787,Noida
2025-02-23 13:00:00+00:00,21.902,56.0,4.0249224,Noida
2025-02-23 14:00:00+00:00,20.352,62.0,3.9763298,Noida
2025-02-23 15:00:00+00:00,19.502,65.0,3.2399998,Noida
2025-02-23 16:00:00+00:00,18.952,65.0,2.8799999,Noida
2025-02-23 17:00:00+00:00,18.352,66.0,2.968636,Noida
2025-02-23 18:00:00+00:00,16.202,80.0,3.8268526,Noida
2025-02-23 19:00:00+00:00,15.702,81.0,4.3498964,Noida
2025-02-23 20:00:00+00:00,14.802,85.0,4.3498964,Noida
2025-02-23 21:00:00+00:00,14.152,88.0,3.5455887,Noida
2025-02-23 22:00:00+00:00,14.002,86.0,3.096837,Noida
2025-02-23 23:00:00+00:00,13.852,85.0,2.9024127,Noida
2025-02-24 00:00:00+00:00,12.652,92.0,3.8773184,Noida
2025-02-24 01:00:00+00:00,12.552,91.0,3.5455887,Noida
2025-02-24 02:00:00+00:00,12.602,92.0,3.0758414,Noida
2025-02-24 03:00:00+00:00,14.702,88.0,1.8,Noida
2025-02-24 04:00:00+00:00,18.752,72.0,2.2768397,Noida
2025-02-24 05:00:00+00:00,21.602,63.0,1.9386592,Noida
2025-02-24 06:00:00+00:00,23.752,50.0,3.8268526,Noida
2025-02-24 07:00:00+00:00,24.952,43.0,5.1165614,Noida
2025-02-24 08:00:00+00:00,25.752,39.0,5.3517847,Noida
2025-02-24 09:00:00+00:00,26.102,36.0,6.193674,Noida
2025-02-24 10:00:00+00:00,26.002,35.0,6.9153743,Noida
2025-02-24 11:00:00+00:00,25.352,37.0,6.9153743,Noida
2025-02-24 12:00:00+00:00,24.402,43.0,5.1165614,Noida
2025-02-24 13:00:00+00:00,21.652,57.0,3.8939953,Noida
2025-02-24 14:00:00+00:00,19.952,64.0,3.8268526,Noida
2025-02-24 15:00:00+00:00,19.002,66.0,3.8939953,Noida
2025-02-24 16:00:00+00:00,18.202,69.0,4.1046314,Noida
2025-02-24 17:00:00+00:00,17.502,73.0,3.8939953,Noida
2025-02-24 18:00:00+00:00,16.952,78.0,3.5455887,Noida
2025-02-24 19:00:00+00:00,16.402,79.0,2.968636,Noida
2025-02-24 20:00:00+00:00,16.001999,80.0,2.4149535,Noida
2025-02-24 21:00:00+00:00,15.452,81.0,1.8,Noida
2025-02-24 22:00:00+00:00,14.902,82.0,2.5455842,Noida
2025-02-24 23:00:00+00:00,14.352,83.0,1.4399999,Noida
2025-02-25 00:00:00+00:00,13.502,90.0,3.2599385,Noida
2025-02-25 01:00:00+00:00,13.152,91.0,3.6179552,Noida
2025-02-25 02:00:00+00:00,13.052,93.0,3.319036,Noida
2025-02-25 03:00:00+00:00,14.952,90.0,2.16,Noida
2025-02-25 04:00:00+00:00,19.652,73.0,1.484318,Noida
2025-02-25 05:00:00+00:00,22.652,60.0,2.52,Noida
2025-02-25 06:00:00+00:00,24.852,45.0,1.484318,Noida
2025-02-25 07:00:00+00:00,26.002,40.0,2.3051248,Noida
2025-02-25 08:00:00+00:00,26.902,37.0,4.0249224,Noida
2025-02-25 09:00:00+00:00,27.202,37.0,5.7599998,Noida
2025-02-25 10:00:00+00:00,27.002,37.0,6.9899354,Noida
2025-02-25 11:00:00+00:00,26.352,38.0,6.379216,Noida
2025-02-25 12:00:00+00:00,25.402,46.0,2.7416782,Noida
2025-02-25 13:00:00+00:00,23.452,55.0,2.6208394,Noida
2025-02-25 14:00:00+00:00,21.952,58.0,2.1897945,Noida
2025-02-25 15:00:00+00:00,20.852,60.0,1.835647,Noida
2025-02-25 16:00:00+00:00,19.952,62.0,1.4399999,Noida
2025-02-25 17:00:00+00:00,19.102,64.0,2.8116899,Noida
2025-02-25 18:00:00+00:00,18.252,72.0,3.7064266,Noida
2025-02-25 19:00:00+00:00,17.802,72.0,3.6,Noida
2025-02-25 20:00:00+00:00,17.252,75.0,3.319036,Noida
2025-02-25 21:00:00+00:00,16.852,78.0,4.452954,Noida
2025-02-25 22:00:00+00:00,16.152,82.0,4.452954,Noida
2025-02-25 23:00:00+00:00,15.552,86.0,3.8268526,Noida
2025-02-26 00:00:00+00:00,15.702,90.0,2.5455842,Noida
2025-02-26 01:00:00+00:00,15.602,91.0,4.0249224,Noida
2025-02-26 02:00:00+00:00,15.802,91.0,2.52,Noida
2025-02-26 03:00:00+00:00,17.252,89.0,1.1384199,Noida
2025-02-26 04:00:00+00:00,19.752,79.0,4.2136917,Noida
2025-02-26 05:00:00+00:00,22.002,71.0,3.219938,Noida
2025-02-26 06:00:00+00:00,25.752,52.0,6.297428,Noida
2025-02-26 07:00:00+00:00,27.302,46.0,4.6102495,Noida
2025-02-26 08:00:00+00:00,28.502,43.0,5.00128,Noida
2025-02-26 09:00:00+00:00,29.052,40.0,2.4149535,Noida
2025-02-26 10:00:00+00:00,29.152,40.0,1.8,Noida
2025-02-26 11:00:00+00:00,28.652,42.0,5.634891,Noida
2025-02-26 12:00:00+00:00,28.202,47.0,1.8,Noida
2025-02-26 13:00:00+00:00,26.302,57.0,1.8,Noida
2025-02-26 14:00:00+00:00,24.752,58.0,4.510787,Noida
2025-02-26 15:00:00+00:00,23.702,60.0,5.4119864,Noida
2025-02-26 16:00:00+00:00,23.452,53.0,4.1046314,Noida
2025-02-26 17:00:00+00:00,22.852,54.0,3.8268526,Noida
2025-02-26 18:00:00+00:00,22.152,65.0,4.8965297,Noida
2025-02-26 19:00:00+00:00,21.402,65.0,3.319036,Noida
2025-02-26 20:00:00+00:00,20.952,67.0,2.1897945,Noida
2025-02-26 21:00:00+00:00,20.352,68.0,0.35999998,Noida
2025-02-26 22:00:00+00:00,19.052,75.0,4.072935,Noida
2025-02-26 23:00:00+00:00,18.352,81.0,4.3349743,Noida
2025-02-27 00:00:00+00:00,18.402,83.0,3.2599385,Noida
2025-02-27 01:00:00+00:00,18.252,84.0,4.1046314,Noida
2025-02-27 02:00:00+00:00,18.452,83.0,8.225035,Noida
2025-02-27 03:00:00+00:00,19.102,82.0,8.64,Noida
2025-02-27 04:00:00+00:00,20.052,79.0,8.557102,Noida
2025-02-27 05:00:00+00:00,20.702,77.0,8.161764,Noida
2025-02-27 06:00:00+00:00,21.152,75.0,9.793059,Noida
2025-02-27 07:00:00+00:00,21.502,76.0,9.3669195,Noida
2025-02-27 08:00:00+00:00,21.902,73.0,9.983106,Noida
2025-02-27 09:00:00+00:00,21.852,75.0,11.966953,Noida
2025-02-27 10:00:00+00:00,22.502,72.0,11.440978,Noida
2025-02-27 11:00:00+00:00,22.452,73.0,8.654986,Noida
2025-02-27 12:00:00+00:00,21.852,72.0,10.30883,Noida
2025-02-27 13:00:00+00:00,20.652,78.0,8.12197,Noida
2025-02-27 14:00:00+00:00,19.652,82.0,5.4119864,Noida
2025-02-27 15:00:00+00:00,19.152,81.0,7.072878,Noida
2025-02-27 16:00:00+00:00,18.702,81.0,4.510787,Noida
2025-02-27 17:00:00+00:00,18.402,80.0,3.319036,Noida
2025-02-27 18:00:00+00:00,18.452,82.0,5.1544156,Noida
2025-02-27 19:00:00+00:00,18.402,80.0,4.802999,Noida
2025-02-27 20:00:00+00:00,18.152,79.0,5.1544156,Noida
2025-02-27 21:00:00+00:00,17.952,78.0,5.7599998,Noida
2025-02-27 22:00:00+00:00,17.552,80.0,5.8603754,Noida
2025-02-27 23:00:00+00:00,17.302,82.0,7.2,Noida
2025-02-28 00:00:00+00:00,17.702,78.0,7.42159,Noida
2025-02-28 01:00:00+00:00,17.302,80.0,6.924738,Noida
2025-02-28 02:00:00+00:00,17.202,80.0,6.379216,Noida
2025-02-28 03:00:00+00:00,17.852,77.0,7.24486,Noida
2025-02-28 04:00:00+00:00,19.302,71.0,8.854829,Noida
2025-02-28 05:00:00+00:00,21.002,66.0,9.504273,Noida
2025-02-28 06:00:00+00:00,22.952,64.0,9.904906,Noida
2025-02-28 07:00:00+00:00,24.052,60.0,8.699793,Noida
2025-02-28 08:00:00+00:00,25.202,57.0,7.8954163,Noida
2025-02-28 09:00:00+00:00,25.752,56.0,4.6800003,Noida
2025-02-28 10:00:00+00:00,26.002,55.0,6.5693827,Noida
2025-02-28 11:00:00+00:00,26.052,55.0,8.049845,Noida
2025-02-28 12:00:00+00:00,24.852,63.0,4.5820518,Noida
2025-02-28 13:00:00+00:00,23.452,73.0,3.6179552,Noida
2025-02-28 14:00:00+00:00,22.102,80.0,6.0347,Noida
2025-02-28 15:00:00+00:00,20.802,85.0,7.10031,Noida
2025-02-28 16:00:00+00:00,19.952,89.0,6.1305785,Noida
2025-02-28 17:00:00+00:00,19.502,90.0,7.289445,Noida
2025-02-28 18:00:00+00:00,19.152,91.0,6.9247384,Noida
2025-02-28 19:00:00+00:00,18.602,90.0,5.904439,Noida
2025-02-28 20:00:00+00:00,18.252,91.0,5.5887027,Noida
2025-02-28 21:00:00+00:00,17.852,92.0,6.2145634,Noida
2025-02-28 22:00:00+00:00,17.302,94.0,5.1544156,Noida
2025-02-28 23:00:00+00:00,17.252,95.0,6.9247384,Noida
2025-03-01 00:00:00+00:00,17.402,94.0,3.8939953,Noida
2025-03-01 01:00:00+00:00,17.202,95.0,3.5455887,Noida
2025-03-01 02:00:00+00:00,17.352,94.0,4.6800003,Noida
2025-03-01 03:00:00+00:00,18.252,91.0,5.937272,Noida
2025-03-01 04:00:00+00:00,19.752,84.0,5.6920996,Noida
2025-03-01 05:00:00+00:00,21.402,78.0,5.506941,Noida
2025-03-01 06:00:00+00:00,23.302,71.0,2.5455842,Noida
2025-03-01 07:00:00+00:00,24.552,64.0,1.835647,Noida
2025-03-01 08:00:00+00:00,25.052,63.0,4.6800003,Noida
2025-03-01 09:00:00+00:00,25.052,63.0,5.3999996,Noida
2025-03-01 10:00:00+00:00,25.052,62.0,6.87779,Noida
2025-03-01 11:00:00+00:00,24.552,63.0,6.28713,Noida
2025-03-01 12:00:00+00:00,24.802,64.0,3.219938,Noida
2025-03-01 13:00:00+00:00,23.502,71.0,0.5091169,Noida
2025-03-01 14:00:00+00:00,23.202,69.0,2.6208394,Noida
2025-03-01 15:00:00+00:00,22.152,74.0,2.16,Noida
2025-03-01 16:00:00+00:00,21.952,71.0,3.671294,Noida
2025-03-01 17:00:00+00:00,20.102,81.0,5.3999996,Noida
2025-03-01 18:00:00+00:00,19.352,89.0,6.725354,Noida
2025-03-01 19:00:00+00:00,18.952,89.0,6.379216,Noida
2025-03-01 20:00:00+00:00,18.852,87.0,5.8603754,Noida
2025-03-01 21:00:00+00:00,18.602,88.0,5.4119864,Noida
2025-03-01 22:00:00+00:00,18.202,89.0,5.506941,Noida
2025-03-01 23:00:00+00:00,17.802,90.0,6.28713,Noida
2025-03-02 00:00:00+00:00,17.002,90.0,5.904439,Noida
2025-03-02 01:00:00+00:00,16.702,90.0,5.904439,Noida
2025-03-02 02:00:00+00:00,16.602,89.0,5.6233797,Noida
2025-03-02 03:00:00+00:00,18.052,79.0,7.42159,Noida
2025-03-02 04:00:00+00:00,20.452,62.0,7.7043357,Noida
2025-03-02 05:00:00+00:00,23.152,44.0,9.021574,Noida
2025-03-02 06:00:00+00:00,25.602,31.0,9.511088,Noida
2025-03-02 07:00:00+00:00,26.902,25.0,12.7279215,Noida
2025-03-02 08:00:00+00:00,27.452,23.0,12.88981,Noida
2025-03-02 09:00:00+00:00,27.552,22.0,13.004922,Noida
2025-03-02 10:00:00+00:00,27.252,22.0,12.7279215,Noida
2025-03-02 11:00:00+00:00,26.502,23.0,11.966954,Noida
2025-03-02 12:00:00+00:00,24.702,27.0,9.585739,Noida
2025-03-02 13:00:00+00:00,22.502,36.0,5.95906,Noida
2025-03-02 14:00:00+00:00,20.702,43.0,5.0142193,Noida
2025-03-02 15:00:00+00:00,19.252,50.0,5.0142193,Noida
2025-03-02 16:00:00+00:00,18.102,55.0,4.6938257,Noida
2025-03-02 17:00:00+00:00,17.152,57.0,4.8433046,Noida
2025-03-02 18:00:00+00:00,15.202,72.0,4.6938257,Noida
2025-03-02 19:00:00+00:00,14.602,71.0,4.6800003,Noida
2025-03-02 20:00:00+00:00,14.102,71.0,4.896529,Noida
2025-03-02 21:00:00+00:00,13.752,72.0,4.1046314,Noida
2025-03-02 22:00:00+00:00,13.452,72.0,4.0249224,Noida
2025-03-02 23:00:00+00:00,13.302,72.0,3.6,Noida
2025-03-03 00:00:00+00:00,13.152,76.0,2.8116899,Noida
2025-03-03 01:00:00+00:00,13.052,75.0,2.9024127,Noida
2025-03-03 02:00:00+00:00,13.502,73.0,2.8799999,Noida
2025-03-03 03:00:00+00:00,15.752,70.0,1.8,Noida
2025-03-03 04:00:00+00:00,18.952,60.0,2.9024127,Noida
2025-03-03 05:00:00+00:00,21.752,52.0,3.8773184,Noida
2025-03-03 06:00:00+00:00,24.852,39.0,3.7064266,Noida
2025-03-03 07:00:00+00:00,26.652,32.0,4.3349743,Noida
2025-03-03 08:00:00+00:00,27.802,30.0,4.3349743,Noida
2025-03-03 09:00:00+00:00,28.252,30.0,4.6938257,Noida
2025-03-03 10:00:00+00:00,28.202,31.0,3.7585104,Noida
2025-03-03 11:00:00+00:00,27.602,34.0,1.08,Noida
2025-03-03 12:00:00+00:00,27.802,36.0,2.2768397,Noida
2025-03-03 13:00:00+00:00,25.252,48.0,3.8939953,Noida
2025-03-03 14:00:00+00:00,23.452,55.0,3.5455887,Noida
2025-03-03 15:00:00+00:00,22.302,59.0,4.0249224,Noida
2025-03-03 16:00:00+00:00,21.552,60.0,4.3349743,Noida
2025-03-03 17:00:00+00:00,20.852,61.0,5.6002855,Noida
2025-03-03 18:00:00+00:00,20.602,66.0,4.198285,Noida
2025-03-03 19:00:00+00:00,20.102,68.0,3.8939953,Noida
2025-03-03 20:00:00+00:00,19.652,70.0,4.73506,Noida
2025-03-03 21:00:00+00:00,19.402,72.0,4.0249224,Noida
2025-03-03 22:00:00+00:00,18.952,75.0,3.671294,Noida
2025-03-03 23:00:00+00:00,16.752,83.0,6.638072,Noida
2025-03-04 00:00:00+00:00,16.302,83.0,3.8939953,Noida
2025-03-04 01:00:00+00:00,15.802,85.0,3.319036,Noida
2025-03-04 02:00:00+00:00,15.452,87.0,3.7064266,Noida
2025-03-04 03:00:00+00:00,17.202,78.0,3.319036,Noida
2025-03-04 04:00:00+00:00,19.652,67.0,4.3349743,Noida
2025-03-04 05:00:00+00:00,22.602,57.0,7.10031,Noida
2025-03-04 06:00:00+00:00,24.152,48.0,11.4862,Noida
2025-03-04 07:00:00+00:00,25.452,44.0,12.594856,Noida
2025-03-04 08:00:00+00:00,26.202,38.0,14.20062,Noida
2025-03-04 09:00:00+00:00,26.502,31.0,15.1884165,Noida
2025-03-04 10:00:00+00:00,26.302,26.0,15.683774,Noida
2025-03-04 11:00:00+00:00,25.502,26.0,15.683774,Noida
2025-03-04 12:00:00+00:00,23.802,36.0,12.413477,Noida
2025-03-04 13:00:00+00:00,21.752,46.0,10.163227,Noida
2025-03-04 14:00:00+00:00,20.002,55.0,9.360001,Noida
2025-03-04 15:00:00+00:00,18.652,61.0,9.339208,Noida
2025-03-04 16:00:00+00:00,17.702,64.0,8.854829,Noida
2025-03-04 17:00:00+00:00,16.902,65.0,8.217153,Noida
2025-03-04 18:00:00+00:00,16.302,70.0,9.021574,Noida
2025-03-04 19:00:00+00:00,15.502,71.0,9.693296,Noida
2025-03-04 20:00:00+00:00,14.852,72.0,9.693296,Noida
2025-03-04 21:00:00+00:00,14.202,72.0,10.144082,Noida
2025-03-04 22:00:00+00:00,13.702,72.0,11.435313,Noida
2025-03-04 23:00:00+00:00,13.252,74.0,12.074766,Noida
2025-03-05 00:00:00+00:00,12.852,71.0,12.768586,Noida
2025-03-05 01:00:00+00:00,12.352,69.0,12.758432,Noida
2025-03-05 02:00:00+00:00,12.252,65.0,13.207634,Noida
2025-03-05 03:00:00+00:00,13.652,57.0,15.034041,Noida
2025-03-05 04:00:00+00:00,16.052,48.0,17.31746,Noida
2025-03-05 05:00:00+00:00,18.552,41.0,18.837322,Noida
2025-03-05 06:00:00+00:00,20.702,35.0,17.238699,Noida
2025-03-05 07:00:00+00:00,22.352,30.0,18.043148,Noida
2025-03-05 08:00:00+00:00,23.552,28.0,18.532135,Noida
2025-03-05 09:00:00+00:00,24.252,26.0,18.709612,Noida
2025-03-05 10:00:00+00:00,24.352,25.0,18.514643,Noida
2025-03-05 11:00:00+00:00,23.902,25.0,17.388409,Noida
2025-03-05 12:00:00+00:00,23.102,28.0,15.844089,Noida
2025-03-05 13:00:00+00:00,21.202,33.0,12.303366,Noida
2025-03-05 14:00:00+00:00,19.452,40.0,9.565437,Noida
2025-03-05 15:00:00+00:00,18.352,44.0,9.0,Noida
2025-03-05 16:00:00+00:00,17.452,47.0,9.227524,Noida
2025-03-05 17:00:00+00:00,16.602,49.0,9.360001,Noida
2025-03-05 18:00:00+00:00,16.252,51.0,9.360001,Noida
2025-03-05 19:00:00+00:00,15.552,52.0,9.360001,Noida
2025-03-05 20:00:00+00:00,15.002,54.0,9.360001,Noida
2025-03-05 21:00:00+00:00,14.452,55.0,9.565437,Noida
2025-03-05 22:00:00+00:00,14.002,56.0,9.449572,Noida
2025-03-05 23:00:00+00:00,13.652,56.0,9.793058,Noida
2025-03-06 00:00:00+00:00,13.052,60.0,10.137692,Noida
2025-03-06 01:00:00+00:00,12.902,60.0,10.483357,Noida
2025-03-06 02:00:00+00:00,13.052,60.0,10.829959,Noida
2025-03-06 03:00:00+00:00,14.852,56.0,11.384199,Noida
2025-03-06 04:00:00+00:00,17.602,48.0,12.768586,Noida
2025-03-06 05:00:00+00:00,20.502,41.0,12.72283,Noida
2025-03-06 06:00:00+00:00,24.052,28.0,13.584932,Noida
2025-03-06 07:00:00+00:00,25.852,24.0,14.021525,Noida
2025-03-06 08:00:00+00:00,27.252,21.0,13.37825,Noida
2025-03-06 09:00:00+00:00,28.052,18.0,13.527572,Noida
2025-03-06 10:00:00+00:00,28.302,18.0,12.43434,Noida
2025-03-06 11:00:00+00:00,27.952,17.0,11.91812,Noida
2025-03-06 12:00:00+00:00,26.602,22.0,8.766573,Noida
2025-03-06 13:00:00+00:00,24.102,31.0,5.4477882,Noida
2025-03-06 14:00:00+00:00,22.102,38.0,5.0528407,Noida
2025-03-06 15:00:00+00:00,20.652,41.0,5.0528407,Noida
2025-03-06 16:00:00+00:00,19.752,43.0,4.3349743,Noida
2025-03-06 17:00:00+00:00,19.302,43.0,4.0249224,Noida
2025-03-06 18:00:00+00:00,14.852,69.0,4.32,Noida
2025-03-06 19:00:00+00:00,14.802,66.0,4.73506,Noida
2025-03-06 20:00:00+00:00,13.852,71.0,3.2599385,Noida
2025-03-06 21:00:00+00:00,13.402,72.0,3.219938,Noida
2025-03-06 22:00:00+00:00,13.102,72.0,2.8116899,Noida
2025-03-06 23:00:00+00:00,12.852,72.0,3.396233,Noida
2025-03-07 00:00:00+00:00,11.752,81.0,3.2599385,Noida
2025-03-07 01:00:00+00:00,11.552,81.0,3.671294,Noida
2025-03-07 02:00:00+00:00,12.002,81.0,3.671294,Noida
2025-03-07 03:00:00+00:00,15.202,75.0,2.5455842,Noida
2025-03-07 04:00:00+00:00,19.752,60.0,3.9763298,Noida
2025-03-07 05:00:00+00:00,22.952,50.0,5.0528407,Noida
2025-03-07 06:00:00+00:00,25.952,35.0,6.379216,Noida
2025-03-07 07:00:00+00:00,27.352,30.0,7.628263,Noida
2025-03-07 08:00:00+00:00,28.252,28.0,8.089993,Noida
2025-03-07 09:00:00+00:00,28.602,27.0,8.766573,Noida
2025-03-07 10:00:00+00:00,28.502,27.0,9.504273,Noida
2025-03-07 11:00:00+00:00,27.802,29.0,9.178235,Noida
2025-03-07 12:00:00+00:00,26.152,36.0,6.28713,Noida
2025-03-07 13:00:00+00:00,22.952,49.0,4.452954,Noida
2025-03-07 14:00:00+00:00,20.452,57.0,4.73506,Noida
2025-03-07 15:00:00+00:00,18.802,63.0,4.379589,Noida
2025-03-07 16:00:00+00:00,17.502,67.0,4.6938257,Noida
2025-03-07 17:00:00+00:00,16.852,67.0,4.5820518,Noida
2025-03-07 18:00:00+00:00,16.552,66.0,5.00128,Noida
2025-03-07 19:00:00+00:00,16.302,65.0,4.8965297,Noida
2025-03-07 20:00:00+00:00,15.652,66.0,4.8965297,Noida
2025-03-07 21:00:00+00:00,14.552,71.0,4.6800003,Noida
2025-03-07 22:00:00+00:00,13.352,77.0,4.379589,Noida
2025-03-07 23:00:00+00:00,12.302,81.0,4.32,Noida
2025-02-04 00:00:00+00:00,19.2305,80.0,4.510787,Coimbatore
2025-02-04 01:00:00+00:00,18.8305,83.0,4.0249224,Coimbatore
2025-02-04 02:00:00+00:00,19.030499,83.0,3.8773184,Coimbatore
2025-02-04 03:00:00+00:00,22.380499,74.0,4.3498964,Coimbatore
2025-02-04 04:00:00+00:00,24.380499,70.0,7.491114,Coimbatore
2025-02-04 05:00:00+00:00,26.530499,61.0,9.387651,Coimbatore
2025-02-04 06:00:00+00:00,29.1805,48.0,12.4811535,Coimbatore
2025-02-04 07:00:00+00:00,30.9305,33.0,14.186923,Coimbatore
2025-02-04 08:00:00+00:00,32.0305,28.0,13.979872,Coimbatore
2025-02-04 09:00:00+00:00,32.580498,26.0,14.081477,Coimbatore
2025-02-04 10:00:00+00:00,32.7305,24.0,13.891522,Coimbatore
2025-02-04 11:00:00+00:00,32.4305,23.0,14.007655,Coimbatore
2025-02-04 12:00:00+00:00,31.630499,22.0,13.202726,Coimbatore
2025-02-04 13:00:00+00:00,29.2305,29.0,8.39657,Coimbatore
2025-02-04 14:00:00+00:00,27.1805,35.0,5.6233797,Coimbatore
2025-02-04 15:00:00+00:00,26.0805,41.0,3.7064266,Coimbatore
2025-02-04 16:00:00+00:00,25.0805,46.0,2.9024127,Coimbatore
2025-02-04 17:00:00+00:00,24.4805,51.0,2.5455842,Coimbatore
2025-02-04 18:00:00+00:00,23.4805,52.0,3.6,Coimbatore
2025-02-04 19:00:00+00:00,22.3305,58.0,4.73506,Coimbatore
2025-02-04 20:00:00+00:00,21.280499,64.0,5.154415,Coimbatore
2025-02-04 21:00:00+00:00,20.8305,69.0,5.4833565,Coimbatore
2025-02-04 22:00:00+00:00,20.4805,72.0,5.0142193,Coimbatore
2025-02-04 23:00:00+00:00,20.0805,75.0,4.896529,Coimbatore
2025-02-05 00:00:00+00:00,19.9305,75.0,4.73506,Coimbatore
2025-02-05 01:00:00+00:00,19.4805,78.0,5.04,Coimbatore
2025-02-05 02:00:00+00:00,19.6805,79.0,4.3349743,Coimbatore
2025-02-05 03:00:00+00:00,22.530499,72.0,5.991594,Coimbatore
2025-02-05 04:00:00+00:00,24.630499,64.0,9.659814,Coimbatore
2025-02-05 05:00:00+00:00,26.5805,56.0,12.7279215,Coimbatore
2025-02-05 06:00:00+00:00,28.9305,46.0,12.88981,Coimbatore
2025-02-05 07:00:00+00:00,30.3305,39.0,14.386494,Coimbatore
2025-02-05 08:00:00+00:00,31.3305,35.0,14.693999,Coimbatore
2025-02-05 09:00:00+00:00,32.0305,31.0,15.463246,Coimbatore
2025-02-05 10:00:00+00:00,32.2305,29.0,16.1198,Coimbatore
2025-02-05 11:00:00+00:00,31.880499,30.0,15.509274,Coimbatore
2025-02-05 12:00:00+00:00,30.780499,34.0,14.986553,Coimbatore
2025-02-05 13:00:00+00:00,29.030499,39.0,10.00256,Coimbatore
2025-02-05 14:00:00+00:00,27.1805,47.0,6.638072,Coimbatore
2025-02-05 15:00:00+00:00,26.030499,53.0,4.6938257,Coimbatore
2025-02-05 16:00:00+00:00,25.1805,58.0,3.7585104,Coimbatore
2025-02-05 17:00:00+00:00,24.530499,59.0,4.8433046,Coimbatore
2025-02-05 18:00:00+00:00,23.9805,61.0,6.1305785,Coimbatore
2025-02-05 19:00:00+00:00,23.130499,65.0,5.3517847,Coimbatore
2025-02-05 20:00:00+00:00,22.0805,71.0,4.68,Coimbatore
2025-02-05 21:00:00+00:00,21.280499,76.0,4.73506,Coimbatore
2025-02-05 22:00:00+00:00,20.630499,81.0,4.802999,Coimbatore
2025-02-05 23:00:00+00:00,20.0805,85.0,4.802999,Coimbatore
2025-02-06 00:00:00+00:00,19.630499,79.0,4.379589,Coimbatore
2025-02-06 01:00:00+00:00,19.130499,80.0,4.3349743,Coimbatore
2025-02-06 02:00:00+00:00,19.2305,79.0,4.452954,Coimbatore
2025-02-06 03:00:00+00:00,21.9805,79.0,7.653705,Coimbatore
2025-02-06 04:00:00+00:00,23.880499,78.0,10.514218,Coimbatore
2025-02-06 05:00:00+00:00,25.880499,67.0,13.783817,Coimbatore
2025-02-06 06:00:00+00:00,28.130499,55.0,16.563911,Coimbatore
2025-02-06 07:00:00+00:00,29.630499,45.0,17.309975,Coimbatore
2025-02-06 08:00:00+00:00,30.6805,38.0,18.289274,Coimbatore
2025-02-06 09:00:00+00:00,31.280499,37.0,18.671474,Coimbatore
2025-02-06 10:00:00+00:00,31.380499,35.0,18.709612,Coimbatore
2025-02-06 11:00:00+00:00,30.9805,34.0,18.837322,Coimbatore
2025-02-06 12:00:00+00:00,30.030499,37.0,16.923828,Coimbatore
2025-02-06 13:00:00+00:00,28.130499,45.0,12.7279215,Coimbatore
2025-02-06 14:00:00+00:00,26.280499,56.0,8.891343,Coimbatore
2025-02-06 15:00:00+00:00,25.130499,62.0,5.692099,Coimbatore
2025-02-06 16:00:00+00:00,24.6805,64.0,3.7064266,Coimbatore
2025-02-06 17:00:00+00:00,24.0805,66.0,5.00128,Coimbatore
2025-02-06 18:00:00+00:00,23.8305,67.0,5.692099,Coimbatore
2025-02-06 19:00:00+00:00,23.3305,69.0,5.6233797,Coimbatore
2025-02-06 20:00:00+00:00,22.530499,74.0,5.0142193,Coimbatore
2025-02-06 21:00:00+00:00,21.530499,80.0,4.6938252,Coimbatore
2025-02-06 22:00:00+00:00,20.780499,85.0,4.68,Coimbatore
2025-02-06 23:00:00+00:00,20.2305,88.0,4.68,Coimbatore
2025-02-07 00:00:00+00:00,19.9305,89.0,4.68,Coimbatore
2025-02-07 01:00:00+00:00,19.4305,91.0,4.3349743,Coimbatore
2025-02-07 02:00:00+00:00,19.530499,92.0,3.6179552,Coimbatore
2025-02-07 03:00:00+00:00,22.280499,82.0,5.95906,Coimbatore
2025-02-07 04:00:00+00:00,24.280499,72.0,8.913181,Coimbatore
2025-02-07 05:00:00+00:00,26.3305,61.0,12.475961,Coimbatore
2025-02-07 06:00:00+00:00,29.0805,41.0,14.336861,Coimbatore
2025-02-07 07:00:00+00:00,30.4305,32.0,15.990646,Coimbatore
2025-02-07 08:00:00+00:00,31.4805,28.0,16.610792,Coimbatore
2025-02-07 09:00:00+00:00,32.0305,25.0,16.1198,Coimbatore
2025-02-07 10:00:00+00:00,32.2805,22.0,16.746773,Coimbatore
2025-02-07 11:00:00+00:00,31.780499,23.0,16.311613,Coimbatore
2025-02-07 12:00:00+00:00,30.630499,24.0,15.484185,Coimbatore
2025-02-07 13:00:00+00:00,28.4305,32.0,9.83268,Coimbatore
2025-02-07 14:00:00+00:00,26.380499,42.0,6.297428,Coimbatore
2025-02-07 15:00:00+00:00,25.130499,50.0,5.0911684,Coimbatore
2025-02-07 16:00:00+00:00,24.2305,56.0,4.5820518,Coimbatore
2025-02-07 17:00:00+00:00,23.3305,57.0,5.8603754,Coimbatore
2025-02-07 18:00:00+00:00,22.780499,55.0,6.12,Coimbatore
2025-02-07 19:00:00+00:00,21.780499,60.0,5.8603754,Coimbatore
2025-02-07 20:00:00+00:00,21.030499,64.0,5.04,Coimbatore
2025-02-07 21:00:00+00:00,20.4305,69.0,5.04,Coimbatore
2025-02-07 22:00:00+00:00,19.880499,74.0,4.6938252,Coimbatore
2025-02-07 23:00:00+00:00,19.3305,78.0,4.73506,Coimbatore
2025-02-08 00:00:00+00:00,19.030499,82.0,4.73506,Coimbatore
2025-02-08 01:00:00+00:00,18.4805,84.0,3.9763298,Coimbatore
2025-02-08 02:00:00+00:00,18.630499,83.0,3.2399998,Coimbatore
2025-02-08 03:00:00+00:00,22.0805,70.0,4.6938257,Coimbatore
2025-02-08 04:00:00+00:00,24.9305,62.0,8.209263,Coimbatore
2025-02-08 05:00:00+00:00,27.4805,46.0,13.493999,Coimbatore
2025-02-08 06:00:00+00:00,29.4805,34.0,15.683774,Coimbatore
2025-02-08 07:00:00+00:00,30.5805,32.0,17.555307,Coimbatore
2025-02-08 08:00:00+00:00,31.4805,30.0,18.514643,Coimbatore
2025-02-08 09:00:00+00:00,31.9305,29.0,19.66536,Coimbatore
2025-02-08 10:00:00+00:00,31.780499,30.0,20.268991,Coimbatore
2025-02-08 11:00:00+00:00,31.2305,32.0,19.242327,Coimbatore
2025-02-08 12:00:00+00:00,30.0805,36.0,15.978486,Coimbatore
2025-02-08 13:00:00+00:00,28.4305,42.0,10.931203,Coimbatore
2025-02-08 14:00:00+00:00,26.8305,49.0,4.8433046,Coimbatore
2025-02-08 15:00:00+00:00,25.9805,53.0,3.319036,Coimbatore
2025-02-08 16:00:00+00:00,25.2305,55.0,4.510787,Coimbatore
2025-02-08 17:00:00+00:00,24.2305,60.0,4.8433046,Coimbatore
2025-02-08 18:00:00+00:00,23.5805,64.0,5.495161,Coimbatore
2025-02-08 19:00:00+00:00,22.7305,69.0,5.1544156,Coimbatore
2025-02-08 20:00:00+00:00,22.130499,73.0,4.68,Coimbatore
2025-02-08 21:00:00+00:00,21.6805,76.0,4.6938252,Coimbatore
2025-02-08 22:00:00+00:00,21.2305,79.0,4.32,Coimbatore
2025-02-08 23:00:00+00:00,20.7305,83.0,3.9763298,Coimbatore
2025-02-09 00:00:00+00:00,20.3305,83.0,4.379589,Coimbatore
2025-02-09 01:00:00+00:00,19.880499,86.0,3.8773184,Coimbatore
2025-02-09 02:00:00+00:00,20.030499,88.0,3.8939953,Coimbatore
2025-02-09 03:00:00+00:00,22.530499,78.0,6.4096174,Coimbatore
2025-02-09 04:00:00+00:00,24.8305,67.0,9.339208,Coimbatore
2025-02-09 05:00:00+00:00,27.0805,59.0,13.104198,Coimbatore
2025-02-09 06:00:00+00:00,29.2305,46.0,16.923828,Coimbatore
2025-02-09 07:00:00+00:00,30.7305,37.0,18.388212,Coimbatore
2025-02-09 08:00:00+00:00,31.780499,32.0,19.191748,Coimbatore
2025-02-09 09:00:00+00:00,32.2805,30.0,19.592731,Coimbatore
2025-02-09 10:00:00+00:00,32.080498,31.0,19.242327,Coimbatore
2025-02-09 11:00:00+00:00,31.280499,36.0,17.654686,Coimbatore
2025-02-09 12:00:00+00:00,30.4805,37.0,14.689589,Coimbatore
2025-02-09 13:00:00+00:00,28.9805,41.0,10.24578,Coimbatore
2025-02-09 14:00:00+00:00,27.1805,49.0,5.815978,Coimbatore
2025-02-09 15:00:00+00:00,26.280499,53.0,5.0528407,Coimbatore
2025-02-09 16:00:00+00:00,25.4805,58.0,7.208994,Coimbatore
2025-02-09 17:00:00+00:00,24.780499,63.0,6.489992,Coimbatore
2025-02-09 18:00:00+00:00,24.130499,66.0,6.12,Coimbatore
2025-02-09 19:00:00+00:00,23.3305,71.0,5.495161,Coimbatore
2025-02-09 20:00:00+00:00,22.7305,75.0,5.2416787,Coimbatore
2025-02-09 21:00:00+00:00,22.130499,80.0,5.0528407,Coimbatore
2025-02-09 22:00:00+00:00,21.880499,82.0,4.68,Coimbatore
2025-02-09 23:00:00+00:00,21.630499,84.0,4.6938252,Coimbatore
2025-02-10 00:00:00+00:00,21.530499,82.0,4.452954,Coimbatore
2025-02-10 01:00:00+00:00,21.1805,84.0,4.5536795,Coimbatore
2025-02-10 02:00:00+00:00,21.2305,84.0,4.3498964,Coimbatore
2025-02-10 03:00:00+00:00,22.530499,78.0,8.534353,Coimbatore
2025-02-10 04:00:00+00:00,24.2305,69.0,12.904882,Coimbatore
2025-02-10 05:00:00+00:00,26.1805,60.0,14.336861,Coimbatore
2025-02-10 06:00:00+00:00,27.7305,52.0,17.555307,Coimbatore
2025-02-10 07:00:00+00:00,29.0805,45.0,17.87718,Coimbatore
2025-02-10 08:00:00+00:00,30.0805,40.0,18.204042,Coimbatore
2025-02-10 09:00:00+00:00,30.780499,34.0,18.514643,Coimbatore
2025-02-10 10:00:00+00:00,30.880499,34.0,17.87718,Coimbatore
2025-02-10 11:00:00+00:00,30.5805,33.0,17.399586,Coimbatore
2025-02-10 12:00:00+00:00,29.9305,32.0,16.279802,Coimbatore
2025-02-10 13:00:00+00:00,28.0805,39.0,11.770403,Coimbatore
2025-02-10 14:00:00+00:00,26.1805,47.0,7.2,Coimbatore
2025-02-10 15:00:00+00:00,24.9305,54.0,5.1165614,Coimbatore
2025-02-10 16:00:00+00:00,24.2305,59.0,3.2599385,Coimbatore
2025-02-10 17:00:00+00:00,23.3305,63.0,3.8268526,Coimbatore
2025-02-10 18:00:00+00:00,22.9305,66.0,4.0249224,Coimbatore
2025-02-10 19:00:00+00:00,22.7305,66.0,5.6233797,Coimbatore
2025-02-10 20:00:00+00:00,22.1805,70.0,5.1919937,Coimbatore
2025-02-10 21:00:00+00:00,21.530499,75.0,3.396233,Coimbatore
2025-02-10 22:00:00+00:00,20.780499,80.0,3.9763298,Coimbatore
2025-02-10 23:00:00+00:00,20.0805,85.0,4.896529,Coimbatore
2025-02-11 00:00:00+00:00,19.8305,84.0,5.0911684,Coimbatore
2025-02-11 01:00:00+00:00,19.6805,84.0,5.1544156,Coimbatore
2025-02-11 02:00:00+00:00,20.1805,81.0,4.896529,Coimbatore
2025-02-11 03:00:00+00:00,22.5805,70.0,6.9899354,Coimbatore
2025-02-11 04:00:00+00:00,24.530499,61.0,9.931042,Coimbatore
2025-02-11 05:00:00+00:00,26.5805,53.0,12.397806,Coimbatore
2025-02-11 06:00:00+00:00,28.380499,47.0,11.91812,Coimbatore
2025-02-11 07:00:00+00:00,30.1805,37.0,12.7279215,Coimbatore
2025-02-11 08:00:00+00:00,31.630499,28.0,13.0447235,Coimbatore
2025-02-11 09:00:00+00:00,32.4305,24.0,14.33234,Coimbatore
2025-02-11 10:00:00+00:00,32.7805,23.0,14.986553,Coimbatore
2025-02-11 11:00:00+00:00,32.6305,21.0,15.175612,Coimbatore
2025-02-11 12:00:00+00:00,31.9805,19.0,14.81259,Coimbatore
2025-02-11 13:00:00+00:00,29.530499,23.0,9.693296,Coimbatore
2025-02-11 14:00:00+00:00,27.130499,30.0,6.618519,Coimbatore
2025-02-11 15:00:00+00:00,25.4805,37.0,5.00128,Coimbatore
2025-02-11 16:00:00+00:00,24.2305,43.0,4.0249224,Coimbatore
2025-02-11 17:00:00+00:00,22.780499,49.0,4.3349743,Coimbatore
2025-02-11 18:00:00+00:00,22.2305,52.0,4.73506,Coimbatore
2025-02-11 19:00:00+00:00,21.7305,57.0,5.7599998,Coimbatore
2025-02-11 20:00:00+00:00,21.1805,65.0,5.8048253,Coimbatore
2025-02-11 21:00:00+00:00,20.880499,74.0,5.8048253,Coimbatore
2025-02-11 22:00:00+00:00,20.7305,82.0,6.130579,Coimbatore
2025-02-11 23:00:00+00:00,20.7305,87.0,5.7599998,Coimbatore
2025-02-12 00:00:00+00:00,20.7305,87.0,5.0528407,Coimbatore
2025-02-12 01:00:00+00:00,20.7305,90.0,5.0528407,Coimbatore
2025-02-12 02:00:00+00:00,20.9805,89.0,4.452954,Coimbatore
2025-02-12 03:00:00+00:00,22.530499,82.0,7.2,Coimbatore
2025-02-12 04:00:00+00:00,24.530499,71.0,10.086427,Coimbatore
2025-02-12 05:00:00+00:00,26.8305,60.0,13.089354,Coimbatore
2025-02-12 06:00:00+00:00,29.130499,51.0,14.986553,Coimbatore
2025-02-12 07:00:00+00:00,31.030499,39.0,15.978484,Coimbatore
2025-02-12 08:00:00+00:00,32.6305,29.0,16.746773,Coimbatore
2025-02-12 09:00:00+00:00,33.330498,25.0,16.92383,Coimbatore
2025-02-12 10:00:00+00:00,33.5305,23.0,17.447933,Coimbatore
2025-02-12 11:00:00+00:00,33.1805,23.0,17.193533,Coimbatore
2025-02-12 12:00:00+00:00,32.580498,22.0,15.034041,Coimbatore
2025-02-12 13:00:00+00:00,30.280499,29.0,9.504273,Coimbatore
2025-02-12 14:00:00+00:00,27.9305,38.0,6.3690495,Coimbatore
2025-02-12 15:00:00+00:00,26.380499,45.0,4.6938257,Coimbatore
2025-02-12 16:00:00+00:00,25.6805,51.0,2.5455842,Coimbatore
2025-02-12 17:00:00+00:00,25.3305,56.0,2.5455842,Coimbatore
2025-02-12 18:00:00+00:00,23.530499,59.0,4.6938252,Coimbatore
2025-02-12 19:00:00+00:00,22.6805,66.0,4.802999,Coimbatore
2025-02-12 20:00:00+00:00,21.880499,72.0,4.829907,Coimbatore
2025-02-12 21:00:00+00:00,21.280499,77.0,4.510787,Coimbatore
2025-02-12 22:00:00+00:00,20.780499,80.0,4.0249224,Coimbatore
2025-02-12 23:00:00+00:00,20.1805,84.0,3.7064266,Coimbatore
2025-02-13 00:00:00+00:00,20.030499,84.0,3.8773184,Coimbatore
2025-02-13 01:00:00+00:00,19.4305,87.0,3.7064266,Coimbatore
2025-02-13 02:00:00+00:00,19.4805,86.0,3.5455887,Coimbatore
2025-02-13 03:00:00+00:00,22.880499,76.0,4.829907,Coimbatore
2025-02-13 04:00:00+00:00,25.4305,69.0,8.049845,Coimbatore
2025-02-13 05:00:00+00:00,28.030499,55.0,10.703569,Coimbatore
2025-02-13 06:00:00+00:00,30.630499,42.0,14.24163,Coimbatore
2025-02-13 07:00:00+00:00,32.7305,25.0,17.58481,Coimbatore
2025-02-13 08:00:00+00:00,33.9305,19.0,19.469975,Coimbatore
2025-02-13 09:00:00+00:00,34.4805,16.0,20.268991,Coimbatore
2025-02-13 10:00:00+00:00,34.4805,15.0,20.037485,Coimbatore
2025-02-13 11:00:00+00:00,33.9805,16.0,19.296133,Coimbatore
2025-02-13 12:00:00+00:00,33.080498,17.0,17.015474,Coimbatore
2025-02-13 13:00:00+00:00,30.8305,22.0,11.367109,Coimbatore
2025-02-13 14:00:00+00:00,28.3305,30.0,7.0911775,Coimbatore
2025-02-13 15:00:00+00:00,26.780499,38.0,5.154415,Coimbatore
2025-02-13 16:00:00+00:00,25.9305,43.0,4.379589,Coimbatore
2025-02-13 17:00:00+00:00,25.2305,44.0,3.396233,Coimbatore
2025-02-13 18:00:00+00:00,24.4805,45.0,4.0249224,Coimbatore
2025-02-13 19:00:00+00:00,22.9305,51.0,4.6938257,Coimbatore
2025-02-13 20:00:00+00:00,21.7305,56.0,4.3349743,Coimbatore
2025-02-13 21:00:00+00:00,20.6805,62.0,4.072935,Coimbatore
2025-02-13 22:00:00+00:00,19.530499,68.0,4.1046314,Coimbatore
2025-02-13 23:00:00+00:00,18.530499,73.0,4.1046314,Coimbatore
2025-02-14 00:00:00+00:00,18.530499,72.0,4.3349743,Coimbatore
2025-02-14 01:00:00+00:00,17.9305,73.0,4.3349743,Coimbatore
2025-02-14 02:00:00+00:00,18.280499,71.0,4.072935,Coimbatore
2025-02-14 03:00:00+00:00,22.9305,57.0,2.5455842,Coimbatore
2025-02-14 04:00:00+00:00,26.530499,48.0,6.0347,Coimbatore
2025-02-14 05:00:00+00:00,29.380499,38.0,8.759178,Coimbatore
2025-02-14 06:00:00+00:00,32.080498,26.0,14.345898,Coimbatore
2025-02-14 07:00:00+00:00,33.5305,20.0,18.214718,Coimbatore
2025-02-14 08:00:00+00:00,34.3805,18.0,19.353138,Coimbatore
2025-02-14 09:00:00+00:00,34.7805,16.0,19.694992,Coimbatore
2025-02-14 10:00:00+00:00,34.6805,15.0,19.386591,Coimbatore
2025-02-14 11:00:00+00:00,34.1305,15.0,18.35647,Coimbatore
2025-02-14 12:00:00+00:00,32.9305,17.0,15.546833,Coimbatore
2025-02-14 13:00:00+00:00,30.780499,21.0,10.182337,Coimbatore
2025-02-14 14:00:00+00:00,28.4805,27.0,3.6179552,Coimbatore
2025-02-14 15:00:00+00:00,26.030499,31.0,5.8603754,Coimbatore
2025-02-14 16:00:00+00:00,23.280499,51.0,5.1919937,Coimbatore
2025-02-14 17:00:00+00:00,22.4305,68.0,3.671294,Coimbatore
2025-02-14 18:00:00+00:00,22.2305,75.0,4.6800003,Coimbatore
2025-02-14 19:00:00+00:00,21.630499,73.0,4.198285,Coimbatore
2025-02-14 20:00:00+00:00,21.2305,71.0,3.8773184,Coimbatore
2025-02-14 21:00:00+00:00,20.280499,71.0,4.452954,Coimbatore
2025-02-14 22:00:00+00:00,19.130499,72.0,4.73506,Coimbatore
2025-02-14 23:00:00+00:00,18.3305,73.0,4.73506,Coimbatore
2025-02-15 00:00:00+00:00,18.4805,76.0,4.3349743,Coimbatore
2025-02-15 01:00:00+00:00,18.4805,76.0,4.1046314,Coimbatore
2025-02-15 02:00:00+00:00,18.8305,76.0,4.0249224,Coimbatore
2025-02-15 03:00:00+00:00,23.0805,65.0,2.5959969,Coimbatore
2025-02-15 04:00:00+00:00,26.630499,51.0,3.396233,Coimbatore
2025-02-15 05:00:00+00:00,29.030499,40.0,7.6367526,Coimbatore
2025-02-15 06:00:00+00:00,31.380499,33.0,11.879999,Coimbatore
2025-02-15 07:00:00+00:00,32.8805,29.0,14.471821,Coimbatore
2025-02-15 08:00:00+00:00,34.0305,24.0,16.676977,Coimbatore
2025-02-15 09:00:00+00:00,34.4805,22.0,18.455048,Coimbatore
2025-02-15 10:00:00+00:00,34.4805,23.0,20.150354,Coimbatore
2025-02-15 11:00:00+00:00,33.9305,24.0,20.523157,Coimbatore
2025-02-15 12:00:00+00:00,33.1305,25.0,18.079027,Coimbatore
2025-02-15 13:00:00+00:00,31.130499,27.0,12.57426,Coimbatore
2025-02-15 14:00:00+00:00,28.7305,34.0,7.968939,Coimbatore
2025-02-15 15:00:00+00:00,27.3305,40.0,5.1544156,Coimbatore
2025-02-15 16:00:00+00:00,26.630499,44.0,4.1046314,Coimbatore
2025-02-15 17:00:00+00:00,25.630499,47.0,3.671294,Coimbatore
2025-02-15 18:00:00+00:00,24.530499,51.0,5.506941,Coimbatore
2025-02-15 19:00:00+00:00,23.530499,57.0,6.379216,Coimbatore
2025-02-15 20:00:00+00:00,23.0805,62.0,6.0347,Coimbatore
2025-02-15 21:00:00+00:00,22.530499,65.0,5.815978,Coimbatore
2025-02-15 22:00:00+00:00,21.780499,69.0,5.154415,Coimbatore
2025-02-15 23:00:00+00:00,20.9305,73.0,5.0142193,Coimbatore
2025-02-16 00:00:00+00:00,20.780499,71.0,4.802999,Coimbatore
2025-02-16 01:00:00+00:00,20.2305,75.0,4.802999,Coimbatore
2025-02-16 02:00:00+00:00,20.4805,75.0,4.802999,Coimbatore
2025-02-16 03:00:00+00:00,23.880499,62.0,6.379216,Coimbatore
2025-02-16 04:00:00+00:00,26.4305,45.0,8.714677,Coimbatore
2025-02-16 05:00:00+00:00,28.5805,36.0,12.864649,Coimbatore
2025-02-16 06:00:00+00:00,30.4805,34.0,15.596767,Coimbatore
2025-02-16 07:00:00+00:00,31.8305,31.0,16.645864,Coimbatore
2025-02-16 08:00:00+00:00,32.9305,26.0,18.11841,Coimbatore
2025-02-16 09:00:00+00:00,33.6305,23.0,18.455048,Coimbatore
2025-02-16 10:00:00+00:00,33.830498,21.0,18.58451,Coimbatore
2025-02-16 11:00:00+00:00,33.4805,22.0,18.331741,Coimbatore
2025-02-16 12:00:00+00:00,32.7305,23.0,16.595179,Coimbatore
2025-02-16 13:00:00+00:00,30.630499,28.0,11.720751,Coimbatore
2025-02-16 14:00:00+00:00,28.380499,36.0,7.69592,Coimbatore
2025-02-16 15:00:00+00:00,27.1805,42.0,4.6800003,Coimbatore
2025-02-16 16:00:00+00:00,26.5805,45.0,5.1544156,Coimbatore
2025-02-16 17:00:00+00:00,25.130499,49.0,8.089993,Coimbatore
2025-02-16 18:00:00+00:00,24.0805,57.0,7.386582,Coimbatore
2025-02-16 19:00:00+00:00,23.1805,66.0,6.2145634,Coimbatore
2025-02-16 20:00:00+00:00,22.4805,72.0,6.130579,Coimbatore
2025-02-16 21:00:00+00:00,21.880499,77.0,5.4477882,Coimbatore
2025-02-16 22:00:00+00:00,21.1805,80.0,5.0911684,Coimbatore
2025-02-16 23:00:00+00:00,20.530499,82.0,4.73506,Coimbatore
2025-02-17 00:00:00+00:00,20.1805,82.0,5.1544156,Coimbatore
2025-02-17 01:00:00+00:00,19.630499,85.0,5.4477882,Coimbatore
2025-02-17 02:00:00+00:00,20.030499,86.0,5.4477882,Coimbatore
2025-02-17 03:00:00+00:00,21.9305,80.0,9.220499,Coimbatore
2025-02-17 04:00:00+00:00,23.9805,68.0,11.592894,Coimbatore
2025-02-17 05:00:00+00:00,26.0805,60.0,12.88981,Coimbatore
2025-02-17 06:00:00+00:00,28.380499,53.0,15.077082,Coimbatore
2025-02-17 07:00:00+00:00,30.4305,41.0,16.58346,Coimbatore
2025-02-17 08:00:00+00:00,31.9805,33.0,17.399586,Coimbatore
2025-02-17 09:00:00+00:00,32.9305,27.0,18.792551,Coimbatore
2025-02-17 10:00:00+00:00,33.330498,24.0,18.345877,Coimbatore
2025-02-17 11:00:00+00:00,33.080498,23.0,17.727943,Coimbatore
2025-02-17 12:00:00+00:00,31.9805,25.0,15.941944,Coimbatore
2025-02-17 13:00:00+00:00,29.780499,31.0,10.661107,Coimbatore
2025-02-17 14:00:00+00:00,27.5805,41.0,6.6185193,Coimbatore
2025-02-17 15:00:00+00:00,26.2305,50.0,4.8433046,Coimbatore
2025-02-17 16:00:00+00:00,25.2305,58.0,3.8773184,Coimbatore
2025-02-17 17:00:00+00:00,24.4305,63.0,4.39436,Coimbatore
2025-02-17 18:00:00+00:00,24.030499,63.0,4.452954,Coimbatore
2025-02-17 19:00:00+00:00,23.4805,67.0,4.379589,Coimbatore
2025-02-17 20:00:00+00:00,22.880499,71.0,4.3349743,Coimbatore
2025-02-17 21:00:00+00:00,22.3305,76.0,4.0249224,Coimbatore
2025-02-17 22:00:00+00:00,21.9805,79.0,3.2399998,Coimbatore
2025-02-17 23:00:00+00:00,21.4805,83.0,2.5455842,Coimbatore
2025-02-18 00:00:00+00:00,20.7305,88.0,2.968636,Coimbatore
2025-02-18 01:00:00+00:00,20.0805,93.0,3.2399998,Coimbatore
2025-02-18 02:00:00+00:00,20.2305,94.0,3.2399998,Coimbatore
2025-02-18 03:00:00+00:00,22.530499,82.0,6.1094027,Coimbatore
2025-02-18 04:00:00+00:00,24.9305,67.0,8.699793,Coimbatore
2025-02-18 05:00:00+00:00,26.9805,58.0,11.440979,Coimbatore
2025-02-18 06:00:00+00:00,29.4805,50.0,13.237039,Coimbatore
2025-02-18 07:00:00+00:00,31.2305,39.0,15.137133,Coimbatore
2025-02-18 08:00:00+00:00,32.6305,28.0,16.746773,Coimbatore
2025-02-18 09:00:00+00:00,33.330498,24.0,18.25026,Coimbatore
2025-02-18 10:00:00+00:00,33.4805,22.0,18.556595,Coimbatore
2025-02-18 11:00:00+00:00,33.0305,22.0,18.511143,Coimbatore
2025-02-18 12:00:00+00:00,32.1805,22.0,17.163355,Coimbatore
2025-02-18 13:00:00+00:00,30.0805,28.0,12.429127,Coimbatore
2025-02-18 14:00:00+00:00,27.8305,38.0,7.072878,Coimbatore
2025-02-18 15:00:00+00:00,26.380499,47.0,5.00128,Coimbatore
2025-02-18 16:00:00+00:00,25.4805,55.0,3.5455887,Coimbatore
2025-02-18 17:00:00+00:00,24.530499,61.0,3.7585104,Coimbatore
2025-02-18 18:00:00+00:00,24.130499,63.0,4.73506,Coimbatore
2025-02-18 19:00:00+00:00,23.280499,67.0,4.6938252,Coimbatore
2025-02-18 20:00:00+00:00,22.6805,69.0,4.73506,Coimbatore
2025-02-18 21:00:00+00:00,22.1805,72.0,4.379589,Coimbatore
2025-02-18 22:00:00+00:00,21.630499,74.0,4.0249224,Coimbatore
2025-02-18 23:00:00+00:00,21.030499,78.0,3.671294,Coimbatore
2025-02-19 00:00:00+00:00,20.9305,76.0,3.2599385,Coimbatore
2025-02-19 01:00:00+00:00,20.4305,79.0,3.2599385,Coimbatore
2025-02-19 02:00:00+00:00,20.5805,80.0,3.2599385,Coimbatore
2025-02-19 03:00:00+00:00,23.380499,73.0,4.39436,Coimbatore
2025-02-19 04:00:00+00:00,25.9805,65.0,6.439876,Coimbatore
2025-02-19 05:00:00+00:00,28.4305,55.0,8.427383,Coimbatore
2025-02-19 06:00:00+00:00,31.530499,38.0,11.113451,Coimbatore
2025-02-19 07:00:00+00:00,33.1805,30.0,12.904882,Coimbatore
2025-02-19 08:00:00+00:00,34.4305,24.0,13.708391,Coimbatore
2025-02-19 09:00:00+00:00,34.9805,21.0,14.707222,Coimbatore
2025-02-19 10:00:00+00:00,35.0305,21.0,15.034041,Coimbatore
2025-02-19 11:00:00+00:00,34.580498,22.0,15.683776,Coimbatore
2025-02-19 12:00:00+00:00,33.7805,21.0,14.044615,Coimbatore
2025-02-19 13:00:00+00:00,31.5805,26.0,8.287822,Coimbatore
2025-02-19 14:00:00+00:00,29.4305,33.0,2.4149535,Coimbatore
2025-02-19 15:00:00+00:00,26.130499,45.0,5.8603754,Coimbatore
2025-02-19 16:00:00+00:00,24.780499,62.0,5.1919937,Coimbatore
2025-02-19 17:00:00+00:00,23.9805,77.0,3.319036,Coimbatore
2025-02-19 18:00:00+00:00,23.0805,74.0,4.1046314,Coimbatore
2025-02-19 19:00:00+00:00,22.4305,73.0,4.1046314,Coimbatore
2025-02-19 20:00:00+00:00,22.4805,70.0,3.563818,Coimbatore
2025-02-19 21:00:00+00:00,22.2305,68.0,3.319036,Coimbatore
2025-02-19 22:00:00+00:00,21.880499,69.0,3.219938,Coimbatore
2025-02-19 23:00:00+00:00,21.530499,72.0,3.6179552,Coimbatore
2025-02-20 00:00:00+00:00,21.3305,74.0,4.32,Coimbatore
2025-02-20 01:00:00+00:00,20.880499,82.0,4.32,Coimbatore
2025-02-20 02:00:00+00:00,21.2305,86.0,3.9763298,Coimbatore
2025-02-20 03:00:00+00:00,23.630499,82.0,7.4128532,Coimbatore
2025-02-20 04:00:00+00:00,25.780499,72.0,8.404285,Coimbatore
2025-02-20 05:00:00+00:00,28.030499,60.0,10.086427,Coimbatore
2025-02-20 06:00:00+00:00,30.8305,46.0,13.450708,Coimbatore
2025-02-20 07:00:00+00:00,32.5305,35.0,16.071491,Coimbatore
2025-02-20 08:00:00+00:00,33.7305,29.0,17.462782,Coimbatore
2025-02-20 09:00:00+00:00,34.330498,26.0,18.0036,Coimbatore
2025-02-20 10:00:00+00:00,34.580498,23.0,17.873556,Coimbatore
2025-02-20 11:00:00+00:00,34.2305,23.0,17.771753,Coimbatore
2025-02-20 12:00:00+00:00,33.2305,23.0,15.986595,Coimbatore
2025-02-20 13:00:00+00:00,31.130499,27.0,11.367109,Coimbatore
2025-02-20 14:00:00+00:00,28.780499,35.0,6.9527545,Coimbatore
2025-02-20 15:00:00+00:00,27.5805,41.0,4.198285,Coimbatore
2025-02-20 16:00:00+00:00,27.0805,48.0,2.5455842,Coimbatore
2025-02-20 17:00:00+00:00,26.530499,53.0,2.3051248,Coimbatore
2025-02-20 18:00:00+00:00,25.1805,54.0,3.6,Coimbatore
2025-02-20 19:00:00+00:00,24.030499,61.0,4.379589,Coimbatore
2025-02-20 20:00:00+00:00,23.030499,66.0,4.379589,Coimbatore
2025-02-20 21:00:00+00:00,22.280499,71.0,3.9763298,Coimbatore
2025-02-20 22:00:00+00:00,21.630499,77.0,4.3349743,Coimbatore
2025-02-20 23:00:00+00:00,21.130499,83.0,4.68,Coimbatore
2025-02-21 00:00:00+00:00,21.0805,84.0,5.1544156,Coimbatore
2025-02-21 01:00:00+00:00,20.6805,90.0,5.506941,Coimbatore
2025-02-21 02:00:00+00:00,21.1805,89.0,4.896529,Coimbatore
2025-02-21 03:00:00+00:00,23.280499,79.0,8.209263,Coimbatore
2025-02-21 04:00:00+00:00,25.280499,67.0,9.585739,Coimbatore
2025-02-21 05:00:00+00:00,27.280499,59.0,11.923557,Coimbatore
2025-02-21 06:00:00+00:00,29.630499,53.0,12.287555,Coimbatore
2025-02-21 07:00:00+00:00,31.630499,42.0,13.70839,Coimbatore
2025-02-21 08:00:00+00:00,33.2805,33.0,15.137133,Coimbatore
2025-02-21 09:00:00+00:00,34.1805,28.0,17.193533,Coimbatore
2025-02-21 10:00:00+00:00,34.4805,26.0,17.309973,Coimbatore
2025-02-21 11:00:00+00:00,34.1805,25.0,17.462782,Coimbatore
2025-02-21 12:00:00+00:00,33.830498,24.0,16.343367,Coimbatore
2025-02-21 13:00:00+00:00,31.7305,29.0,11.252519,Coimbatore
2025-02-21 14:00:00+00:00,29.3305,39.0,7.172949,Coimbatore
2025-02-21 15:00:00+00:00,28.0805,50.0,6.162207,Coimbatore
2025-02-21 16:00:00+00:00,27.4305,58.0,6.5693827,Coimbatore
2025-02-21 17:00:00+00:00,26.9305,59.0,7.208994,Coimbatore
2025-02-21 18:00:00+00:00,26.380499,60.0,6.297428,Coimbatore
2025-02-21 19:00:00+00:00,25.780499,63.0,6.9527545,Coimbatore
2025-02-21 20:00:00+00:00,24.9305,67.0,5.904439,Coimbatore
2025-02-21 21:00:00+00:00,23.9305,74.0,5.904439,Coimbatore
2025-02-21 22:00:00+00:00,23.030499,81.0,6.12,Coimbatore
2025-02-21 23:00:00+00:00,22.4805,86.0,5.815978,Coimbatore
2025-02-22 00:00:00+00:00,22.1805,87.0,5.3517847,Coimbatore
2025-02-22 01:00:00+00:00,21.880499,88.0,5.0142193,Coimbatore
2025-02-22 02:00:00+00:00,22.130499,85.0,5.315336,Coimbatore
2025-02-22 03:00:00+00:00,23.4305,77.0,8.14587,Coimbatore
2025-02-22 04:00:00+00:00,25.630499,64.0,10.195057,Coimbatore
2025-02-22 05:00:00+00:00,27.5805,58.0,11.966954,Coimbatore
2025-02-22 06:00:00+00:00,29.6805,49.0,13.397612,Coimbatore
2025-02-22 07:00:00+00:00,31.5805,40.0,15.175612,Coimbatore
2025-02-22 08:00:00+00:00,33.080498,32.0,17.309973,Coimbatore
2025-02-22 09:00:00+00:00,33.8805,28.0,18.511143,Coimbatore
2025-02-22 10:00:00+00:00,33.9805,27.0,17.873556,Coimbatore
2025-02-22 11:00:00+00:00,33.4805,27.0,17.727943,Coimbatore
2025-02-22 12:00:00+00:00,32.8805,29.0,15.379206,Coimbatore
2025-02-22 13:00:00+00:00,31.380499,33.0,11.792404,Coimbatore
2025-02-22 14:00:00+00:00,29.6805,38.0,7.771331,Coimbatore
2025-02-22 15:00:00+00:00,28.1805,45.0,4.73506,Coimbatore
2025-02-22 16:00:00+00:00,27.380499,51.0,2.8799999,Coimbatore
2025-02-22 17:00:00+00:00,25.780499,60.0,2.7416782,Coimbatore
2025-02-22 18:00:00+00:00,26.3305,58.0,3.9763298,Coimbatore
2025-02-22 19:00:00+00:00,25.630499,62.0,3.396233,Coimbatore
2025-02-22 20:00:00+00:00,24.880499,66.0,3.319036,Coimbatore
2025-02-22 21:00:00+00:00,24.130499,69.0,3.6179552,Coimbatore
2025-02-22 22:00:00+00:00,23.4805,72.0,3.6,Coimbatore
2025-02-22 23:00:00+00:00,22.8305,75.0,3.9763298,Coimbatore
2025-02-23 00:00:00+00:00,22.4305,81.0,4.379589,Coimbatore
2025-02-23 01:00:00+00:00,21.9305,84.0,3.6,Coimbatore
2025-02-23 02:00:00+00:00,22.2305,84.0,3.319036,Coimbatore
2025-02-23 03:00:00+00:00,24.780499,74.0,6.489992,Coimbatore
2025-02-23 04:00:00+00:00,26.880499,67.0,8.714677,Coimbatore
2025-02-23 05:00:00+00:00,29.030499,55.0,11.384198,Coimbatore
2025-02-23 06:00:00+00:00,31.7305,38.0,14.48972,Coimbatore
2025-02-23 07:00:00+00:00,33.2805,30.0,17.654688,Coimbatore
2025-02-23 08:00:00+00:00,34.4805,26.0,20.056877,Coimbatore
2025-02-23 09:00:00+00:00,34.9305,24.0,22.26477,Coimbatore
2025-02-23 10:00:00+00:00,34.7805,22.0,24.40046,Coimbatore
2025-02-23 11:00:00+00:00,34.2305,22.0,23.4,Coimbatore
2025-02-23 12:00:00+00:00,33.2805,25.0,19.523155,Coimbatore
2025-02-23 13:00:00+00:00,31.630499,31.0,14.145756,Coimbatore
2025-02-23 14:00:00+00:00,30.030499,38.0,9.779817,Coimbatore
2025-02-23 15:00:00+00:00,29.130499,43.0,13.556282,Coimbatore
2025-02-23 16:00:00+00:00,28.0805,44.0,13.202726,Coimbatore
2025-02-23 17:00:00+00:00,26.630499,52.0,8.4042845,Coimbatore
2025-02-23 18:00:00+00:00,25.8305,57.0,6.489992,Coimbatore
2025-02-23 19:00:00+00:00,24.7305,65.0,5.634891,Coimbatore
2025-02-23 20:00:00+00:00,23.880499,71.0,5.1544156,Coimbatore
2025-02-23 21:00:00+00:00,23.2305,77.0,5.771239,Coimbatore
2025-02-23 22:00:00+00:00,22.9305,80.0,5.8048253,Coimbatore
2025-02-23 23:00:00+00:00,22.5805,82.0,5.506941,Coimbatore
2025-02-24 00:00:00+00:00,22.130499,80.0,5.3517847,Coimbatore
2025-02-24 01:00:00+00:00,21.630499,83.0,5.0142193,Coimbatore
2025-02-24 02:00:00+00:00,21.9805,82.0,4.6800003,Coimbatore
2025-02-24 03:00:00+00:00,23.9305,71.0,7.386582,Coimbatore
2025-02-24 04:00:00+00:00,26.030499,63.0,9.673221,Coimbatore
2025-02-24 05:00:00+00:00,28.280499,57.0,13.493999,Coimbatore
2025-02-24 06:00:00+00:00,30.9805,39.0,18.678415,Coimbatore
2025-02-24 07:00:00+00:00,32.4805,30.0,21.42227,Coimbatore
2025-02-24 08:00:00+00:00,33.3805,24.0,22.218153,Coimbatore
2025-02-24 09:00:00+00:00,33.7805,21.0,21.2522,Coimbatore
2025-02-24 10:00:00+00:00,33.6305,23.0,20.46941,Coimbatore
2025-02-24 11:00:00+00:00,32.9805,26.0,19.592731,Coimbatore
2025-02-24 12:00:00+00:00,32.4805,25.0,15.484185,Coimbatore
2025-02-24 13:00:00+00:00,30.7305,32.0,10.365251,Coimbatore
2025-02-24 14:00:00+00:00,29.130499,35.0,7.6367526,Coimbatore
2025-02-24 15:00:00+00:00,28.030499,35.0,9.746631,Coimbatore
2025-02-24 16:00:00+00:00,26.780499,43.0,9.746631,Coimbatore
2025-02-24 17:00:00+00:00,26.030499,50.0,9.726665,Coimbatore
2025-02-24 18:00:00+00:00,25.630499,55.0,8.049845,Coimbatore
2025-02-24 19:00:00+00:00,24.6805,63.0,6.9247384,Coimbatore
2025-02-24 20:00:00+00:00,23.8305,71.0,5.904439,Coimbatore
2025-02-24 21:00:00+00:00,23.280499,77.0,5.1165614,Coimbatore
2025-02-24 22:00:00+00:00,22.7305,82.0,3.8268526,Coimbatore
2025-02-24 23:00:00+00:00,22.1805,87.0,2.968636,Coimbatore
2025-02-25 00:00:00+00:00,21.6805,90.0,4.1046314,Coimbatore
2025-02-25 01:00:00+00:00,21.3305,91.0,3.7064266,Coimbatore
2025-02-25 02:00:00+00:00,21.4805,91.0,2.5959969,Coimbatore
2025-02-25 03:00:00+00:00,23.3305,79.0,5.1165614,Coimbatore
2025-02-25 04:00:00+00:00,25.6805,69.0,7.145796,Coimbatore
2025-02-25 05:00:00+00:00,28.4805,48.0,14.291592,Coimbatore
2025-02-25 06:00:00+00:00,30.1805,40.0,17.555307,Coimbatore
2025-02-25 07:00:00+00:00,31.630499,32.0,18.837322,Coimbatore
2025-02-25 08:00:00+00:00,32.5305,28.0,19.191748,Coimbatore
2025-02-25 09:00:00+00:00,32.9805,28.0,17.595861,Coimbatore
2025-02-25 10:00:00+00:00,33.1305,29.0,16.870138,Coimbatore
2025-02-25 11:00:00+00:00,32.7305,31.0,15.986593,Coimbatore
2025-02-25 12:00:00+00:00,31.130499,38.0,14.77755,Coimbatore
2025-02-25 13:00:00+00:00,29.780499,44.0,11.91812,Coimbatore
2025-02-25 14:00:00+00:00,28.3305,50.0,7.9526596,Coimbatore
2025-02-25 15:00:00+00:00,27.380499,56.0,11.252519,Coimbatore
2025-02-25 16:00:00+00:00,26.9305,60.0,11.013882,Coimbatore
2025-02-25 17:00:00+00:00,26.2305,64.0,12.015589,Coimbatore
2025-02-25 18:00:00+00:00,25.9305,64.0,11.570515,Coimbatore
2025-02-25 19:00:00+00:00,25.2305,67.0,9.3669195,Coimbatore
2025-02-25 20:00:00+00:00,24.530499,69.0,7.2805495,Coimbatore
2025-02-25 21:00:00+00:00,23.8305,73.0,4.8965297,Coimbatore
2025-02-25 22:00:00+00:00,23.1805,77.0,3.5455887,Coimbatore
2025-02-25 23:00:00+00:00,22.5805,80.0,3.0758414,Coimbatore
2025-02-26 00:00:00+00:00,22.380499,81.0,3.5455887,Coimbatore
2025-02-26 01:00:00+00:00,21.8305,84.0,3.219938,Coimbatore
2025-02-26 02:00:00+00:00,22.0805,83.0,2.8116899,Coimbatore
2025-02-26 03:00:00+00:00,24.3305,73.0,6.193674,Coimbatore
2025-02-26 04:00:00+00:00,26.5805,65.0,11.457958,Coimbatore
2025-02-26 05:00:00+00:00,28.7305,49.0,16.323528,Coimbatore
2025-02-26 06:00:00+00:00,30.6805,42.0,19.083395,Coimbatore
2025-02-26 07:00:00+00:00,32.0305,37.0,20.94507,Coimbatore
2025-02-26 08:00:00+00:00,32.6805,34.0,21.659916,Coimbatore
2025-02-26 09:00:00+00:00,32.9805,34.0,19.826164,Coimbatore
2025-02-26 10:00:00+00:00,33.3805,34.0,19.272614,Coimbatore
2025-02-26 11:00:00+00:00,33.0305,35.0,19.191748,Coimbatore
2025-02-26 12:00:00+00:00,32.330498,36.0,16.171976,Coimbatore
2025-02-26 13:00:00+00:00,30.9805,40.0,13.397612,Coimbatore
2025-02-26 14:00:00+00:00,29.630499,46.0,11.367109,Coimbatore
2025-02-26 15:00:00+00:00,28.630499,51.0,12.661564,Coimbatore
2025-02-26 16:00:00+00:00,27.8305,57.0,12.849528,Coimbatore
2025-02-26 17:00:00+00:00,27.0805,60.0,13.849476,Coimbatore
2025-02-26 18:00:00+00:00,26.380499,62.0,13.797912,Coimbatore
2025-02-26 19:00:00+00:00,25.4305,64.0,10.805999,Coimbatore
2025-02-26 20:00:00+00:00,24.4805,66.0,7.69592,Coimbatore
2025-02-26 21:00:00+00:00,23.530499,70.0,5.495161,Coimbatore
2025-02-26 22:00:00+00:00,22.7305,74.0,4.1046314,Coimbatore
2025-02-26 23:00:00+00:00,21.9805,78.0,3.6,Coimbatore
2025-02-27 00:00:00+00:00,21.5805,78.0,3.6,Coimbatore
2025-02-27 01:00:00+00:00,20.9305,83.0,3.219938,Coimbatore
2025-02-27 02:00:00+00:00,21.030499,83.0,2.7416782,Coimbatore
2025-02-27 03:00:00+00:00,23.530499,73.0,5.3517847,Coimbatore
2025-02-27 04:00:00+00:00,26.0805,65.0,9.449572,Coimbatore
2025-02-27 05:00:00+00:00,29.030499,39.0,16.29174,Coimbatore
2025-02-27 06:00:00+00:00,30.9305,33.0,17.49615,Coimbatore
2025-02-27 07:00:00+00:00,32.330498,28.0,19.201874,Coimbatore
2025-02-27 08:00:00+00:00,33.330498,26.0,19.164717,Coimbatore
2025-02-27 09:00:00+00:00,33.9805,25.0,18.837322,Coimbatore
2025-02-27 10:00:00+00:00,34.1305,24.0,18.388212,Coimbatore
2025-02-27 11:00:00+00:00,33.6305,26.0,17.992796,Coimbatore
2025-02-27 12:00:00+00:00,32.4805,29.0,16.965895,Coimbatore
2025-02-27 13:00:00+00:00,30.7305,37.0,12.313893,Coimbatore
2025-02-27 14:00:00+00:00,29.0805,44.0,6.5693827,Coimbatore
2025-02-27 15:00:00+00:00,28.1805,47.0,6.849467,Coimbatore
2025-02-27 16:00:00+00:00,27.4305,49.0,10.440001,Coimbatore
2025-02-27 17:00:00+00:00,26.530499,55.0,9.114471,Coimbatore
2025-02-27 18:00:00+00:00,25.9805,61.0,9.255571,Coimbatore
2025-02-27 19:00:00+00:00,24.880499,69.0,6.6185193,Coimbatore
2025-02-27 20:00:00+00:00,23.9805,76.0,5.1919937,Coimbatore
2025-02-27 21:00:00+00:00,23.1805,81.0,4.1046314,Coimbatore
2025-02-27 22:00:00+00:00,22.530499,86.0,3.4152596,Coimbatore
2025-02-27 23:00:00+00:00,21.9305,90.0,3.0758414,Coimbatore
2025-02-28 00:00:00+00:00,21.880499,91.0,3.2399998,Coimbatore
2025-02-28 01:00:00+00:00,21.380499,92.0,3.2399998,Coimbatore
2025-02-28 02:00:00+00:00,21.6805,91.0,2.5455842,Coimbatore
2025-02-28 03:00:00+00:00,23.7305,81.0,5.1165614,Coimbatore
2025-02-28 04:00:00+00:00,26.0805,68.0,8.913181,Coimbatore
2025-02-28 05:00:00+00:00,28.530499,51.0,14.565548,Coimbatore
2025-02-28 06:00:00+00:00,30.6805,40.0,15.629971,Coimbatore
2025-02-28 07:00:00+00:00,32.0305,36.0,17.595861,Coimbatore
2025-02-28 08:00:00+00:00,32.7805,34.0,18.218275,Coimbatore
2025-02-28 09:00:00+00:00,33.2805,34.0,17.906157,Coimbatore
2025-02-28 10:00:00+00:00,33.4305,34.0,17.709658,Coimbatore
2025-02-28 11:00:00+00:00,32.8805,37.0,16.62249,Coimbatore
2025-02-28 12:00:00+00:00,32.3805,39.0,16.981165,Coimbatore
2025-02-28 13:00:00+00:00,30.630499,45.0,15.328561,Coimbatore
2025-02-28 14:00:00+00:00,28.630499,58.0,15.141414,Coimbatore
2025-02-28 15:00:00+00:00,27.780499,64.0,11.966954,Coimbatore
2025-02-28 16:00:00+00:00,27.0805,67.0,11.966953,Coimbatore
2025-02-28 17:00:00+00:00,26.1805,73.0,11.901798,Coimbatore
2025-02-28 18:00:00+00:00,26.0805,76.0,12.57426,Coimbatore
2025-02-28 19:00:00+00:00,25.030499,80.0,12.303366,Coimbatore
2025-02-28 20:00:00+00:00,24.130499,84.0,10.966713,Coimbatore
2025-02-28 21:00:00+00:00,23.530499,87.0,9.339208,Coimbatore
2025-02-28 22:00:00+00:00,23.2305,87.0,8.587338,Coimbatore
2025-02-28 23:00:00+00:00,22.880499,89.0,8.4963045,Coimbatore
2025-03-01 00:00:00+00:00,22.9805,89.0,7.9932966,Coimbatore
2025-03-01 01:00:00+00:00,22.6805,90.0,6.763786,Coimbatore
2025-03-01 02:00:00+00:00,22.6805,90.0,6.6087217,Coimbatore
2025-03-01 03:00:00+00:00,23.030499,89.0,7.2,Coimbatore
2025-03-01 04:00:00+00:00,23.9805,84.0,7.928177,Coimbatore
2025-03-01 05:00:00+00:00,25.130499,79.0,10.383987,Coimbatore
2025-03-01 06:00:00+00:00,27.4305,67.0,13.746156,Coimbatore
2025-03-01 07:00:00+00:00,29.280499,59.0,16.595179,Coimbatore
2025-03-01 08:00:00+00:00,31.030499,51.0,16.641972,Coimbatore
2025-03-01 09:00:00+00:00,31.9805,46.0,16.87398,Coimbatore
2025-03-01 10:00:00+00:00,32.4305,44.0,16.267857,Coimbatore
2025-03-01 11:00:00+00:00,32.0305,45.0,16.516901,Coimbatore
2025-03-01 12:00:00+00:00,31.4805,47.0,13.661038,Coimbatore
2025-03-01 13:00:00+00:00,30.3305,51.0,11.874544,Coimbatore
2025-03-01 14:00:00+00:00,29.130499,57.0,7.771331,Coimbatore
2025-03-01 15:00:00+00:00,28.3305,61.0,6.489992,Coimbatore
2025-03-01 16:00:00+00:00,27.780499,64.0,7.42159,Coimbatore
2025-03-01 17:00:00+00:00,26.880499,70.0,9.826088,Coimbatore
2025-03-01 18:00:00+00:00,26.7305,74.0,10.239453,Coimbatore
2025-03-01 19:00:00+00:00,25.9805,77.0,8.404285,Coimbatore
2025-03-01 20:00:00+00:00,25.2305,80.0,8.669949,Coimbatore
2025-03-01 21:00:00+00:00,24.780499,82.0,10.495713,Coimbatore
2025-03-01 22:00:00+00:00,24.030499,86.0,10.383987,Coimbatore
2025-03-01 23:00:00+00:00,23.780499,87.0,8.217153,Coimbatore
2025-03-02 00:00:00+00:00,24.030499,83.0,10.365251,Coimbatore
2025-03-02 01:00:00+00:00,23.780499,85.0,8.427383,Coimbatore
2025-03-02 02:00:00+00:00,23.9305,85.0,8.427383,Coimbatore
2025-03-02 03:00:00+00:00,24.9305,79.0,11.874544,Coimbatore
2025-03-02 04:00:00+00:00,26.5805,69.0,14.118243,Coimbatore
2025-03-02 05:00:00+00:00,28.3305,60.0,14.81259,Coimbatore
2025-03-02 06:00:00+00:00,30.1805,53.0,13.779114,Coimbatore
2025-03-02 07:00:00+00:00,31.7305,45.0,13.849477,Coimbatore
2025-03-02 08:00:00+00:00,33.0305,37.0,13.53236,Coimbatore
2025-03-02 09:00:00+00:00,33.830498,34.0,14.081477,Coimbatore
2025-03-02 10:00:00+00:00,34.080498,34.0,14.186923,Coimbatore
2025-03-02 11:00:00+00:00,33.9305,34.0,13.0447235,Coimbatore
2025-03-02 12:00:00+00:00,33.5305,34.0,12.72283,Coimbatore
2025-03-02 13:00:00+00:00,32.2305,38.0,6.28713,Coimbatore
2025-03-02 14:00:00+00:00,30.4805,45.0,6.4096174,Coimbatore
2025-03-02 15:00:00+00:00,28.130499,65.0,10.685391,Coimbatore
2025-03-02 16:00:00+00:00,26.780499,73.0,8.942214,Coimbatore
2025-03-02 17:00:00+00:00,25.9805,76.0,8.404285,Coimbatore
2025-03-02 18:00:00+00:00,26.3305,77.0,8.14587,Coimbatore
2025-03-02 19:00:00+00:00,25.780499,80.0,7.127636,Coimbatore
2025-03-02 20:00:00+00:00,25.4805,81.0,3.671294,Coimbatore
2025-03-02 21:00:00+00:00,24.9805,77.0,5.2416787,Coimbatore
2025-03-02 22:00:00+00:00,24.1805,73.0,8.350138,Coimbatore
2025-03-02 23:00:00+00:00,23.7305,76.0,4.32,Coimbatore
2025-03-03 00:00:00+00:00,23.7305,81.0,4.452954,Coimbatore
2025-03-03 01:00:00+00:00,23.5805,83.0,3.2599385,Coimbatore
2025-03-03 02:00:00+00:00,23.880499,83.0,3.319036,Coimbatore
2025-03-03 03:00:00+00:00,24.9805,79.0,6.989936,Coimbatore
2025-03-03 04:00:00+00:00,26.7305,71.0,8.942214,Coimbatore
2025-03-03 05:00:00+00:00,28.630499,61.0,11.113451,Coimbatore
2025-03-03 06:00:00+00:00,30.530499,53.0,15.716793,Coimbatore
2025-03-03 07:00:00+00:00,31.880499,46.0,16.92383,Coimbatore
2025-03-03 08:00:00+00:00,33.1805,40.0,17.068707,Coimbatore
2025-03-03 09:00:00+00:00,34.1805,36.0,17.555307,Coimbatore
2025-03-03 10:00:00+00:00,34.4805,31.0,18.331741,Coimbatore
2025-03-03 11:00:00+00:00,33.7805,31.0,18.782204,Coimbatore
2025-03-03 12:00:00+00:00,33.0305,31.0,16.327497,Coimbatore
2025-03-03 13:00:00+00:00,31.630499,34.0,11.090103,Coimbatore
2025-03-03 14:00:00+00:00,29.9305,43.0,5.1919937,Coimbatore
2025-03-03 15:00:00+00:00,29.380499,47.0,1.8,Coimbatore
2025-03-03 16:00:00+00:00,28.530499,50.0,3.6179552,Coimbatore
2025-03-03 17:00:00+00:00,26.1805,59.0,4.198285,Coimbatore
2025-03-03 18:00:00+00:00,26.130499,63.0,1.609969,Coimbatore
2025-03-03 19:00:00+00:00,27.030499,58.0,2.7416782,Coimbatore
2025-03-03 20:00:00+00:00,26.1805,61.0,4.5536795,Coimbatore
2025-03-03 21:00:00+00:00,25.6805,67.0,4.379589,Coimbatore
2025-03-03 22:00:00+00:00,25.2305,72.0,4.3349743,Coimbatore
2025-03-03 23:00:00+00:00,24.780499,76.0,3.2599385,Coimbatore
2025-03-04 00:00:00+00:00,24.6805,76.0,1.484318,Coimbatore
2025-03-04 01:00:00+00:00,24.4305,79.0,2.0991426,Coimbatore
2025-03-04 02:00:00+00:00,24.4805,81.0,2.2768397,Coimbatore
2025-03-04 03:00:00+00:00,25.9805,79.0,4.8965297,Coimbatore
2025-03-04 04:00:00+00:00,28.130499,68.0,6.638072,Coimbatore
2025-03-04 05:00:00+00:00,30.130499,60.0,10.1887,Coimbatore
2025-03-04 06:00:00+00:00,32.5305,45.0,15.1884165,Coimbatore
2025-03-04 07:00:00+00:00,34.2305,33.0,18.532133,Coimbatore
2025-03-04 08:00:00+00:00,35.3805,26.0,21.575987,Coimbatore
2025-03-04 09:00:00+00:00,35.3805,22.0,21.900904,Coimbatore
2025-03-04 10:00:00+00:00,34.7805,23.0,20.393293,Coimbatore
2025-03-04 11:00:00+00:00,34.580498,24.0,19.242327,Coimbatore
2025-03-04 12:00:00+00:00,33.830498,29.0,18.430452,Coimbatore
2025-03-04 13:00:00+00:00,32.2805,33.0,13.084402,Coimbatore
2025-03-04 14:00:00+00:00,30.630499,39.0,8.049845,Coimbatore
2025-03-04 15:00:00+00:00,29.5805,39.0,9.422101,Coimbatore
2025-03-04 16:00:00+00:00,28.280499,36.0,8.669949,Coimbatore
2025-03-04 17:00:00+00:00,27.030499,40.0,6.763786,Coimbatore
2025-03-04 18:00:00+00:00,25.9805,45.0,5.937272,Coimbatore
2025-03-04 19:00:00+00:00,25.3305,51.0,5.771239,Coimbatore
2025-03-04 20:00:00+00:00,24.780499,57.0,5.0911684,Coimbatore
2025-03-04 21:00:00+00:00,24.130499,60.0,4.5536795,Coimbatore
2025-03-04 22:00:00+00:00,23.3305,64.0,3.7064266,Coimbatore
2025-03-04 23:00:00+00:00,22.630499,68.0,3.396233,Coimbatore
2025-03-05 00:00:00+00:00,22.4305,64.0,3.096837,Coimbatore
2025-03-05 01:00:00+00:00,22.280499,65.0,3.0547013,Coimbatore
2025-03-05 02:00:00+00:00,22.4305,66.0,2.968636,Coimbatore
2025-03-05 03:00:00+00:00,25.3305,59.0,0.35999998,Coimbatore
2025-03-05 04:00:00+00:00,28.5805,50.0,3.6179552,Coimbatore
2025-03-05 05:00:00+00:00,30.880499,41.0,6.830519,Coimbatore
2025-03-05 06:00:00+00:00,32.830498,31.0,9.793059,Coimbatore
2025-03-05 07:00:00+00:00,34.2805,25.0,12.245293,Coimbatore
2025-03-05 08:00:00+00:00,35.6805,21.0,14.81259,Coimbatore
2025-03-05 09:00:00+00:00,36.1805,20.0,16.58346,Coimbatore
2025-03-05 10:00:00+00:00,36.1305,20.0,17.238699,Coimbatore
2025-03-05 11:00:00+00:00,35.6805,21.0,16.610792,Coimbatore
2025-03-05 12:00:00+00:00,34.830498,22.0,14.707222,Coimbatore
2025-03-05 13:00:00+00:00,33.1305,24.0,10.703569,Coimbatore
2025-03-05 14:00:00+00:00,30.8305,29.0,7.289444,Coimbatore
2025-03-05 15:00:00+00:00,29.2305,35.0,6.618519,Coimbatore
2025-03-05 16:00:00+00:00,27.5805,56.0,9.83268,Coimbatore
2025-03-05 17:00:00+00:00,26.4805,72.0,7.2,Coimbatore
2025-03-05 18:00:00+00:00,25.9305,77.0,8.049845,Coimbatore
2025-03-05 19:00:00+00:00,25.5805,79.0,6.9247384,Coimbatore
2025-03-05 20:00:00+00:00,25.130499,82.0,5.3517847,Coimbatore
2025-03-05 21:00:00+00:00,24.4305,86.0,5.3999996,Coimbatore
2025-03-05 22:00:00+00:00,23.5805,88.0,5.8048253,Coimbatore
2025-03-05 23:00:00+00:00,22.9805,85.0,5.6920996,Coimbatore
2025-03-06 00:00:00+00:00,23.130499,83.0,6.763786,Coimbatore
2025-03-06 01:00:00+00:00,22.9305,79.0,5.6920996,Coimbatore
2025-03-06 02:00:00+00:00,23.3305,74.0,4.379589,Coimbatore
2025-03-06 03:00:00+00:00,27.030499,58.0,4.6938257,Coimbatore
2025-03-06 04:00:00+00:00,29.5805,51.0,5.00128,Coimbatore
2025-03-06 05:00:00+00:00,32.1305,42.0,5.8048253,Coimbatore
2025-03-06 06:00:00+00:00,34.2305,32.0,9.904906,Coimbatore
2025-03-06 07:00:00+00:00,35.080498,29.0,12.324414,Coimbatore
2025-03-06 08:00:00+00:00,36.0305,26.0,14.689589,Coimbatore
2025-03-06 09:00:00+00:00,36.330498,24.0,15.827721,Coimbatore
2025-03-06 10:00:00+00:00,36.2305,23.0,16.981165,Coimbatore
2025-03-06 11:00:00+00:00,35.6305,25.0,16.78156,Coimbatore
2025-03-06 12:00:00+00:00,34.9805,25.0,13.450708,Coimbatore
2025-03-06 13:00:00+00:00,33.3805,27.0,9.0645685,Coimbatore
2025-03-06 14:00:00+00:00,31.530499,32.0,2.9024127,Coimbatore
2025-03-06 15:00:00+00:00,28.8305,47.0,7.145796,Coimbatore
2025-03-06 16:00:00+00:00,27.6805,68.0,8.669949,Coimbatore
2025-03-06 17:00:00+00:00,26.780499,79.0,9.021574,Coimbatore
2025-03-06 18:00:00+00:00,25.9305,83.0,4.3349743,Coimbatore
2025-03-06 19:00:00+00:00,25.280499,86.0,4.3498964,Coimbatore
2025-03-06 20:00:00+00:00,24.4805,86.0,3.6,Coimbatore
2025-03-06 21:00:00+00:00,23.7305,88.0,2.52,Coimbatore
2025-03-06 22:00:00+00:00,22.9305,91.0,2.9024127,Coimbatore
2025-03-06 23:00:00+00:00,22.630499,90.0,2.8799999,Coimbatore
2025-03-07 00:00:00+00:00,22.530499,81.0,3.396233,Coimbatore
2025-03-07 01:00:00+00:00,22.1805,78.0,3.096837,Coimbatore
2025-03-07 02:00:00+00:00,22.880499,71.0,3.219938,Coimbatore
2025-03-07 03:00:00+00:00,26.530499,53.0,1.835647,Coimbatore
2025-03-07 04:00:00+00:00,29.130499,47.0,5.991594,Coimbatore
2025-03-07 05:00:00+00:00,31.2305,41.0,5.2416787,Coimbatore
2025-03-07 06:00:00+00:00,33.080498,36.0,8.905908,Coimbatore
2025-03-07 07:00:00+00:00,34.4805,34.0,8.759178,Coimbatore
2025-03-07 08:00:00+00:00,35.580498,30.0,7.5942073,Coimbatore
2025-03-07 09:00:00+00:00,36.2805,27.0,8.311245,Coimbatore
2025-03-07 10:00:00+00:00,36.4805,23.0,9.605998,Coimbatore
2025-03-07 11:00:00+00:00,36.1805,20.0,10.105681,Coimbatore
2025-03-07 12:00:00+00:00,35.330498,19.0,10.538843,Coimbatore
2025-03-07 13:00:00+00:00,32.1305,38.0,13.281023,Coimbatore
2025-03-07 14:00:00+00:00,28.2305,72.0,14.799459,Coimbatore
2025-03-07 15:00:00+00:00,27.5805,70.0,12.181624,Coimbatore
2025-03-07 16:00:00+00:00,26.9305,74.0,11.480557,Coimbatore
2025-03-07 17:00:00+00:00,26.4305,75.0,11.480557,Coimbatore
2025-03-07 18:00:00+00:00,25.780499,79.0,10.514218,Coimbatore
2025-03-07 19:00:00+00:00,25.1805,84.0,8.699793,Coimbatore
2025-03-07 20:00:00+00:00,24.6805,86.0,5.692099,Coimbatore
2025-03-07 21:00:00+00:00,24.2305,88.0,1.5273507,Coimbatore
2025-03-07 22:00:00+00:00,24.030499,88.0,2.8799999,Coimbatore
2025-03-07 23:00:00+00:00,23.7305,85.0,3.2599385,Coimbatore
